latitude_standardized,longitude_standardized,dataset_source,event_date,event_date_standardized,event_year,event_month,usable_event_date,usable_event_year,usable_event_month,temporal_data_type
27.478,88.527,India_Media_Catalog,7/1/2009 5:40,2009-07-01 05:40:00,,,2009-07-01 05:40:00,,,EXACT_DATE
25.3098633,94.48214677,India_Media_Catalog,7/29/2010 23:00,2010-07-29 23:00:00,,,2010-07-29 23:00:00,,,EXACT_DATE
27.8385,88.556,India_Media_Catalog,9/19/2012 0:00,2012-09-19 00:00:00,,,2012-09-19 00:00:00,,,EXACT_DATE
27.6558,88.605,India_Media_Catalog,9/19/2012 0:00,2012-09-19 00:00:00,,,2012-09-19 00:00:00,,,EXACT_DATE
25.7658,93.9413,India_Media_Catalog,7/17/2013 0:00,2013-07-17 00:00:00,,,2013-07-17 00:00:00,,,EXACT_DATE
25.7131,94.0885,India_Media_Catalog,7/17/2013 0:00,2013-07-17 00:00:00,,,2013-07-17 00:00:00,,,EXACT_DATE
24.1419,94.1078,India_Media_Catalog,8/1/2015 0:00,2015-08-01 00:00:00,,,2015-08-01 00:00:00,,,EXACT_DATE
25.616,94.1167,India_Media_Catalog,7/12/2013 23:00,2013-07-12 23:00:00,,,2013-07-12 23:00:00,,,EXACT_DATE
25.4769,94.1351,India_Media_Catalog,10/8/2010 0:00,2010-10-08 00:00:00,,,2010-10-08 00:00:00,,,EXACT_DATE
25.5215,93.1645,India_Media_Catalog,8/20/2009 0:00,2009-08-20 00:00:00,,,2009-08-20 00:00:00,,,EXACT_DATE
25.8833,91.2,India_Media_Catalog,6/9/2010 14:15,2010-06-09 14:15:00,,,2010-06-09 14:15:00,,,EXACT_DATE
25.3179,94.0462,India_Media_Catalog,10/9/2010 0:00,2010-10-09 00:00:00,,,2010-10-09 00:00:00,,,EXACT_DATE
24.75,93.4333,India_Media_Catalog,10/21/2007 0:00,2007-10-21 00:00:00,,,2007-10-21 00:00:00,,,EXACT_DATE
25.0985,94.3619,India_Media_Catalog,9/24/2013 0:00,2013-09-24 00:00:00,,,2013-09-24 00:00:00,,,EXACT_DATE
27.6163,88.6586,India_Media_Catalog,5/24/2015 0:00,2015-05-24 00:00:00,,,2015-05-24 00:00:00,,,EXACT_DATE
25.5728,91.885,India_Media_Catalog,6/28/2010 0:00,2010-06-28 00:00:00,,,2010-06-28 00:00:00,,,EXACT_DATE
24.7625,93.4341,India_Media_Catalog,8/17/2013 23:00,2013-08-17 23:00:00,,,2013-08-17 23:00:00,,,EXACT_DATE
27.0987,93.816,India_Media_Catalog,6/9/2015 0:00,2015-06-09 00:00:00,,,2015-06-09 00:00:00,,,EXACT_DATE
27.4459,88.6193,India_Media_Catalog,4/11/2007 0:00,2007-04-11 00:00:00,,,2007-04-11 00:00:00,,,EXACT_DATE
25.1553,93.028,India_Media_Catalog,4/1/2010 0:00,2010-04-01 00:00:00,,,2010-04-01 00:00:00,,,EXACT_DATE
22.533,92.899,India_Media_Catalog,7/30/2007 0:00,2007-07-30 00:00:00,,,2007-07-30 00:00:00,,,EXACT_DATE
25.1175,92.8573,India_Media_Catalog,6/3/2012 0:00,2012-06-03 00:00:00,,,2012-06-03 00:00:00,,,EXACT_DATE
27.1761,88.5287,India_Media_Catalog,8/20/2009 0:00,2009-08-20 00:00:00,,,2009-08-20 00:00:00,,,EXACT_DATE
23.591,92.9296,India_Media_Catalog,9/13/2010 0:00,2010-09-13 00:00:00,,,2010-09-13 00:00:00,,,EXACT_DATE
27.3383,88.6069,India_Media_Catalog,5/23/2007 0:00,2007-05-23 00:00:00,,,2007-05-23 00:00:00,,,EXACT_DATE
24.9829,93.5063,India_Media_Catalog,9/1/2013 0:00,2013-09-01 00:00:00,,,2013-09-01 00:00:00,,,EXACT_DATE
25.5125,93.3613,India_Media_Catalog,6/29/2011 0:00,2011-06-29 00:00:00,,,2011-06-29 00:00:00,,,EXACT_DATE
27.5161,88.5575,India_Media_Catalog,9/30/2011 0:00,2011-09-30 00:00:00,,,2011-09-30 00:00:00,,,EXACT_DATE
25.31006064,94.48265093,India_Media_Catalog,8/15/2010 23:00,2010-08-15 23:00:00,,,2010-08-15 23:00:00,,,EXACT_DATE
24.9925,93.5,India_Media_Catalog,8/20/2009 0:00,2009-08-20 00:00:00,,,2009-08-20 00:00:00,,,EXACT_DATE
28.9205,95.3429,India_Media_Catalog,6/26/2014 23:00,2014-06-26 23:00:00,,,2014-06-26 23:00:00,,,EXACT_DATE
24.8286,93.5935,India_Media_Catalog,5/31/2011 14:30,2011-05-31 14:30:00,,,2011-05-31 14:30:00,,,EXACT_DATE
27.2298,94.0989,India_Media_Catalog,6/15/2008 0:00,2008-06-15 00:00:00,,,2008-06-15 00:00:00,,,EXACT_DATE
25.9703,91.8584,India_Media_Catalog,9/6/2015 15:00,2015-09-06 15:00:00,,,2015-09-06 15:00:00,,,EXACT_DATE
25.5145,90.2023,India_Media_Catalog,8/18/2015 9:00,2015-08-18 09:00:00,,,2015-08-18 09:00:00,,,EXACT_DATE
25.38,91.88,India_Media_Catalog,7/26/2007 0:00,2007-07-26 00:00:00,,,2007-07-26 00:00:00,,,EXACT_DATE
26.1548,91.7351,India_Media_Catalog,9/23/2011 0:00,2011-09-23 00:00:00,,,2011-09-23 00:00:00,,,EXACT_DATE
22.479,92.967,India_Media_Catalog,7/30/2007 0:00,2007-07-30 00:00:00,,,2007-07-30 00:00:00,,,EXACT_DATE
27.15977181,88.63411246,India_Media_Catalog,8/16/2009 21:30,2009-08-16 21:30:00,,,2009-08-16 21:30:00,,,EXACT_DATE
27.8965,96.1779,India_Media_Catalog,4/21/2010 0:00,2010-04-21 00:00:00,,,2010-04-21 00:00:00,,,EXACT_DATE
25.6682,94.1099,India_Media_Catalog,6/28/2011 0:00,2011-06-28 00:00:00,,,2011-06-28 00:00:00,,,EXACT_DATE
24.004,93.9815,India_Media_Catalog,8/1/2015 0:00,2015-08-01 00:00:00,,,2015-08-01 00:00:00,,,EXACT_DATE
25.5242,92.9914,India_Media_Catalog,10/9/2010 0:00,2010-10-09 00:00:00,,,2010-10-09 00:00:00,,,EXACT_DATE
24.6869,93.9157,India_Media_Catalog,7/25/2011 0:00,2011-07-25 00:00:00,,,2011-07-25 00:00:00,,,EXACT_DATE
27.9032,96.174,India_Media_Catalog,5/8/2014 0:00,2014-05-08 00:00:00,,,2014-05-08 00:00:00,,,EXACT_DATE
25.4191,94.1079,India_Media_Catalog,7/7/2011 0:00,2011-07-07 00:00:00,,,2011-07-07 00:00:00,,,EXACT_DATE
26.8716,94.9921,India_Media_Catalog,7/20/2010 0:00,2010-07-20 00:00:00,,,2010-07-20 00:00:00,,,EXACT_DATE
27.4,92.35,India_Media_Catalog,10/29/2008 0:00,2008-10-29 00:00:00,,,2008-10-29 00:00:00,,,EXACT_DATE
27.3702,88.7334,India_Media_Catalog,9/4/2010 0:00,2010-09-04 00:00:00,,,2010-09-04 00:00:00,,,EXACT_DATE
24.3527,94.3429,India_Media_Catalog,7/22/2011 0:00,2011-07-22 00:00:00,,,2011-07-22 00:00:00,,,EXACT_DATE
26.0977,94.7499,India_Media_Catalog,6/7/2013 0:00,2013-06-07 00:00:00,,,2013-06-07 00:00:00,,,EXACT_DATE
28.0791,96.5242,India_Media_Catalog,3/22/2011 0:00,2011-03-22 00:00:00,,,2011-03-22 00:00:00,,,EXACT_DATE
27.3341,88.6083,India_Media_Catalog,4/17/2010 15:00,2010-04-17 15:00:00,,,2010-04-17 15:00:00,,,EXACT_DATE
26.0319,94.5466,India_Media_Catalog,6/24/2015 0:00,2015-06-24 00:00:00,,,2015-06-24 00:00:00,,,EXACT_DATE
27.1249,93.7706,India_Media_Catalog,10/1/2014 11:00,2014-10-01 11:00:00,,,2014-10-01 11:00:00,,,EXACT_DATE
27.174,95.8011,India_Media_Catalog,6/25/2012 0:00,2012-06-25 00:00:00,,,2012-06-25 00:00:00,,,EXACT_DATE
28.4659,95.86,India_Media_Catalog,4/8/2012 0:00,2012-04-08 00:00:00,,,2012-04-08 00:00:00,,,EXACT_DATE
24.7505,93.4221,India_Media_Catalog,8/27/2010 16:30,2010-08-27 16:30:00,,,2010-08-27 16:30:00,,,EXACT_DATE
25.4477,94.0489,India_Media_Catalog,7/22/2015 0:00,2015-07-22 00:00:00,,,2015-07-22 00:00:00,,,EXACT_DATE
26.284,94.5808,India_Media_Catalog,8/4/2013 0:00,2013-08-04 00:00:00,,,2013-08-04 00:00:00,,,EXACT_DATE
26.149,91.7351,India_Media_Catalog,6/20/2012 0:00,2012-06-20 00:00:00,,,2012-06-20 00:00:00,,,EXACT_DATE
25.0672,93.4093,India_Media_Catalog,5/22/2011 0:00,2011-05-22 00:00:00,,,2011-05-22 00:00:00,,,EXACT_DATE
24.1988,94.1016,India_Media_Catalog,8/1/2015 0:00,2015-08-01 00:00:00,,,2015-08-01 00:00:00,,,EXACT_DATE
27.8776,94.25,India_Media_Catalog,6/1/2013 0:00,2013-06-01 00:00:00,,,2013-06-01 00:00:00,,,EXACT_DATE
26.1475,91.7356,India_Media_Catalog,6/2/2012 0:00,2012-06-02 00:00:00,,,2012-06-02 00:00:00,,,EXACT_DATE
24.9037,93.487,India_Media_Catalog,9/1/2013 0:00,2013-09-01 00:00:00,,,2013-09-01 00:00:00,,,EXACT_DATE
25.4538,93.9827,India_Media_Catalog,7/22/2015 0:00,2015-07-22 00:00:00,,,2015-07-22 00:00:00,,,EXACT_DATE
26.1147,94.3864,India_Media_Catalog,7/1/2013 0:00,2013-07-01 00:00:00,,,2013-07-01 00:00:00,,,EXACT_DATE
27.3425,88.6236,India_Media_Catalog,9/10/2007 0:00,2007-09-10 00:00:00,,,2007-09-10 00:00:00,,,EXACT_DATE
24.9818,93.5142,India_Media_Catalog,7/24/2015 0:00,2015-07-24 00:00:00,,,2015-07-24 00:00:00,,,EXACT_DATE
26.1985,91.7998,India_Media_Catalog,9/22/2014 0:00,2014-09-22 00:00:00,,,2014-09-22 00:00:00,,,EXACT_DATE
25.6269,94.1139,India_Media_Catalog,7/12/2013 0:00,2013-07-12 00:00:00,,,2013-07-12 00:00:00,,,EXACT_DATE
24.4279,94.0564,India_Media_Catalog,9/11/2007 0:00,2007-09-11 00:00:00,,,2007-09-11 00:00:00,,,EXACT_DATE
26.8727,94.9275,India_Media_Catalog,8/16/2013 0:00,2013-08-16 00:00:00,,,2013-08-16 00:00:00,,,EXACT_DATE
27.0011,93.7273,India_Media_Catalog,9/10/2010 0:00,2010-09-10 00:00:00,,,2010-09-10 00:00:00,,,EXACT_DATE
23.7327,92.7463,India_Media_Catalog,7/14/2014 18:00,2014-07-14 18:00:00,,,2014-07-14 18:00:00,,,EXACT_DATE
27.3721,88.708,India_Media_Catalog,6/8/2013 17:00,2013-06-08 17:00:00,,,2013-06-08 17:00:00,,,EXACT_DATE
26.1984,94.8158,India_Media_Catalog,8/19/2010 6:30,2010-08-19 06:30:00,,,2010-08-19 06:30:00,,,EXACT_DATE
23.75406693,92.74128531,India_Media_Catalog,9/13/2010 9:00,2010-09-13 09:00:00,,,2010-09-13 09:00:00,,,EXACT_DATE
26.0814,94.803,India_Media_Catalog,8/14/2010 0:00,2010-08-14 00:00:00,,,2010-08-14 00:00:00,,,EXACT_DATE
24.8961,93.4957,India_Media_Catalog,8/19/2010 0:00,2010-08-19 00:00:00,,,2010-08-19 00:00:00,,,EXACT_DATE
24.8669,92.3576,India_Media_Catalog,5/9/2014 23:00,2014-05-09 23:00:00,,,2014-05-09 23:00:00,,,EXACT_DATE
25.7428,93.9136,India_Media_Catalog,8/28/2007 0:00,2007-08-28 00:00:00,,,2007-08-28 00:00:00,,,EXACT_DATE
23.3572,92.7878,India_Media_Catalog,8/26/2015 0:00,2015-08-26 00:00:00,,,2015-08-26 00:00:00,,,EXACT_DATE
25.61560252,94.11603493,India_Media_Catalog,8/19/2010 18:00,2010-08-19 18:00:00,,,2010-08-19 18:00:00,,,EXACT_DATE
26.4333,94.8833,India_Media_Catalog,6/17/2010 19:30,2010-06-17 19:30:00,,,2010-06-17 19:30:00,,,EXACT_DATE
26.1314,91.7548,India_Media_Catalog,9/22/2014 0:00,2014-09-22 00:00:00,,,2014-09-22 00:00:00,,,EXACT_DATE
27.2333,94.1167,India_Media_Catalog,10/29/2008 0:00,2008-10-29 00:00:00,,,2008-10-29 00:00:00,,,EXACT_DATE
24.1293,92.6921,India_Media_Catalog,9/29/2007 0:00,2007-09-29 00:00:00,,,2007-09-29 00:00:00,,,EXACT_DATE
25.03561729,94.0144205,India_Media_Catalog,6/28/2011 0:00,2011-06-28 00:00:00,,,2011-06-28 00:00:00,,,EXACT_DATE
25.3833,94.1884,India_Media_Catalog,8/15/2013 0:00,2013-08-15 00:00:00,,,2013-08-15 00:00:00,,,EXACT_DATE
26.1666,91.7042,India_Media_Catalog,9/23/2015 0:00,2015-09-23 00:00:00,,,2015-09-23 00:00:00,,,EXACT_DATE
26.0977,94.7031,India_Media_Catalog,6/7/2013 0:00,2013-06-07 00:00:00,,,2013-06-07 00:00:00,,,EXACT_DATE
25.6269,94.1139,India_Media_Catalog,7/15/2013 0:00,2013-07-15 00:00:00,,,2013-07-15 00:00:00,,,EXACT_DATE
24.7979,92.9974,India_Media_Catalog,7/22/2015 0:00,2015-07-22 00:00:00,,,2015-07-22 00:00:00,,,EXACT_DATE
26.1044,91.7082,India_Media_Catalog,9/22/2014 0:00,2014-09-22 00:00:00,,,2014-09-22 00:00:00,,,EXACT_DATE
24.9336,93.8275,India_Media_Catalog,6/19/2008 0:00,2008-06-19 00:00:00,,,2008-06-19 00:00:00,,,EXACT_DATE
26.4205,94.9731,India_Media_Catalog,8/16/2013 0:00,2013-08-16 00:00:00,,,2013-08-16 00:00:00,,,EXACT_DATE
27.1034,93.6885,India_Media_Catalog,8/5/2011 0:00,2011-08-05 00:00:00,,,2011-08-05 00:00:00,,,EXACT_DATE
27.4888,93.0153,India_Media_Catalog,8/15/2011 0:00,2011-08-15 00:00:00,,,2011-08-15 00:00:00,,,EXACT_DATE
23.899,94.1434,India_Media_Catalog,8/1/2015 0:00,2015-08-01 00:00:00,,,2015-08-01 00:00:00,,,EXACT_DATE
28.1193,95.1645,India_Media_Catalog,2/18/2013 0:00,2013-02-18 00:00:00,,,2013-02-18 00:00:00,,,EXACT_DATE
25.1019,93.3729,India_Media_Catalog,8/11/2015 0:00,2015-08-11 00:00:00,,,2015-08-11 00:00:00,,,EXACT_DATE
27.3773,88.559,India_Media_Catalog,7/21/2010 8:00,2010-07-21 08:00:00,,,2010-07-21 08:00:00,,,EXACT_DATE
26.2363,94.8133,India_Media_Catalog,7/6/2010 0:00,2010-07-06 00:00:00,,,2010-07-06 00:00:00,,,EXACT_DATE
25.6278,94.1051,India_Media_Catalog,8/19/2015 15:00,2015-08-19 15:00:00,,,2015-08-19 15:00:00,,,EXACT_DATE
23.74182634,92.7141905,India_Media_Catalog,9/13/2010 0:00,2010-09-13 00:00:00,,,2010-09-13 00:00:00,,,EXACT_DATE
23.0137,91.7174,India_Media_Catalog,8/14/2014 23:00,2014-08-14 23:00:00,,,2014-08-14 23:00:00,,,EXACT_DATE
27.3765,88.7628,India_Media_Catalog,6/27/2013 23:00,2013-06-27 23:00:00,,,2013-06-27 23:00:00,,,EXACT_DATE
26.222,94.9152,India_Media_Catalog,8/14/2010 0:00,2010-08-14 00:00:00,,,2010-08-14 00:00:00,,,EXACT_DATE
26.0137,94.5163,India_Media_Catalog,8/4/2013 0:00,2013-08-04 00:00:00,,,2013-08-04 00:00:00,,,EXACT_DATE
26.1407,91.7645,India_Media_Catalog,6/26/2014 23:00,2014-06-26 23:00:00,,,2014-06-26 23:00:00,,,EXACT_DATE
24.808,93.117,India_Media_Catalog,9/6/2011 8:00,2011-09-06 08:00:00,,,2011-09-06 08:00:00,,,EXACT_DATE
25.5114,90.215,India_Media_Catalog,6/16/2015 6:15,2015-06-16 06:15:00,,,2015-06-16 06:15:00,,,EXACT_DATE
25.8877,94.7861,India_Media_Catalog,7/6/2010 0:00,2010-07-06 00:00:00,,,2010-07-06 00:00:00,,,EXACT_DATE
25.6623,94.1072,India_Media_Catalog,10/10/2010 6:00,2010-10-10 06:00:00,,,2010-10-10 06:00:00,,,EXACT_DATE
24.7339,93.9161,India_Media_Catalog,3/27/2010 20:00,2010-03-27 20:00:00,,,2010-03-27 20:00:00,,,EXACT_DATE
26.1978,91.7665,India_Media_Catalog,4/20/2010 0:00,2010-04-20 00:00:00,,,2010-04-20 00:00:00,,,EXACT_DATE
24.819,94.3551,India_Media_Catalog,7/31/2015 9:00,2015-07-31 09:00:00,,,2015-07-31 09:00:00,,,EXACT_DATE
25.463,92.2121,India_Media_Catalog,6/13/2015 0:00,2015-06-13 00:00:00,,,2015-06-13 00:00:00,,,EXACT_DATE
24.9111,94.4759,India_Media_Catalog,8/1/2015 0:00,2015-08-01 00:00:00,,,2015-08-01 00:00:00,,,EXACT_DATE
27.8458,95.2253,India_Media_Catalog,9/19/2012 0:00,2012-09-19 00:00:00,,,2012-09-19 00:00:00,,,EXACT_DATE
23.8986,91.7599,India_Media_Catalog,6/3/2010 0:00,2010-06-03 00:00:00,,,2010-06-03 00:00:00,,,EXACT_DATE
25.5265,93.8673,India_Media_Catalog,10/9/2010 0:00,2010-10-09 00:00:00,,,2010-10-09 00:00:00,,,EXACT_DATE
26.1062,91.8717,India_Media_Catalog,7/25/2015 9:00,2015-07-25 09:00:00,,,2015-07-25 09:00:00,,,EXACT_DATE
25.4788,94.1399,India_Media_Catalog,10/9/2010 0:00,2010-10-09 00:00:00,,,2010-10-09 00:00:00,,,EXACT_DATE
25.5006,90.0896,India_Media_Catalog,10/20/2014 0:00,2014-10-20 00:00:00,,,2014-10-20 00:00:00,,,EXACT_DATE
26.1662,91.7138,India_Media_Catalog,5/11/2013 9:00,2013-05-11 09:00:00,,,2013-05-11 09:00:00,,,EXACT_DATE
25.8376,94.5234,India_Media_Catalog,8/4/2013 0:00,2013-08-04 00:00:00,,,2013-08-04 00:00:00,,,EXACT_DATE
26.0481,94.4619,India_Media_Catalog,8/4/2013 0:00,2013-08-04 00:00:00,,,2013-08-04 00:00:00,,,EXACT_DATE
26.1324,91.8342,India_Media_Catalog,9/22/2014 0:00,2014-09-22 00:00:00,,,2014-09-22 00:00:00,,,EXACT_DATE
27.1748,88.6458,India_Media_Catalog,6/7/2012 4:30,2012-06-07 04:30:00,,,2012-06-07 04:30:00,,,EXACT_DATE
26.0214,94.5224,India_Media_Catalog,8/19/2015 0:00,2015-08-19 00:00:00,,,2015-08-19 00:00:00,,,EXACT_DATE
24.7459,93.4251,India_Media_Catalog,8/11/2015 0:00,2015-08-11 00:00:00,,,2015-08-11 00:00:00,,,EXACT_DATE
25.2568,92.3825,India_Media_Catalog,8/19/2015 0:00,2015-08-19 00:00:00,,,2015-08-19 00:00:00,,,EXACT_DATE
27.8835,96.9262,India_Media_Catalog,8/16/2015 0:00,2015-08-16 00:00:00,,,2015-08-16 00:00:00,,,EXACT_DATE
26.1295,91.7056,India_Media_Catalog,9/22/2014 0:00,2014-09-22 00:00:00,,,2014-09-22 00:00:00,,,EXACT_DATE
25.5718,94.1211,India_Media_Catalog,8/21/2010 18:00,2010-08-21 18:00:00,,,2010-08-21 18:00:00,,,EXACT_DATE
26.1807,94.5497,India_Media_Catalog,8/4/2013 0:00,2013-08-04 00:00:00,,,2013-08-04 00:00:00,,,EXACT_DATE
27.5509,88.6475,India_Media_Catalog,7/21/2010 8:00,2010-07-21 08:00:00,,,2010-07-21 08:00:00,,,EXACT_DATE
25.6633,94.4703,India_Media_Catalog,10/8/2010 0:00,2010-10-08 00:00:00,,,2010-10-08 00:00:00,,,EXACT_DATE
26.159,91.8178,India_Media_Catalog,9/22/2014 0:00,2014-09-22 00:00:00,,,2014-09-22 00:00:00,,,EXACT_DATE
26.3333,91.25,India_Media_Catalog,10/29/2008 0:00,2008-10-29 00:00:00,,,2008-10-29 00:00:00,,,EXACT_DATE
26.72,95.029,India_Media_Catalog,7/1/2013 0:00,2013-07-01 00:00:00,,,2013-07-01 00:00:00,,,EXACT_DATE
25.4192,94.108,India_Media_Catalog,7/29/2011 0:00,2011-07-29 00:00:00,,,2011-07-29 00:00:00,,,EXACT_DATE
27.3736,88.7323,India_Media_Catalog,9/7/2013 15:00,2013-09-07 15:00:00,,,2013-09-07 15:00:00,,,EXACT_DATE
25.1718,93.123,India_Media_Catalog,8/27/2009 0:00,2009-08-27 00:00:00,,,2009-08-27 00:00:00,,,EXACT_DATE
25.426,94.6024,India_Media_Catalog,10/13/2013 19:30,2013-10-13 19:30:00,,,2013-10-13 19:30:00,,,EXACT_DATE
26.0093,94.5238,India_Media_Catalog,7/6/2010 0:00,2010-07-06 00:00:00,,,2010-07-06 00:00:00,,,EXACT_DATE
27.1614,93.7525,India_Media_Catalog,9/2/2013 0:00,2013-09-02 00:00:00,,,2013-09-02 00:00:00,,,EXACT_DATE
26.1868,91.6739,India_Media_Catalog,9/1/2015 0:00,2015-09-01 00:00:00,,,2015-09-01 00:00:00,,,EXACT_DATE
25.51614662,94.2341227,India_Media_Catalog,6/21/2011 0:00,2011-06-21 00:00:00,,,2011-06-21 00:00:00,,,EXACT_DATE
27.7565,88.632,India_Media_Catalog,6/7/2012 0:00,2012-06-07 00:00:00,,,2012-06-07 00:00:00,,,EXACT_DATE
26.5836,93.0038,India_Media_Catalog,7/24/2011 12:30,2011-07-24 12:30:00,,,2011-07-24 12:30:00,,,EXACT_DATE
25.1333,93.9667,India_Media_Catalog,8/31/2007 0:00,2007-08-31 00:00:00,,,2007-08-31 00:00:00,,,EXACT_DATE
25.5576,91.8506,India_Media_Catalog,8/26/2007 0:00,2007-08-26 00:00:00,,,2007-08-26 00:00:00,,,EXACT_DATE
25.0634,94.3415,India_Media_Catalog,7/31/2015 23:00,2015-07-31 23:00:00,,,2015-07-31 23:00:00,,,EXACT_DATE
24.837,93.9128,India_Media_Catalog,10/8/2010 0:00,2010-10-08 00:00:00,,,2010-10-08 00:00:00,,,EXACT_DATE
27.1954,88.6115,India_Media_Catalog,9/17/2009 0:00,2009-09-17 00:00:00,,,2009-09-17 00:00:00,,,EXACT_DATE
27.1032,93.6884,India_Media_Catalog,7/19/2011 0:00,2011-07-19 00:00:00,,,2011-07-19 00:00:00,,,EXACT_DATE
25.4916,91.2698,India_Media_Catalog,6/28/2010 0:00,2010-06-28 00:00:00,,,2010-06-28 00:00:00,,,EXACT_DATE
27.163,94.0,India_Media_Catalog,8/14/2008 0:00,2008-08-14 00:00:00,,,2008-08-14 00:00:00,,,EXACT_DATE
26.1619,91.7697,India_Media_Catalog,6/27/2014 0:00,2014-06-27 00:00:00,,,2014-06-27 00:00:00,,,EXACT_DATE
25.0604,93.9877,India_Media_Catalog,9/8/2007 0:00,2007-09-08 00:00:00,,,2007-09-08 00:00:00,,,EXACT_DATE
25.0951,92.3567,India_Media_Catalog,6/13/2012 0:00,2012-06-13 00:00:00,,,2012-06-13 00:00:00,,,EXACT_DATE
27.2743,92.9064,India_Media_Catalog,7/16/2011 0:00,2011-07-16 00:00:00,,,2011-07-16 00:00:00,,,EXACT_DATE
25.7238,89.9032,India_Media_Catalog,9/23/2014 0:00,2014-09-23 00:00:00,,,2014-09-23 00:00:00,,,EXACT_DATE
24.9849,92.8411,India_Media_Catalog,5/20/2008 0:00,2008-05-20 00:00:00,,,2008-05-20 00:00:00,,,EXACT_DATE
25.5007,93.9854,India_Media_Catalog,7/22/2015 0:00,2015-07-22 00:00:00,,,2015-07-22 00:00:00,,,EXACT_DATE
24.3069,93.125,India_Media_Catalog,9/16/2010 3:00,2010-09-16 03:00:00,,,2010-09-16 03:00:00,,,EXACT_DATE
25.6263,94.1057,India_Media_Catalog,8/20/2015 18:00,2015-08-20 18:00:00,,,2015-08-20 18:00:00,,,EXACT_DATE
28.1737,94.7596,India_Media_Catalog,8/18/2015 0:00,2015-08-18 00:00:00,,,2015-08-18 00:00:00,,,EXACT_DATE
27.0869,93.6086,India_Media_Catalog,8/17/2014 0:00,2014-08-17 00:00:00,,,2014-08-17 00:00:00,,,EXACT_DATE
23.8447,93.0514,India_Media_Catalog,8/26/2015 0:00,2015-08-26 00:00:00,,,2015-08-26 00:00:00,,,EXACT_DATE
25.5772,91.8666,India_Media_Catalog,9/23/2014 3:00,2014-09-23 03:00:00,,,2014-09-23 03:00:00,,,EXACT_DATE
25.5498,92.0757,India_Media_Catalog,6/13/2012 0:00,2012-06-13 00:00:00,,,2012-06-13 00:00:00,,,EXACT_DATE
24.8142,93.5444,India_Media_Catalog,6/10/2012 0:00,2012-06-10 00:00:00,,,2012-06-10 00:00:00,,,EXACT_DATE
25.0477,92.801,India_Media_Catalog,7/25/2010 0:00,2010-07-25 00:00:00,,,2010-07-25 00:00:00,,,EXACT_DATE
25.70223725,94.04619681,India_Media_Catalog,8/13/2010 0:00,2010-08-13 00:00:00,,,2010-08-13 00:00:00,,,EXACT_DATE
26.1844,91.7896,India_Media_Catalog,6/26/2014 23:00,2014-06-26 23:00:00,,,2014-06-26 23:00:00,,,EXACT_DATE
24.2451,94.0691,India_Media_Catalog,9/10/2007 0:00,2007-09-10 00:00:00,,,2007-09-10 00:00:00,,,EXACT_DATE
25.6237,94.1136,India_Media_Catalog,8/12/2015 0:00,2015-08-12 00:00:00,,,2015-08-12 00:00:00,,,EXACT_DATE
24.4072,94.0644,India_Media_Catalog,8/1/2015 0:00,2015-08-01 00:00:00,,,2015-08-01 00:00:00,,,EXACT_DATE
23.7527,92.694,India_Media_Catalog,9/16/2010 0:00,2010-09-16 00:00:00,,,2010-09-16 00:00:00,,,EXACT_DATE
26.138,94.25,India_Media_Catalog,8/19/2008 0:00,2008-08-19 00:00:00,,,2008-08-19 00:00:00,,,EXACT_DATE
23.9939,94.0573,India_Media_Catalog,8/1/2015 0:00,2015-08-01 00:00:00,,,2015-08-01 00:00:00,,,EXACT_DATE
26.49349035,91.72137514,India_Media_Catalog,9/1/2015 0:00,2015-09-01 00:00:00,,,2015-09-01 00:00:00,,,EXACT_DATE
25.67,94.1066,India_Media_Catalog,8/29/2008 0:00,2008-08-29 00:00:00,,,2008-08-29 00:00:00,,,EXACT_DATE
24.9356,93.8443,India_Media_Catalog,7/31/2010 9:00,2010-07-31 09:00:00,,,2010-07-31 09:00:00,,,EXACT_DATE
24.7543,93.5039,India_Media_Catalog,6/7/2010 0:00,2010-06-07 00:00:00,,,2010-06-07 00:00:00,,,EXACT_DATE
23.7131,92.7362,India_Media_Catalog,6/19/2015 0:00,2015-06-19 00:00:00,,,2015-06-19 00:00:00,,,EXACT_DATE
26.3897,94.9439,India_Media_Catalog,8/16/2013 0:00,2013-08-16 00:00:00,,,2013-08-16 00:00:00,,,EXACT_DATE
25.1416,92.3807,India_Media_Catalog,8/19/2015 0:00,2015-08-19 00:00:00,,,2015-08-19 00:00:00,,,EXACT_DATE
23.73478778,92.72124394,India_Media_Catalog,10/5/2009 0:00,2009-10-05 00:00:00,,,2009-10-05 00:00:00,,,EXACT_DATE
25.0728,92.3636,India_Media_Catalog,8/19/2015 0:00,2015-08-19 00:00:00,,,2015-08-19 00:00:00,,,EXACT_DATE
23.7313,92.7187,India_Media_Catalog,9/14/2015 1:30,2015-09-14 01:30:00,,,2015-09-14 01:30:00,,,EXACT_DATE
25.1604,93.6795,India_Media_Catalog,3/4/2012 0:00,2012-03-04 00:00:00,,,2012-03-04 00:00:00,,,EXACT_DATE
27.337,88.609,India_Media_Catalog,8/28/2008 0:00,2008-08-28 00:00:00,,,2008-08-28 00:00:00,,,EXACT_DATE
27.322,88.6087,India_Media_Catalog,4/17/2010 0:00,2010-04-17 00:00:00,,,2010-04-17 00:00:00,,,EXACT_DATE
28.4298,95.8776,India_Media_Catalog,5/31/2010 0:00,2010-05-31 00:00:00,,,2010-05-31 00:00:00,,,EXACT_DATE
27.7167,88.5577,India_Media_Catalog,6/3/2012 0:00,2012-06-03 00:00:00,,,2012-06-03 00:00:00,,,EXACT_DATE
27.0998,93.6287,India_Media_Catalog,6/14/2008 0:00,2008-06-14 00:00:00,,,2008-06-14 00:00:00,,,EXACT_DATE
26.1771,91.7599,India_Media_Catalog,5/11/2013 0:00,2013-05-11 00:00:00,,,2013-05-11 00:00:00,,,EXACT_DATE
26.9986,95.4993,India_Media_Catalog,6/25/2012 0:00,2012-06-25 00:00:00,,,2012-06-25 00:00:00,,,EXACT_DATE
25.7713,93.8067,India_Media_Catalog,8/13/2011 8:00,2011-08-13 08:00:00,,,2011-08-13 08:00:00,,,EXACT_DATE
27.0875,88.6556,India_Media_Catalog,6/30/2015 0:00,2015-06-30 00:00:00,,,2015-06-30 00:00:00,,,EXACT_DATE
27.8837,93.0515,India_Media_Catalog,8/1/2013 0:00,2013-08-01 00:00:00,,,2013-08-01 00:00:00,,,EXACT_DATE
24.8063,93.9482,India_Media_Catalog,7/6/2011 0:00,2011-07-06 00:00:00,,,2011-07-06 00:00:00,,,EXACT_DATE
22.7176,92.8416,India_Media_Catalog,9/13/2010 0:00,2010-09-13 00:00:00,,,2010-09-13 00:00:00,,,EXACT_DATE
27.7,92.8,India_Media_Catalog,8/12/2009 0:00,2009-08-12 00:00:00,,,2009-08-12 00:00:00,,,EXACT_DATE
25.5098,93.8794,India_Media_Catalog,7/22/2015 0:00,2015-07-22 00:00:00,,,2015-07-22 00:00:00,,,EXACT_DATE
24.8628,94.4182,India_Media_Catalog,8/30/2009 0:00,2009-08-30 00:00:00,,,2009-08-30 00:00:00,,,EXACT_DATE
24.9786,93.5027,India_Media_Catalog,7/29/2010 0:00,2010-07-29 00:00:00,,,2010-07-29 00:00:00,,,EXACT_DATE
25.2946,92.8339,India_Media_Catalog,8/26/2007 0:00,2007-08-26 00:00:00,,,2007-08-26 00:00:00,,,EXACT_DATE
26.1226,91.7162,India_Media_Catalog,6/22/2012 0:00,2012-06-22 00:00:00,,,2012-06-22 00:00:00,,,EXACT_DATE
25.583,91.893,India_Media_Catalog,9/23/2015 15:00,2015-09-23 15:00:00,,,2015-09-23 15:00:00,,,EXACT_DATE
24.6005,92.3814,India_Media_Catalog,6/3/2010 5:00,2010-06-03 05:00:00,,,2010-06-03 05:00:00,,,EXACT_DATE
27.44,92.2833,India_Media_Catalog,8/12/2011 0:00,2011-08-12 00:00:00,,,2011-08-12 00:00:00,,,EXACT_DATE
26.2083,94.5438,India_Media_Catalog,8/4/2013 0:00,2013-08-04 00:00:00,,,2013-08-04 00:00:00,,,EXACT_DATE
24.6596,93.9784,India_Media_Catalog,6/9/2008 0:00,2008-06-09 00:00:00,,,2008-06-09 00:00:00,,,EXACT_DATE
25.8266,94.1497,India_Media_Catalog,10/5/2013 23:00,2013-10-05 23:00:00,,,2013-10-05 23:00:00,,,EXACT_DATE
27.8997,93.3497,India_Media_Catalog,4/2/2010 23:00,2010-04-02 23:00:00,,,2010-04-02 23:00:00,,,EXACT_DATE
23.7281,92.7175,India_Media_Catalog,5/11/2013 9:00,2013-05-11 09:00:00,,,2013-05-11 09:00:00,,,EXACT_DATE
25.16,93.686,India_Media_Catalog,6/19/2015 0:00,2015-06-19 00:00:00,,,2015-06-19 00:00:00,,,EXACT_DATE
25.3433,92.2897,India_Media_Catalog,5/11/2010 9:00,2010-05-11 09:00:00,,,2010-05-11 09:00:00,,,EXACT_DATE
27.5798729,91.85672387,India_Media_Catalog,11/22/2010 0:00,2010-11-22 00:00:00,,,2010-11-22 00:00:00,,,EXACT_DATE
26.1016,91.6906,India_Media_Catalog,5/11/2013 0:00,2013-05-11 00:00:00,,,2013-05-11 00:00:00,,,EXACT_DATE
24.2315,92.6755,India_Media_Catalog,5/7/2013 0:00,2013-05-07 00:00:00,,,2013-05-07 00:00:00,,,EXACT_DATE
26.1965,91.763,India_Media_Catalog,4/20/2010 0:00,2010-04-20 00:00:00,,,2010-04-20 00:00:00,,,EXACT_DATE
26.1028,91.8806,India_Media_Catalog,8/22/2015 9:00,2015-08-22 09:00:00,,,2015-08-22 09:00:00,,,EXACT_DATE
26.0838,94.564,India_Media_Catalog,8/4/2013 0:00,2013-08-04 00:00:00,,,2013-08-04 00:00:00,,,EXACT_DATE
24.042,92.6724,India_Media_Catalog,8/27/2015 0:00,2015-08-27 00:00:00,,,2015-08-27 00:00:00,,,EXACT_DATE
27.125,93.7145,India_Media_Catalog,7/15/2011 18:00,2011-07-15 18:00:00,,,2011-07-15 18:00:00,,,EXACT_DATE
28.8254,96.1509,India_Media_Catalog,4/7/2013 0:00,2013-04-07 00:00:00,,,2013-04-07 00:00:00,,,EXACT_DATE
24.416,94.0984,India_Media_Catalog,8/1/2015 0:00,2015-08-01 00:00:00,,,2015-08-01 00:00:00,,,EXACT_DATE
26.4205,94.9731,India_Media_Catalog,8/30/2013 0:00,2013-08-30 00:00:00,,,2013-08-30 00:00:00,,,EXACT_DATE
25.4786,94.1327,India_Media_Catalog,8/27/2010 16:30,2010-08-27 16:30:00,,,2010-08-27 16:30:00,,,EXACT_DATE
25.8782,94.1739,India_Media_Catalog,7/1/2011 0:00,2011-07-01 00:00:00,,,2011-07-01 00:00:00,,,EXACT_DATE
25.0318,92.4584,India_Media_Catalog,3/19/2015 0:00,2015-03-19 00:00:00,,,2015-03-19 00:00:00,,,EXACT_DATE
28.611,94.9829,India_Media_Catalog,9/2/2013 0:00,2013-09-02 00:00:00,,,2013-09-02 00:00:00,,,EXACT_DATE
26.1049,91.7369,India_Media_Catalog,6/25/2012 18:00,2012-06-25 18:00:00,,,2012-06-25 18:00:00,,,EXACT_DATE
28.8254,96.1517,India_Media_Catalog,6/2/2012 0:00,2012-06-02 00:00:00,,,2012-06-02 00:00:00,,,EXACT_DATE
27.36,93.0385,India_Media_Catalog,7/15/2015 8:00,2015-07-15 08:00:00,,,2015-07-15 08:00:00,,,EXACT_DATE
26.1309,91.8383,India_Media_Catalog,10/6/2013 12:45,2013-10-06 12:45:00,,,2013-10-06 12:45:00,,,EXACT_DATE
28.3036,95.4112,India_Media_Catalog,9/9/2010 23:00,2010-09-09 23:00:00,,,2010-09-09 23:00:00,,,EXACT_DATE
25.1555,93.8474,India_Media_Catalog,5/31/2011 14:00,2011-05-31 14:00:00,,,2011-05-31 14:00:00,,,EXACT_DATE
25.2745,94.0212,India_Media_Catalog,10/8/2010 0:00,2010-10-08 00:00:00,,,2010-10-08 00:00:00,,,EXACT_DATE
23.73504471,92.71060943,India_Media_Catalog,9/13/2010 0:00,2010-09-13 00:00:00,,,2010-09-13 00:00:00,,,EXACT_DATE
25.0888,92.8551,India_Media_Catalog,5/24/2011 0:00,2011-05-24 00:00:00,,,2011-05-24 00:00:00,,,EXACT_DATE
27.3392,88.6188,India_Media_Catalog,8/27/2010 18:00,2010-08-27 18:00:00,,,2010-08-27 18:00:00,,,EXACT_DATE
26.048,91.8695,India_Media_Catalog,9/5/2015 0:00,2015-09-05 00:00:00,,,2015-09-05 00:00:00,,,EXACT_DATE
23.3439,93.0748,India_Media_Catalog,9/13/2010 0:00,2010-09-13 00:00:00,,,2010-09-13 00:00:00,,,EXACT_DATE
25.5084,90.2191,India_Media_Catalog,6/16/2015 0:00,2015-06-16 00:00:00,,,2015-06-16 00:00:00,,,EXACT_DATE
26.7103,94.693,India_Media_Catalog,8/11/2013 23:00,2013-08-11 23:00:00,,,2013-08-11 23:00:00,,,EXACT_DATE
27.3543,88.6428,India_Media_Catalog,5/31/2010 23:00,2010-05-31 23:00:00,,,2010-05-31 23:00:00,,,EXACT_DATE
24.7679,93.4108,India_Media_Catalog,10/8/2010 0:00,2010-10-08 00:00:00,,,2010-10-08 00:00:00,,,EXACT_DATE
25.72,94.6219,India_Media_Catalog,8/2/2015 0:00,2015-08-02 00:00:00,,,2015-08-02 00:00:00,,,EXACT_DATE
25.682,94.1076,India_Media_Catalog,10/9/2010 0:00,2010-10-09 00:00:00,,,2010-10-09 00:00:00,,,EXACT_DATE
23.7348,92.7187,India_Media_Catalog,9/14/2015 3:10,2015-09-14 03:10:00,,,2015-09-14 03:10:00,,,EXACT_DATE
25.2193,90.5549,India_Media_Catalog,8/19/2015 9:00,2015-08-19 09:00:00,,,2015-08-19 09:00:00,,,EXACT_DATE
25.318,94.0441,India_Media_Catalog,8/9/2013 0:00,2013-08-09 00:00:00,,,2013-08-09 00:00:00,,,EXACT_DATE
24.7016,93.5291,India_Media_Catalog,8/11/2015 0:00,2015-08-11 00:00:00,,,2015-08-11 00:00:00,,,EXACT_DATE
25.0633,92.8025,India_Media_Catalog,6/16/2010 0:00,2010-06-16 00:00:00,,,2010-06-16 00:00:00,,,EXACT_DATE
25.6703,94.1095,India_Media_Catalog,7/11/2011 9:00,2011-07-11 09:00:00,,,2011-07-11 09:00:00,,,EXACT_DATE
25.705,94.04,India_Media_Catalog,8/7/2008 0:00,2008-08-07 00:00:00,,,2008-08-07 00:00:00,,,EXACT_DATE
26.3186,94.5121,India_Media_Catalog,6/20/2011 0:00,2011-06-20 00:00:00,,,2011-06-20 00:00:00,,,EXACT_DATE
25.1122,94.3591,India_Media_Catalog,8/1/2015 0:00,2015-08-01 00:00:00,,,2015-08-01 00:00:00,,,EXACT_DATE
28.9986,94.8885,India_Media_Catalog,7/5/2012 0:00,2012-07-05 00:00:00,,,2012-07-05 00:00:00,,,EXACT_DATE
26.7215,95.0283,India_Media_Catalog,7/19/2010 6:00,2010-07-19 06:00:00,,,2010-07-19 06:00:00,,,EXACT_DATE
23.7365,92.7146,India_Media_Catalog,8/6/2010 0:00,2010-08-06 00:00:00,,,2010-08-06 00:00:00,,,EXACT_DATE
23.7705,92.5217,India_Media_Catalog,11/11/2012 0:00,2012-11-11 00:00:00,,,2012-11-11 00:00:00,,,EXACT_DATE
26.1498,94.6055,India_Media_Catalog,8/4/2013 0:00,2013-08-04 00:00:00,,,2013-08-04 00:00:00,,,EXACT_DATE
26.148,94.8422,India_Media_Catalog,8/14/2010 0:00,2010-08-14 00:00:00,,,2010-08-14 00:00:00,,,EXACT_DATE
25.5144,90.2167,India_Media_Catalog,8/16/2011 8:00,2011-08-16 08:00:00,,,2011-08-16 08:00:00,,,EXACT_DATE
25.52,91.27,India_Media_Catalog,9/11/2007 0:00,2007-09-11 00:00:00,,,2007-09-11 00:00:00,,,EXACT_DATE
26.1964,91.7652,India_Media_Catalog,6/28/2014 9:00,2014-06-28 09:00:00,,,2014-06-28 09:00:00,,,EXACT_DATE
24.4265,94.1913,India_Media_Catalog,8/1/2015 0:00,2015-08-01 00:00:00,,,2015-08-01 00:00:00,,,EXACT_DATE
23.72988966,92.71495623,India_Media_Catalog,9/13/2010 0:00,2010-09-13 00:00:00,,,2010-09-13 00:00:00,,,EXACT_DATE
26.1833,91.8,India_Media_Catalog,9/13/2007 0:00,2007-09-13 00:00:00,,,2007-09-13 00:00:00,,,EXACT_DATE
25.9702,91.8587,India_Media_Catalog,10/5/2014 17:45,2014-10-05 17:45:00,,,2014-10-05 17:45:00,,,EXACT_DATE
27.7344,88.633,India_Media_Catalog,8/25/2011 0:00,2011-08-25 00:00:00,,,2011-08-25 00:00:00,,,EXACT_DATE
27.339,88.6065,India_Media_Catalog,6/14/2012 4:00,2012-06-14 04:00:00,,,2012-06-14 04:00:00,,,EXACT_DATE
25.4993,94.1192,India_Media_Catalog,9/9/2007 0:00,2007-09-09 00:00:00,,,2007-09-09 00:00:00,,,EXACT_DATE
25.5212,90.232,India_Media_Catalog,7/27/2007 0:00,2007-07-27 00:00:00,,,2007-07-27 00:00:00,,,EXACT_DATE
23.9278,94.0906,India_Media_Catalog,8/1/2015 0:00,2015-08-01 00:00:00,,,2015-08-01 00:00:00,,,EXACT_DATE
24.9667,93.55,India_Media_Catalog,8/26/2007 0:00,2007-08-26 00:00:00,,,2007-08-26 00:00:00,,,EXACT_DATE
25.1775,93.0123,India_Media_Catalog,6/3/2012 0:00,2012-06-03 00:00:00,,,2012-06-03 00:00:00,,,EXACT_DATE
25.3056,93.1265,India_Media_Catalog,6/3/2012 0:00,2012-06-03 00:00:00,,,2012-06-03 00:00:00,,,EXACT_DATE
25.1941,94.4481,India_Media_Catalog,8/1/2015 0:00,2015-08-01 00:00:00,,,2015-08-01 00:00:00,,,EXACT_DATE
25.4196,94.1054,India_Media_Catalog,7/29/2010 0:00,2010-07-29 00:00:00,,,2010-07-29 00:00:00,,,EXACT_DATE
25.83,94.13,India_Media_Catalog,8/18/2011 0:00,2011-08-18 00:00:00,,,2011-08-18 00:00:00,,,EXACT_DATE
24.9926,93.4946,India_Media_Catalog,5/12/2013 0:00,2013-05-12 00:00:00,,,2013-05-12 00:00:00,,,EXACT_DATE
23.4495,92.8112,India_Media_Catalog,8/28/2015 1:45,2015-08-28 01:45:00,,,2015-08-28 01:45:00,,,EXACT_DATE
24.7992,93.948,India_Media_Catalog,7/22/2011 0:00,2011-07-22 00:00:00,,,2011-07-22 00:00:00,,,EXACT_DATE
26.1665,91.7049,India_Media_Catalog,10/6/2013 0:00,2013-10-06 00:00:00,,,2013-10-06 00:00:00,,,EXACT_DATE
26.3335,94.5512,India_Media_Catalog,6/15/2010 0:00,2010-06-15 00:00:00,,,2010-06-15 00:00:00,,,EXACT_DATE
24.954,94.2156,India_Media_Catalog,8/1/2015 0:00,2015-08-01 00:00:00,,,2015-08-01 00:00:00,,,EXACT_DATE
25.1796,93.0083,India_Media_Catalog,10/9/2010 0:00,2010-10-09 00:00:00,,,2010-10-09 00:00:00,,,EXACT_DATE
25.4379,94.1162,India_Media_Catalog,10/19/2007 0:00,2007-10-19 00:00:00,,,2007-10-19 00:00:00,,,EXACT_DATE
25.7055,94.0132,India_Media_Catalog,10/16/2007 0:00,2007-10-16 00:00:00,,,2007-10-16 00:00:00,,,EXACT_DATE
28.3092,95.4149,India_Media_Catalog,10/3/2010 0:00,2010-10-03 00:00:00,,,2010-10-03 00:00:00,,,EXACT_DATE
25.9466,94.6279,India_Media_Catalog,9/8/2014 0:00,2014-09-08 00:00:00,,,2014-09-08 00:00:00,,,EXACT_DATE
27.6047,88.6463,India_Media_Catalog,9/8/2013 0:00,2013-09-08 00:00:00,,,2013-09-08 00:00:00,,,EXACT_DATE
26.8096,88.526,India_Media_Catalog,6/15/2007 0:00,2007-06-15 00:00:00,,,2007-06-15 00:00:00,,,EXACT_DATE
25.2269,93.1658,India_Media_Catalog,6/15/2010 0:00,2010-06-15 00:00:00,,,2010-06-15 00:00:00,,,EXACT_DATE
26.7225,95.0281,India_Media_Catalog,7/6/2010 0:00,2010-07-06 00:00:00,,,2010-07-06 00:00:00,,,EXACT_DATE
24.3481,94.1146,India_Media_Catalog,8/1/2015 0:00,2015-08-01 00:00:00,,,2015-08-01 00:00:00,,,EXACT_DATE
26.1468,91.6469,India_Media_Catalog,2/14/2015 0:00,2015-02-14 00:00:00,,,2015-02-14 00:00:00,,,EXACT_DATE
25.3612,92.2845,India_Media_Catalog,4/21/2010 0:00,2010-04-21 00:00:00,,,2010-04-21 00:00:00,,,EXACT_DATE
24.6108,92.562,India_Media_Catalog,2/19/2015 23:00,2015-02-19 23:00:00,,,2015-02-19 23:00:00,,,EXACT_DATE
25.7354,90.3852,India_Media_Catalog,9/21/2014 0:00,2014-09-21 00:00:00,,,2014-09-21 00:00:00,,,EXACT_DATE
25.8143,90.5763,India_Media_Catalog,9/24/2014 0:00,2014-09-24 00:00:00,,,2014-09-24 00:00:00,,,EXACT_DATE
25.63961883,94.11112157,India_Media_Catalog,9/12/2010 0:00,2010-09-12 00:00:00,,,2010-09-12 00:00:00,,,EXACT_DATE
23.7269,92.7265,India_Media_Catalog,8/27/2015 0:00,2015-08-27 00:00:00,,,2015-08-27 00:00:00,,,EXACT_DATE
25.3908,94.0926,India_Media_Catalog,7/22/2015 0:00,2015-07-22 00:00:00,,,2015-07-22 00:00:00,,,EXACT_DATE
24.0896,91.4663,India_Media_Catalog,5/8/2013 0:00,2013-05-08 00:00:00,,,2013-05-08 00:00:00,,,EXACT_DATE
25.4749,93.1477,India_Media_Catalog,10/9/2010 0:00,2010-10-09 00:00:00,,,2010-10-09 00:00:00,,,EXACT_DATE
26.1097,91.7747,India_Media_Catalog,9/22/2014 0:00,2014-09-22 00:00:00,,,2014-09-22 00:00:00,,,EXACT_DATE
26.2753,94.6654,India_Media_Catalog,8/17/2010 0:00,2010-08-17 00:00:00,,,2010-08-17 00:00:00,,,EXACT_DATE
26.1001,91.6849,India_Media_Catalog,9/22/2014 0:00,2014-09-22 00:00:00,,,2014-09-22 00:00:00,,,EXACT_DATE
26.1699,91.7986,India_Media_Catalog,7/19/2007 0:00,2007-07-19 00:00:00,,,2007-07-19 00:00:00,,,EXACT_DATE
26.7223,95.0243,LandslideGuard_Project_Master,2016-04-19,,2016.0,4.0,2016-04-19 00:00:00,2016.0,4.0,EXACT_DATE
27.6438,93.871,LandslideGuard_Project_Master,2016-06-12,,2016.0,6.0,2016-06-12 00:00:00,2016.0,6.0,EXACT_DATE
26.09748244,91.8744337,LandslideGuard_Project_Master,2016-07-19,,2016.0,7.0,2016-07-19 00:00:00,2016.0,7.0,EXACT_DATE
26.1677,94.2442,LandslideGuard_Project_Master,2016-06-12,,2016.0,6.0,2016-06-12 00:00:00,2016.0,6.0,EXACT_DATE
24.5202,92.7239,LandslideGuard_Project_Master,2016-05-18,,2016.0,5.0,2016-05-18 00:00:00,2016.0,5.0,EXACT_DATE
25.203,90.5573,LandslideGuard_Project_Master,2016-07-19,,2016.0,7.0,2016-07-19 00:00:00,2016.0,7.0,EXACT_DATE
24.4638,92.4943,LandslideGuard_Project_Master,2016-05-18,,2016.0,5.0,2016-05-18 00:00:00,2016.0,5.0,EXACT_DATE
25.7902,94.1318,LandslideGuard_Project_Master,2016-07-10,,2016.0,7.0,2016-07-10 00:00:00,2016.0,7.0,EXACT_DATE
26.1699,94.4922,LandslideGuard_Project_Master,2016-07-11,,2016.0,7.0,2016-07-11 00:00:00,2016.0,7.0,EXACT_DATE
25.48,94.1383,LandslideGuard_Project_Master,2016-07-25,,2016.0,7.0,2016-07-25 00:00:00,2016.0,7.0,EXACT_DATE
25.0118,94.3136,LandslideGuard_Project_Master,2016-07-07,,2016.0,7.0,2016-07-07 00:00:00,2016.0,7.0,EXACT_DATE
25.9611,91.3681,LandslideGuard_Project_Master,2016-07-07,,2016.0,7.0,2016-07-07 00:00:00,2016.0,7.0,EXACT_DATE
25.8702,94.7844,LandslideGuard_Project_Master,2016-07-28,,2016.0,7.0,2016-07-28 00:00:00,2016.0,7.0,EXACT_DATE
28.0822,96.5316,LandslideGuard_Project_Master,2016-05-01,,2016.0,5.0,2016-05-01 00:00:00,2016.0,5.0,EXACT_DATE
26.1963,91.8074,LandslideGuard_Project_Master,2016-07-14,,2016.0,7.0,2016-07-14 00:00:00,2016.0,7.0,EXACT_DATE
26.3185,94.5247,LandslideGuard_Project_Master,2016-06-14,,2016.0,6.0,2016-06-14 00:00:00,2016.0,6.0,EXACT_DATE
26.1961,91.7825,LandslideGuard_Project_Master,2016-06-22,,2016.0,6.0,2016-06-22 00:00:00,2016.0,6.0,EXACT_DATE
27.1758,88.5294,LandslideGuard_Project_Master,2016-01-14,,2016.0,1.0,2016-01-14 00:00:00,2016.0,1.0,EXACT_DATE
27.172,88.5292,LandslideGuard_Project_Master,2016-10-15,,2016.0,10.0,2016-10-15 00:00:00,2016.0,10.0,EXACT_DATE
24.5204,92.7264,LandslideGuard_Project_Master,2016-05-18,,2016.0,5.0,2016-05-18 00:00:00,2016.0,5.0,EXACT_DATE
27.0136,92.6351,LandslideGuard_Project_Master,2016-07-01,,2016.0,7.0,2016-07-01 00:00:00,2016.0,7.0,EXACT_DATE
27.5799,91.8569,LandslideGuard_Project_Master,2016-04-22,,2016.0,4.0,2016-04-22 00:00:00,2016.0,4.0,EXACT_DATE
27.5754,91.9754,LandslideGuard_Project_Master,2016-08-05,,2016.0,8.0,2016-08-05 00:00:00,2016.0,8.0,EXACT_DATE
26.1768,91.7702,LandslideGuard_Project_Master,2016-07-14,,2016.0,7.0,2016-07-14 00:00:00,2016.0,7.0,EXACT_DATE
23.5397,93.3783,LandslideGuard_Project_Master,2016-07-28,,2016.0,7.0,2016-07-28 00:00:00,2016.0,7.0,EXACT_DATE
26.0101,94.5282,LandslideGuard_Project_Master,2016-07-26,,2016.0,7.0,2016-07-26 00:00:00,2016.0,7.0,EXACT_DATE
27.5748,91.8644,LandslideGuard_Project_Master,2016-07-28,,2016.0,7.0,2016-07-28 00:00:00,2016.0,7.0,EXACT_DATE
27.3034,93.804,LandslideGuard_Project_Master,2016-07-16,,2016.0,7.0,2016-07-16 00:00:00,2016.0,7.0,EXACT_DATE
24.5308,92.5121,LandslideGuard_Project_Master,2016-05-18,,2016.0,5.0,2016-05-18 00:00:00,2016.0,5.0,EXACT_DATE
26.1966,91.802,LandslideGuard_Project_Master,2016-07-20,,2016.0,7.0,2016-07-20 00:00:00,2016.0,7.0,EXACT_DATE
28.235,94.9612,LandslideGuard_Project_Master,2016-07-19,,2016.0,7.0,2016-07-19 00:00:00,2016.0,7.0,EXACT_DATE
24.87,92.35,LandslideGuard_Project_Master,2016-05-18,,2016.0,5.0,2016-05-18 00:00:00,2016.0,5.0,EXACT_DATE
24.85,93.5,LandslideGuard_Project_Master,2022-06-30,,2022.0,6.0,2022-06-30 00:00:00,2022.0,6.0,EXACT_DATE
24.85536111111111,93.62402777777775,LandslideGuard_Project_Master,"June-July, 2020",,2020.0,6.0,,2020.0,6.0,YEAR_AND_MONTH
25.515916666666666,94.1365277777778,LandslideGuard_Project_Master,2020-07-01,,2020.0,7.0,2020-07-01 00:00:00,2020.0,7.0,EXACT_DATE
27.398666666666667,88.62358333333333,LandslideGuard_Project_Master,2020-05-24,,2020.0,5.0,2020-05-24 00:00:00,2020.0,5.0,EXACT_DATE
27.39305555555556,88.63527777777779,LandslideGuard_Project_Master,2020-05-24,,2020.0,5.0,2020-05-24 00:00:00,2020.0,5.0,EXACT_DATE
25.62,91.8827222222222,LandslideGuard_Project_Master,2020-05-21,,2020.0,5.0,2020-05-21 00:00:00,2020.0,5.0,EXACT_DATE
25.68176111111111,94.06811944444443,LandslideGuard_Project_Master,2019-10-26,,2019.0,10.0,2019-10-26 00:00:00,2019.0,10.0,EXACT_DATE
27.31583333333333,88.60666666666665,LandslideGuard_Project_Master,2018-08-10,,2018.0,8.0,2018-08-10 00:00:00,2018.0,8.0,EXACT_DATE
24.99288888888889,94.23058333333331,LandslideGuard_Project_Master,2018-07-01,,2018.0,7.0,2018-07-01 00:00:00,2018.0,7.0,EXACT_DATE
24.781694444444444,93.77605555555556,LandslideGuard_Project_Master,2018-06-06,,2018.0,6.0,2018-06-06 00:00:00,2018.0,6.0,EXACT_DATE
26.11244444444445,94.75675,LandslideGuard_Project_Master,2018-05-21,,2018.0,5.0,2018-05-21 00:00:00,2018.0,5.0,EXACT_DATE
25.14435,93.94715,LandslideGuard_Project_Master,2017-06-04,,2017.0,6.0,2017-06-04 00:00:00,2017.0,6.0,EXACT_DATE
25.23908,90.63944,LandslideGuard_Project_Master,,,,,,,,NO_TEMPORAL_DATA
25.39466,90.69083,LandslideGuard_Project_Master,,,,,,,,NO_TEMPORAL_DATA
25.512611,90.658611,LandslideGuard_Project_Master,,,,,,,,NO_TEMPORAL_DATA
25.50781,90.68,LandslideGuard_Project_Master,,,,,,,,NO_TEMPORAL_DATA
25.5014,90.68972,LandslideGuard_Project_Master,,,,,,,,NO_TEMPORAL_DATA
25.56,90.37,LandslideGuard_Project_Master,,,2019.0,,,2019.0,,YEAR_ONLY
25.56,90.34,LandslideGuard_Project_Master,,,,,,,,NO_TEMPORAL_DATA
25.55,90.33,LandslideGuard_Project_Master,,,2019.0,,,2019.0,,YEAR_ONLY
25.51,90.21,LandslideGuard_Project_Master,,,2019.0,,,2019.0,,YEAR_ONLY
25.51028,90.21678,LandslideGuard_Project_Master,,,,,,,,NO_TEMPORAL_DATA
25.5,90.21,LandslideGuard_Project_Master,,,,,,,,NO_TEMPORAL_DATA
25.5,90.22,LandslideGuard_Project_Master,,,2019.0,,,2019.0,,YEAR_ONLY
25.5,90.22,LandslideGuard_Project_Master,,,,,,,,NO_TEMPORAL_DATA
25.5,90.22,LandslideGuard_Project_Master,,,2019.0,,,2019.0,,YEAR_ONLY
25.25419,90.21486,LandslideGuard_Project_Master,,,,,,,,NO_TEMPORAL_DATA
25.53,89.98,LandslideGuard_Project_Master,,,2019.0,,,2019.0,,YEAR_ONLY
25.53,89.98,LandslideGuard_Project_Master,,,2019.0,,,2019.0,,YEAR_ONLY
25.57,89.98,LandslideGuard_Project_Master,,,,,,,,NO_TEMPORAL_DATA
25.58,89.99,LandslideGuard_Project_Master,,,,,,,,NO_TEMPORAL_DATA
25.6,90.03,LandslideGuard_Project_Master,,,2019.0,,,2019.0,,YEAR_ONLY
25.67,90.18,LandslideGuard_Project_Master,,,,,,,,NO_TEMPORAL_DATA
25.6,90.29,LandslideGuard_Project_Master,,,,,,,,NO_TEMPORAL_DATA
25.61,90.29,LandslideGuard_Project_Master,,,,,,,,NO_TEMPORAL_DATA
25.61,90.29,LandslideGuard_Project_Master,,,2019.0,,,2019.0,,YEAR_ONLY
25.61,90.29,LandslideGuard_Project_Master,,,2019.0,,,2019.0,,YEAR_ONLY
25.61,90.29,LandslideGuard_Project_Master,,,,,,,,NO_TEMPORAL_DATA
25.61,90.3,LandslideGuard_Project_Master,,,,,,,,NO_TEMPORAL_DATA
25.61,90.31,LandslideGuard_Project_Master,,,,,,,,NO_TEMPORAL_DATA
25.62,90.33,LandslideGuard_Project_Master,,,,,,,,NO_TEMPORAL_DATA
25.63,90.33,LandslideGuard_Project_Master,,,,,,,,NO_TEMPORAL_DATA
25.63,90.33,LandslideGuard_Project_Master,,,,,,,,NO_TEMPORAL_DATA
25.65,90.38,LandslideGuard_Project_Master,,,,,,,,NO_TEMPORAL_DATA
25.65,90.38,LandslideGuard_Project_Master,,,,,,,,NO_TEMPORAL_DATA
25.65,90.38,LandslideGuard_Project_Master,,,2019.0,,,2019.0,,YEAR_ONLY
25.79,90.44,LandslideGuard_Project_Master,,,2019.0,,,2019.0,,YEAR_ONLY
26.006,90.595,LandslideGuard_Project_Master,,,,,,,,NO_TEMPORAL_DATA
26.061,90.605,LandslideGuard_Project_Master,,,,,,,,NO_TEMPORAL_DATA
26.3848,90.5943,LandslideGuard_Project_Master,,,,,,,,NO_TEMPORAL_DATA
26.3733,90.5499,LandslideGuard_Project_Master,,,,,,,,NO_TEMPORAL_DATA
26.394,90.48,LandslideGuard_Project_Master,,,,,,,,NO_TEMPORAL_DATA
26.198,90.298,LandslideGuard_Project_Master,,,,,,,,NO_TEMPORAL_DATA
26.763726,89.516098,LandslideGuard_Project_Master,,,2010.0,,,2010.0,,YEAR_ONLY
26.76458,89.515011,LandslideGuard_Project_Master,,,2013.0,,,2013.0,,YEAR_ONLY
26.76652,89.518722,LandslideGuard_Project_Master,,,2010.0,,,2010.0,,YEAR_ONLY
26.7669,89.51941,LandslideGuard_Project_Master,,,2014.0,,,2014.0,,YEAR_ONLY
26.762634,89.533138,LandslideGuard_Project_Master,,,2013.0,,,2013.0,,YEAR_ONLY
26.752923,89.53155,LandslideGuard_Project_Master,,,2010.0,,,2010.0,,YEAR_ONLY
26.754508,89.532505,LandslideGuard_Project_Master,,,2013.0,,,2013.0,,YEAR_ONLY
26.755962,89.532404,LandslideGuard_Project_Master,,,2013.0,,,2013.0,,YEAR_ONLY
26.756507,89.532459,LandslideGuard_Project_Master,,,2013.0,,,2013.0,,YEAR_ONLY
26.752188,89.530507,LandslideGuard_Project_Master,,,2010.0,,,2010.0,,YEAR_ONLY
26.744037,89.544807,LandslideGuard_Project_Master,,,2010.0,,,2010.0,,YEAR_ONLY
26.736381,89.548756,LandslideGuard_Project_Master,,,,,,,,NO_TEMPORAL_DATA
26.73753,89.548376,LandslideGuard_Project_Master,,,2013.0,,,2013.0,,YEAR_ONLY
26.741712,89.551058,LandslideGuard_Project_Master,,,2010.0,,,2010.0,,YEAR_ONLY
26.741357,89.556668,LandslideGuard_Project_Master,,,2010.0,,,2010.0,,YEAR_ONLY
26.743063,89.557001,LandslideGuard_Project_Master,,,2014.0,,,2014.0,,YEAR_ONLY
26.741319,89.559483,LandslideGuard_Project_Master,,,2010.0,,,2010.0,,YEAR_ONLY
26.737821,89.582219,LandslideGuard_Project_Master,,,2013.0,,,2013.0,,YEAR_ONLY
26.738346,89.58033,LandslideGuard_Project_Master,,,2014.0,,,2014.0,,YEAR_ONLY
26.739567,89.580845,LandslideGuard_Project_Master,,,2010.0,,,2010.0,,YEAR_ONLY
26.739942,89.581986,LandslideGuard_Project_Master,,,2010.0,,,2010.0,,YEAR_ONLY
26.741097,89.582122,LandslideGuard_Project_Master,,,2010.0,,,2010.0,,YEAR_ONLY
26.740521,89.581318,LandslideGuard_Project_Master,,,2013.0,,,2013.0,,YEAR_ONLY
26.741796,89.582279,LandslideGuard_Project_Master,,,2013.0,,,2013.0,,YEAR_ONLY
26.736736,89.559603,LandslideGuard_Project_Master,,,2013.0,,,2013.0,,YEAR_ONLY
26.743949,89.563543,LandslideGuard_Project_Master,,,2014.0,,,2014.0,,YEAR_ONLY
26.74198,89.559649,LandslideGuard_Project_Master,,,2010.0,,,2010.0,,YEAR_ONLY
26.744568,89.561399,LandslideGuard_Project_Master,,,2013.0,,,2013.0,,YEAR_ONLY
26.744639,89.563651,LandslideGuard_Project_Master,,,2013.0,,,2013.0,,YEAR_ONLY
26.749295,89.565838,LandslideGuard_Project_Master,,,2010.0,,,2010.0,,YEAR_ONLY
26.746068,89.572945,LandslideGuard_Project_Master,,,2014.0,,,2014.0,,YEAR_ONLY
26.748195,89.572542,LandslideGuard_Project_Master,,,2010.0,,,2010.0,,YEAR_ONLY
26.749097,89.571653,LandslideGuard_Project_Master,,,2010.0,,,2010.0,,YEAR_ONLY
26.746847,89.576522,LandslideGuard_Project_Master,,,2010.0,,,2010.0,,YEAR_ONLY
26.747297,89.574903,LandslideGuard_Project_Master,,,2010.0,,,2010.0,,YEAR_ONLY
26.745585,89.575162,LandslideGuard_Project_Master,,,2014.0,,,2014.0,,YEAR_ONLY
26.745786,89.575991,LandslideGuard_Project_Master,,,2010.0,,,2010.0,,YEAR_ONLY
26.744996,89.576444,LandslideGuard_Project_Master,,,2013.0,,,2013.0,,YEAR_ONLY
26.744969,89.577209,LandslideGuard_Project_Master,,,2010.0,,,2010.0,,YEAR_ONLY
26.746878,89.578814,LandslideGuard_Project_Master,,,2010.0,,,2010.0,,YEAR_ONLY
26.747769,89.578706,LandslideGuard_Project_Master,,,2013.0,,,2013.0,,YEAR_ONLY
26.752334,89.582548,LandslideGuard_Project_Master,,,2010.0,,,2010.0,,YEAR_ONLY
26.755056,89.579472,LandslideGuard_Project_Master,,,1983.0,,,1983.0,,YEAR_ONLY
26.753198,89.575547,LandslideGuard_Project_Master,,,2010.0,,,2010.0,,YEAR_ONLY
26.751854,89.573934,LandslideGuard_Project_Master,,,2010.0,,,2010.0,,YEAR_ONLY
26.751889,89.573194,LandslideGuard_Project_Master,,,2016.0,,,2016.0,,YEAR_ONLY
26.756006,89.573697,LandslideGuard_Project_Master,,,2013.0,,,2013.0,,YEAR_ONLY
26.760226,89.57299,LandslideGuard_Project_Master,,,2010.0,,,2010.0,,YEAR_ONLY
26.7585,89.575167,LandslideGuard_Project_Master,,,1997.0,,,1997.0,,YEAR_ONLY
26.764622,89.575733,LandslideGuard_Project_Master,,,2010.0,,,2010.0,,YEAR_ONLY
26.764815,89.575115,LandslideGuard_Project_Master,,,2013.0,,,2013.0,,YEAR_ONLY
26.763655,89.57447,LandslideGuard_Project_Master,,,2010.0,,,2010.0,,YEAR_ONLY
26.764361,89.549075,LandslideGuard_Project_Master,,,,,,,,NO_TEMPORAL_DATA
26.763773,89.548058,LandslideGuard_Project_Master,,,2010.0,,,2010.0,,YEAR_ONLY
26.761159,89.555181,LandslideGuard_Project_Master,,,2013.0,,,2013.0,,YEAR_ONLY
26.746034,89.552114,LandslideGuard_Project_Master,,,2010.0,,,2010.0,,YEAR_ONLY
26.748687,89.545447,LandslideGuard_Project_Master,,,2010.0,,,2010.0,,YEAR_ONLY
26.744954,89.545691,LandslideGuard_Project_Master,,,2013.0,,,2013.0,,YEAR_ONLY
26.745768,89.545782,LandslideGuard_Project_Master,,,2010.0,,,2010.0,,YEAR_ONLY
26.746047,89.545292,LandslideGuard_Project_Master,,,2013.0,,,2013.0,,YEAR_ONLY
26.746646,89.54639,LandslideGuard_Project_Master,,,2014.0,,,2014.0,,YEAR_ONLY
26.746668,89.544673,LandslideGuard_Project_Master,,,2010.0,,,2010.0,,YEAR_ONLY
26.74742,89.543286,LandslideGuard_Project_Master,,,2013.0,,,2013.0,,YEAR_ONLY
26.749981,89.542876,LandslideGuard_Project_Master,,,2010.0,,,2010.0,,YEAR_ONLY
26.751646,89.537149,LandslideGuard_Project_Master,,,2010.0,,,2010.0,,YEAR_ONLY
26.753866,89.538943,LandslideGuard_Project_Master,,,2013.0,,,2013.0,,YEAR_ONLY
26.751301,89.541305,LandslideGuard_Project_Master,,,2010.0,,,2010.0,,YEAR_ONLY
26.752126,89.540786,LandslideGuard_Project_Master,,,2010.0,,,2010.0,,YEAR_ONLY
26.752908,89.540543,LandslideGuard_Project_Master,,,2010.0,,,2010.0,,YEAR_ONLY
26.755764,89.537427,LandslideGuard_Project_Master,,,2006.0,,,2006.0,,YEAR_ONLY
26.757606,89.536409,LandslideGuard_Project_Master,,,2013.0,,,2013.0,,YEAR_ONLY
26.758628,89.537414,LandslideGuard_Project_Master,,,2013.0,,,2013.0,,YEAR_ONLY
26.75886,89.538117,LandslideGuard_Project_Master,,,2014.0,,,2014.0,,YEAR_ONLY
26.759367,89.537476,LandslideGuard_Project_Master,,,2010.0,,,2010.0,,YEAR_ONLY
26.76751,89.540679,LandslideGuard_Project_Master,,,2010.0,,,2010.0,,YEAR_ONLY
26.767711,89.537545,LandslideGuard_Project_Master,,,2013.0,,,2013.0,,YEAR_ONLY
26.791179,89.552579,LandslideGuard_Project_Master,,,2014.0,,,2014.0,,YEAR_ONLY
26.787922,89.554412,LandslideGuard_Project_Master,,,2013.0,,,2013.0,,YEAR_ONLY
26.806924,89.555868,LandslideGuard_Project_Master,,,2010.0,,,2010.0,,YEAR_ONLY
26.802042,89.545737,LandslideGuard_Project_Master,,,2014.0,,,2014.0,,YEAR_ONLY
26.81804,89.532415,LandslideGuard_Project_Master,,,2006.0,,,2006.0,,YEAR_ONLY
26.816543,89.529176,LandslideGuard_Project_Master,,,2006.0,,,2006.0,,YEAR_ONLY
26.81101,89.520648,LandslideGuard_Project_Master,,,2006.0,,,2006.0,,YEAR_ONLY
26.775991,89.528204,LandslideGuard_Project_Master,,,2011.0,,,2011.0,,YEAR_ONLY
26.773601,89.528719,LandslideGuard_Project_Master,,,2009.0,,,2009.0,,YEAR_ONLY
26.771816,89.527734,LandslideGuard_Project_Master,,,2009.0,,,2009.0,,YEAR_ONLY
26.770214,89.523706,LandslideGuard_Project_Master,,,2013.0,,,2013.0,,YEAR_ONLY
26.771132,89.522469,LandslideGuard_Project_Master,,,2012.0,,,2012.0,,YEAR_ONLY
26.770754,89.520948,LandslideGuard_Project_Master,,,2014.0,,,2014.0,,YEAR_ONLY
26.774359,89.51926,LandslideGuard_Project_Master,,,2010.0,,,2010.0,,YEAR_ONLY
26.771466,89.518474,LandslideGuard_Project_Master,,,2010.0,,,2010.0,,YEAR_ONLY
26.770658,89.515175,LandslideGuard_Project_Master,,,2006.0,,,2006.0,,YEAR_ONLY
26.778326,89.518853,LandslideGuard_Project_Master,,,2010.0,,,2010.0,,YEAR_ONLY
26.791765,89.524014,LandslideGuard_Project_Master,,,2014.0,,,2014.0,,YEAR_ONLY
26.79149,89.510085,LandslideGuard_Project_Master,,,2010.0,,,2010.0,,YEAR_ONLY
26.792041,89.509081,LandslideGuard_Project_Master,,,2014.0,,,2014.0,,YEAR_ONLY
26.791688,89.508924,LandslideGuard_Project_Master,,,2014.0,,,2014.0,,YEAR_ONLY
26.793006,89.510346,LandslideGuard_Project_Master,,,2014.0,,,2014.0,,YEAR_ONLY
26.79458,89.507123,LandslideGuard_Project_Master,,,2010.0,,,2010.0,,YEAR_ONLY
26.782916,89.507972,LandslideGuard_Project_Master,,,2013.0,,,2013.0,,YEAR_ONLY
26.78483,89.511116,LandslideGuard_Project_Master,,,2013.0,,,2013.0,,YEAR_ONLY
26.778083,89.503746,LandslideGuard_Project_Master,,,2013.0,,,2013.0,,YEAR_ONLY
26.78001,89.505339,LandslideGuard_Project_Master,,,2010.0,,,2010.0,,YEAR_ONLY
26.810627,89.29571,LandslideGuard_Project_Master,,,2013.0,,,2013.0,,YEAR_ONLY
26.813084,89.287357,LandslideGuard_Project_Master,,,2009.0,,,2009.0,,YEAR_ONLY
26.820341,89.286787,LandslideGuard_Project_Master,,,2010.0,,,2010.0,,YEAR_ONLY
26.819548,89.285973,LandslideGuard_Project_Master,,,2010.0,,,2010.0,,YEAR_ONLY
26.819918,89.273771,LandslideGuard_Project_Master,,,2010.0,,,2010.0,,YEAR_ONLY
26.819945,89.272919,LandslideGuard_Project_Master,,,2010.0,,,2010.0,,YEAR_ONLY
26.81963,89.271791,LandslideGuard_Project_Master,,,2010.0,,,2010.0,,YEAR_ONLY
26.81062,89.265369,LandslideGuard_Project_Master,,,2014.0,,,2014.0,,YEAR_ONLY
26.814007,89.268991,LandslideGuard_Project_Master,,,2009.0,,,2009.0,,YEAR_ONLY
26.815245,89.255906,LandslideGuard_Project_Master,,,2009.0,,,2009.0,,YEAR_ONLY
26.816066,89.256062,LandslideGuard_Project_Master,,,2010.0,,,2010.0,,YEAR_ONLY
26.81289,89.256075,LandslideGuard_Project_Master,,,2010.0,,,2010.0,,YEAR_ONLY
26.816804,89.241927,LandslideGuard_Project_Master,,,2012.0,,,2012.0,,YEAR_ONLY
26.815137,89.235633,LandslideGuard_Project_Master,,,2011.0,,,2011.0,,YEAR_ONLY
26.815498,89.240905,LandslideGuard_Project_Master,,,2002.0,,,2002.0,,YEAR_ONLY
26.811637,89.240931,LandslideGuard_Project_Master,,,2006.0,,,2006.0,,YEAR_ONLY
26.812813,89.23756,LandslideGuard_Project_Master,,,2009.0,,,2009.0,,YEAR_ONLY
26.812609,89.235947,LandslideGuard_Project_Master,,,2002.0,,,2002.0,,YEAR_ONLY
26.811897,89.236264,LandslideGuard_Project_Master,,,2006.0,,,2006.0,,YEAR_ONLY
26.810923,89.243085,LandslideGuard_Project_Master,,,2002.0,,,2002.0,,YEAR_ONLY
26.810848,89.242649,LandslideGuard_Project_Master,,,2015.0,,,2015.0,,YEAR_ONLY
26.811707,89.241801,LandslideGuard_Project_Master,,,2009.0,,,2009.0,,YEAR_ONLY
26.811375,89.242273,LandslideGuard_Project_Master,,,2013.0,,,2013.0,,YEAR_ONLY
26.811349,89.242634,LandslideGuard_Project_Master,,,2010.0,,,2010.0,,YEAR_ONLY
26.812299,89.242235,LandslideGuard_Project_Master,,,2010.0,,,2010.0,,YEAR_ONLY
26.813692,89.242207,LandslideGuard_Project_Master,,,2010.0,,,2010.0,,YEAR_ONLY
26.813456,89.243276,LandslideGuard_Project_Master,,,2006.0,,,2006.0,,YEAR_ONLY
26.812041,89.245515,LandslideGuard_Project_Master,,,2002.0,,,2002.0,,YEAR_ONLY
26.813509,89.245041,LandslideGuard_Project_Master,,,2010.0,,,2010.0,,YEAR_ONLY
26.812658,89.23477,LandslideGuard_Project_Master,,,2009.0,,,2009.0,,YEAR_ONLY
26.817154,89.234601,LandslideGuard_Project_Master,,,2006.0,,,2006.0,,YEAR_ONLY
26.817018,89.232824,LandslideGuard_Project_Master,,,2012.0,,,2012.0,,YEAR_ONLY
26.818167,89.235202,LandslideGuard_Project_Master,,,2006.0,,,2006.0,,YEAR_ONLY
26.819352,89.235089,LandslideGuard_Project_Master,,,2011.0,,,2011.0,,YEAR_ONLY
26.826378,89.2831,LandslideGuard_Project_Master,,,2013.0,,,2013.0,,YEAR_ONLY
26.823111,89.287558,LandslideGuard_Project_Master,,,2006.0,,,2006.0,,YEAR_ONLY
26.827403,89.28424,LandslideGuard_Project_Master,,,2011.0,,,2011.0,,YEAR_ONLY
26.720164,89.732419,LandslideGuard_Project_Master,,,,,,,,NO_TEMPORAL_DATA
26.720985,89.71678,LandslideGuard_Project_Master,,,,,,,,NO_TEMPORAL_DATA
26.731381,89.706565,LandslideGuard_Project_Master,,,2010.0,,,2010.0,,YEAR_ONLY
26.730668,89.704771,LandslideGuard_Project_Master,,,2010.0,,,2010.0,,YEAR_ONLY
26.729066,89.706882,LandslideGuard_Project_Master,,,2013.0,,,2013.0,,YEAR_ONLY
26.727431,89.707275,LandslideGuard_Project_Master,,,2013.0,,,2013.0,,YEAR_ONLY
26.721004,89.706153,LandslideGuard_Project_Master,,,2014.0,,,2014.0,,YEAR_ONLY
26.720082,89.706828,LandslideGuard_Project_Master,,,,,,,,NO_TEMPORAL_DATA
26.72316,89.704932,LandslideGuard_Project_Master,,,2006.0,,,2006.0,,YEAR_ONLY
26.722312,89.703963,LandslideGuard_Project_Master,,,2010.0,,,2010.0,,YEAR_ONLY
26.721483,89.701122,LandslideGuard_Project_Master,,,,,,,,NO_TEMPORAL_DATA
26.723744,89.700944,LandslideGuard_Project_Master,,,2010.0,,,2010.0,,YEAR_ONLY
26.725139,89.700014,LandslideGuard_Project_Master,,,2013.0,,,2013.0,,YEAR_ONLY
26.725397,89.702895,LandslideGuard_Project_Master,,,2010.0,,,2010.0,,YEAR_ONLY
26.729015,89.702512,LandslideGuard_Project_Master,,,2013.0,,,2013.0,,YEAR_ONLY
26.728725,89.703195,LandslideGuard_Project_Master,,,2013.0,,,2013.0,,YEAR_ONLY
26.730764,89.703898,LandslideGuard_Project_Master,,,2010.0,,,2010.0,,YEAR_ONLY
26.730652,89.701861,LandslideGuard_Project_Master,,,2010.0,,,2010.0,,YEAR_ONLY
26.733551,89.70416,LandslideGuard_Project_Master,,,2013.0,,,2013.0,,YEAR_ONLY
26.733418,89.702778,LandslideGuard_Project_Master,,,2010.0,,,2010.0,,YEAR_ONLY
26.734156,89.704926,LandslideGuard_Project_Master,,,2013.0,,,2013.0,,YEAR_ONLY
26.731708,89.705659,LandslideGuard_Project_Master,,,2013.0,,,2013.0,,YEAR_ONLY
26.728732,89.696887,LandslideGuard_Project_Master,,,2010.0,,,2010.0,,YEAR_ONLY
26.725383,89.695611,LandslideGuard_Project_Master,,,2014.0,,,2014.0,,YEAR_ONLY
26.725333,89.696915,LandslideGuard_Project_Master,,,2013.0,,,2013.0,,YEAR_ONLY
26.726136,89.697763,LandslideGuard_Project_Master,,,2010.0,,,2010.0,,YEAR_ONLY
26.725148,89.695689,LandslideGuard_Project_Master,,,2014.0,,,2014.0,,YEAR_ONLY
26.721796,89.695918,LandslideGuard_Project_Master,,,2010.0,,,2010.0,,YEAR_ONLY
26.726804,89.690299,LandslideGuard_Project_Master,,,2013.0,,,2013.0,,YEAR_ONLY
26.726126,89.690202,LandslideGuard_Project_Master,,,2013.0,,,2013.0,,YEAR_ONLY
26.728314,89.678374,LandslideGuard_Project_Master,,,2013.0,,,2013.0,,YEAR_ONLY
26.736281,89.684397,LandslideGuard_Project_Master,,,2014.0,,,2014.0,,YEAR_ONLY
26.772288,89.639314,LandslideGuard_Project_Master,,,2014.0,,,2014.0,,YEAR_ONLY
26.769896,89.639487,LandslideGuard_Project_Master,,,2013.0,,,2013.0,,YEAR_ONLY
26.771904,89.638372,LandslideGuard_Project_Master,,,2009.0,,,2009.0,,YEAR_ONLY
26.783885,89.597472,LandslideGuard_Project_Master,,,2010.0,,,2010.0,,YEAR_ONLY
26.77388,89.588716,LandslideGuard_Project_Master,,,2012.0,,,2012.0,,YEAR_ONLY
26.777745,89.598352,LandslideGuard_Project_Master,,,2013.0,,,2013.0,,YEAR_ONLY
26.770288,89.605639,LandslideGuard_Project_Master,,,2015.0,,,2015.0,,YEAR_ONLY
26.770707,89.610986,LandslideGuard_Project_Master,,,2006.0,,,2006.0,,YEAR_ONLY
26.775122,89.626907,LandslideGuard_Project_Master,,,2010.0,,,2010.0,,YEAR_ONLY
26.747598,89.628951,LandslideGuard_Project_Master,,,2014.0,,,2014.0,,YEAR_ONLY
26.74731,89.612784,LandslideGuard_Project_Master,,,2010.0,,,2010.0,,YEAR_ONLY
26.750041,89.613767,LandslideGuard_Project_Master,,,2013.0,,,2013.0,,YEAR_ONLY
26.750535,89.609997,LandslideGuard_Project_Master,,,2014.0,,,2014.0,,YEAR_ONLY
26.750732,89.608857,LandslideGuard_Project_Master,,,2013.0,,,2013.0,,YEAR_ONLY
26.749312,89.608213,LandslideGuard_Project_Master,,,2014.0,,,2014.0,,YEAR_ONLY
26.76633,89.589899,LandslideGuard_Project_Master,,,2010.0,,,2010.0,,YEAR_ONLY
26.766963,89.591324,LandslideGuard_Project_Master,,,2010.0,,,2010.0,,YEAR_ONLY
26.751809,89.586809,LandslideGuard_Project_Master,,,2010.0,,,2010.0,,YEAR_ONLY
26.750601,89.585343,LandslideGuard_Project_Master,,,2013.0,,,2013.0,,YEAR_ONLY
26.745627,89.583733,LandslideGuard_Project_Master,,,2014.0,,,2014.0,,YEAR_ONLY
26.744371,89.594161,LandslideGuard_Project_Master,,,2010.0,,,2010.0,,YEAR_ONLY
26.754747,89.595499,LandslideGuard_Project_Master,,,2013.0,,,2013.0,,YEAR_ONLY
26.754369,89.600887,LandslideGuard_Project_Master,,,2013.0,,,2013.0,,YEAR_ONLY
26.743755,89.592095,LandslideGuard_Project_Master,,,2010.0,,,2010.0,,YEAR_ONLY
26.738387,89.590009,LandslideGuard_Project_Master,,,2010.0,,,2010.0,,YEAR_ONLY
26.739459,89.58927,LandslideGuard_Project_Master,,,2010.0,,,2010.0,,YEAR_ONLY
26.743731,89.591179,LandslideGuard_Project_Master,,,2014.0,,,2014.0,,YEAR_ONLY
26.742264,89.583707,LandslideGuard_Project_Master,,,2014.0,,,2014.0,,YEAR_ONLY
26.740481,89.582804,LandslideGuard_Project_Master,,,2010.0,,,2010.0,,YEAR_ONLY
26.738399,89.587948,LandslideGuard_Project_Master,,,,,,,,NO_TEMPORAL_DATA
26.738801,89.588303,LandslideGuard_Project_Master,,,2014.0,,,2014.0,,YEAR_ONLY
26.734883,89.588067,LandslideGuard_Project_Master,,,,,,,,NO_TEMPORAL_DATA
26.736512,89.584384,LandslideGuard_Project_Master,,,2014.0,,,2014.0,,YEAR_ONLY
26.73245,89.594123,LandslideGuard_Project_Master,,,2010.0,,,2010.0,,YEAR_ONLY
26.730994,89.591578,LandslideGuard_Project_Master,,,2014.0,,,2014.0,,YEAR_ONLY
26.731227,89.594586,LandslideGuard_Project_Master,,,2013.0,,,2013.0,,YEAR_ONLY
26.730104,89.596529,LandslideGuard_Project_Master,,,2013.0,,,2013.0,,YEAR_ONLY
26.728875,89.598082,LandslideGuard_Project_Master,,,,,,,,NO_TEMPORAL_DATA
26.72496,89.605536,LandslideGuard_Project_Master,,,2010.0,,,2010.0,,YEAR_ONLY
26.723073,89.603803,LandslideGuard_Project_Master,,,2010.0,,,2010.0,,YEAR_ONLY
26.723096,89.602048,LandslideGuard_Project_Master,,,2010.0,,,2010.0,,YEAR_ONLY
26.722906,89.602859,LandslideGuard_Project_Master,,,2006.0,,,2006.0,,YEAR_ONLY
26.72141,89.602269,LandslideGuard_Project_Master,,,,,,,,NO_TEMPORAL_DATA
26.720407,89.601334,LandslideGuard_Project_Master,,,,,,,,NO_TEMPORAL_DATA
26.721859,89.603715,LandslideGuard_Project_Master,,,2013.0,,,2013.0,,YEAR_ONLY
26.733606,89.607492,LandslideGuard_Project_Master,,,2010.0,,,2010.0,,YEAR_ONLY
26.732071,89.607514,LandslideGuard_Project_Master,,,2013.0,,,2013.0,,YEAR_ONLY
26.737514,89.621401,LandslideGuard_Project_Master,,,2013.0,,,2013.0,,YEAR_ONLY
26.735324,89.619356,LandslideGuard_Project_Master,,,2014.0,,,2014.0,,YEAR_ONLY
26.741273,89.620138,LandslideGuard_Project_Master,,,2014.0,,,2014.0,,YEAR_ONLY
26.719039,89.622358,LandslideGuard_Project_Master,,,2013.0,,,2013.0,,YEAR_ONLY
26.719053,89.62327,LandslideGuard_Project_Master,,,,,,,,NO_TEMPORAL_DATA
26.720464,89.625852,LandslideGuard_Project_Master,,,,,,,,NO_TEMPORAL_DATA
26.721106,89.627529,LandslideGuard_Project_Master,,,,,,,,NO_TEMPORAL_DATA
26.719701,89.626575,LandslideGuard_Project_Master,,,,,,,,NO_TEMPORAL_DATA
26.720849,89.631044,LandslideGuard_Project_Master,,,,,,,,NO_TEMPORAL_DATA
26.719062,89.63219,LandslideGuard_Project_Master,,,,,,,,NO_TEMPORAL_DATA
26.718916,89.633614,LandslideGuard_Project_Master,,,,,,,,NO_TEMPORAL_DATA
26.719376,89.641303,LandslideGuard_Project_Master,,,,,,,,NO_TEMPORAL_DATA
26.719928,89.645409,LandslideGuard_Project_Master,,,2010.0,,,2010.0,,YEAR_ONLY
26.756004,89.63729,LandslideGuard_Project_Master,,,2010.0,,,2010.0,,YEAR_ONLY
26.769557,89.63951,LandslideGuard_Project_Master,,,2013.0,,,2013.0,,YEAR_ONLY
26.765101,89.659038,LandslideGuard_Project_Master,,,2013.0,,,2013.0,,YEAR_ONLY
26.768972,89.659057,LandslideGuard_Project_Master,,,2006.0,,,2006.0,,YEAR_ONLY
26.722029,89.66895,LandslideGuard_Project_Master,,,2010.0,,,2010.0,,YEAR_ONLY
26.722834,89.669253,LandslideGuard_Project_Master,,,2010.0,,,2010.0,,YEAR_ONLY
26.719755,89.675165,LandslideGuard_Project_Master,,,,,,,,NO_TEMPORAL_DATA
26.712827,89.673175,LandslideGuard_Project_Master,,,2010.0,,,2010.0,,YEAR_ONLY
26.708497,89.668387,LandslideGuard_Project_Master,,,,,,,,NO_TEMPORAL_DATA
26.70946,89.652984,LandslideGuard_Project_Master,,,,,,,,NO_TEMPORAL_DATA
26.706854,89.652206,LandslideGuard_Project_Master,,,,,,,,NO_TEMPORAL_DATA
26.709626,89.659863,LandslideGuard_Project_Master,,,,,,,,NO_TEMPORAL_DATA
26.701309,89.659413,LandslideGuard_Project_Master,,,,,,,,NO_TEMPORAL_DATA
26.700549,89.659279,LandslideGuard_Project_Master,,,,,,,,NO_TEMPORAL_DATA
26.701246,89.658041,LandslideGuard_Project_Master,,,,,,,,NO_TEMPORAL_DATA
26.702347,89.659185,LandslideGuard_Project_Master,,,2014.0,,,2014.0,,YEAR_ONLY
26.704352,89.658239,LandslideGuard_Project_Master,,,,,,,,NO_TEMPORAL_DATA
26.703216,89.658846,LandslideGuard_Project_Master,,,,,,,,NO_TEMPORAL_DATA
26.70484,89.659596,LandslideGuard_Project_Master,,,2013.0,,,2013.0,,YEAR_ONLY
26.702077,89.652196,LandslideGuard_Project_Master,,,,,,,,NO_TEMPORAL_DATA
26.699356,89.654357,LandslideGuard_Project_Master,,,2013.0,,,2013.0,,YEAR_ONLY
26.698909,89.653895,LandslideGuard_Project_Master,,,,,,,,NO_TEMPORAL_DATA
26.699344,89.653041,LandslideGuard_Project_Master,,,,,,,,NO_TEMPORAL_DATA
26.694991,89.666126,LandslideGuard_Project_Master,,,,,,,,NO_TEMPORAL_DATA
26.69688,89.66714,LandslideGuard_Project_Master,,,,,,,,NO_TEMPORAL_DATA
26.698105,89.667295,LandslideGuard_Project_Master,,,2014.0,,,2014.0,,YEAR_ONLY
26.697605,89.668823,LandslideGuard_Project_Master,,,2014.0,,,2014.0,,YEAR_ONLY
26.701294,89.663877,LandslideGuard_Project_Master,,,,,,,,NO_TEMPORAL_DATA
26.702468,89.671815,LandslideGuard_Project_Master,,,,,,,,NO_TEMPORAL_DATA
26.701219,89.675059,LandslideGuard_Project_Master,,,,,,,,NO_TEMPORAL_DATA
26.697787,89.674596,LandslideGuard_Project_Master,,,,,,,,NO_TEMPORAL_DATA
26.697469,89.674282,LandslideGuard_Project_Master,,,,,,,,NO_TEMPORAL_DATA
26.698316,89.670491,LandslideGuard_Project_Master,,,,,,,,NO_TEMPORAL_DATA
26.698006,89.66996,LandslideGuard_Project_Master,,,,,,,,NO_TEMPORAL_DATA
26.697002,89.67145,LandslideGuard_Project_Master,,,,,,,,NO_TEMPORAL_DATA
26.695182,89.670162,LandslideGuard_Project_Master,,,,,,,,NO_TEMPORAL_DATA
26.693764,89.670291,LandslideGuard_Project_Master,,,,,,,,NO_TEMPORAL_DATA
26.691649,89.668421,LandslideGuard_Project_Master,,,,,,,,NO_TEMPORAL_DATA
26.698583,89.651431,LandslideGuard_Project_Master,,,,,,,,NO_TEMPORAL_DATA
26.6992,89.650526,LandslideGuard_Project_Master,,,2014.0,,,2014.0,,YEAR_ONLY
26.699995,89.648509,LandslideGuard_Project_Master,,,2013.0,,,2013.0,,YEAR_ONLY
26.701441,89.650072,LandslideGuard_Project_Master,,,2014.0,,,2014.0,,YEAR_ONLY
26.703096,89.650709,LandslideGuard_Project_Master,,,,,,,,NO_TEMPORAL_DATA
26.704778,89.651846,LandslideGuard_Project_Master,,,,,,,,NO_TEMPORAL_DATA
26.706079,89.650296,LandslideGuard_Project_Master,,,,,,,,NO_TEMPORAL_DATA
26.70396,89.649095,LandslideGuard_Project_Master,,,2014.0,,,2014.0,,YEAR_ONLY
26.71284,89.650234,LandslideGuard_Project_Master,,,2010.0,,,2010.0,,YEAR_ONLY
26.716633,89.646406,LandslideGuard_Project_Master,,,2010.0,,,2010.0,,YEAR_ONLY
26.718008,89.636558,LandslideGuard_Project_Master,,,,,,,,NO_TEMPORAL_DATA
26.708221,89.632295,LandslideGuard_Project_Master,,,,,,,,NO_TEMPORAL_DATA
26.714744,89.629594,LandslideGuard_Project_Master,,,2013.0,,,2013.0,,YEAR_ONLY
26.713646,89.630723,LandslideGuard_Project_Master,,,2014.0,,,2014.0,,YEAR_ONLY
26.713313,89.631301,LandslideGuard_Project_Master,,,2013.0,,,2013.0,,YEAR_ONLY
26.71728,89.634133,LandslideGuard_Project_Master,,,,,,,,NO_TEMPORAL_DATA
26.718168,89.633178,LandslideGuard_Project_Master,,,,,,,,NO_TEMPORAL_DATA
26.717895,89.632433,LandslideGuard_Project_Master,,,,,,,,NO_TEMPORAL_DATA
26.71832,89.631304,LandslideGuard_Project_Master,,,,,,,,NO_TEMPORAL_DATA
26.716294,89.630905,LandslideGuard_Project_Master,,,2010.0,,,2010.0,,YEAR_ONLY
26.716652,89.629465,LandslideGuard_Project_Master,,,,,,,,NO_TEMPORAL_DATA
26.718004,89.630081,LandslideGuard_Project_Master,,,2014.0,,,2014.0,,YEAR_ONLY
26.714688,89.627454,LandslideGuard_Project_Master,,,,,,,,NO_TEMPORAL_DATA
26.718554,89.622938,LandslideGuard_Project_Master,,,2014.0,,,2014.0,,YEAR_ONLY
26.718267,89.622241,LandslideGuard_Project_Master,,,,,,,,NO_TEMPORAL_DATA
26.716209,89.618033,LandslideGuard_Project_Master,,,2010.0,,,2010.0,,YEAR_ONLY
26.716554,89.619513,LandslideGuard_Project_Master,,,2010.0,,,2010.0,,YEAR_ONLY
26.701042,89.678464,LandslideGuard_Project_Master,,,,,,,,NO_TEMPORAL_DATA
26.702313,89.678524,LandslideGuard_Project_Master,,,,,,,,NO_TEMPORAL_DATA
26.70289,89.677054,LandslideGuard_Project_Master,,,2014.0,,,2014.0,,YEAR_ONLY
26.701824,89.675453,LandslideGuard_Project_Master,,,,,,,,NO_TEMPORAL_DATA
26.71038,89.677369,LandslideGuard_Project_Master,,,,,,,,NO_TEMPORAL_DATA
26.710136,89.692256,LandslideGuard_Project_Master,,,,,,,,NO_TEMPORAL_DATA
26.715021,89.695249,LandslideGuard_Project_Master,,,2014.0,,,2014.0,,YEAR_ONLY
26.71572,89.693802,LandslideGuard_Project_Master,,,,,,,,NO_TEMPORAL_DATA
26.712434,89.696872,LandslideGuard_Project_Master,,,2013.0,,,2013.0,,YEAR_ONLY
26.710025,89.693916,LandslideGuard_Project_Master,,,,,,,,NO_TEMPORAL_DATA
26.718492,89.704783,LandslideGuard_Project_Master,,,,,,,,NO_TEMPORAL_DATA
26.718748,89.70504,LandslideGuard_Project_Master,,,,,,,,NO_TEMPORAL_DATA
26.718084,89.705959,LandslideGuard_Project_Master,,,,,,,,NO_TEMPORAL_DATA
26.718472,89.705966,LandslideGuard_Project_Master,,,,,,,,NO_TEMPORAL_DATA
26.717275,89.716875,LandslideGuard_Project_Master,,,,,,,,NO_TEMPORAL_DATA
26.71856,89.719515,LandslideGuard_Project_Master,,,2014.0,,,2014.0,,YEAR_ONLY
26.717071,89.730905,LandslideGuard_Project_Master,,,2010.0,,,2010.0,,YEAR_ONLY
27.749111,88.542972,LandslideGuard_Project_Master,,,,,,,,NO_TEMPORAL_DATA
27.745194,88.544278,LandslideGuard_Project_Master,,,,,,,,NO_TEMPORAL_DATA
27.740944,88.545361,LandslideGuard_Project_Master,,,,,,,,NO_TEMPORAL_DATA
27.74075,88.54525,LandslideGuard_Project_Master,,,,,,,,NO_TEMPORAL_DATA
27.735278,88.54925,LandslideGuard_Project_Master,,,,,,,,NO_TEMPORAL_DATA
27.726083,88.54975,LandslideGuard_Project_Master,,,,,,,,NO_TEMPORAL_DATA
27.728472,88.551667,LandslideGuard_Project_Master,,,,,,,,NO_TEMPORAL_DATA
27.724222,88.552861,LandslideGuard_Project_Master,,,,,,,,NO_TEMPORAL_DATA
27.723611,88.550472,LandslideGuard_Project_Master,,,,,,,,NO_TEMPORAL_DATA
27.713944,88.557361,LandslideGuard_Project_Master,,,,,,,,NO_TEMPORAL_DATA
27.704306,88.560694,LandslideGuard_Project_Master,,,,,,,,NO_TEMPORAL_DATA
27.704028,88.56175,LandslideGuard_Project_Master,,,,,,,,NO_TEMPORAL_DATA
27.703917,88.562306,LandslideGuard_Project_Master,,,,,,,,NO_TEMPORAL_DATA
27.652861,88.607,LandslideGuard_Project_Master,,,,,,,,NO_TEMPORAL_DATA
27.662444,88.602556,LandslideGuard_Project_Master,,,,,,,,NO_TEMPORAL_DATA
27.676722,88.597194,LandslideGuard_Project_Master,,,,,,,,NO_TEMPORAL_DATA
27.697139,88.57025,LandslideGuard_Project_Master,,,,,,,,NO_TEMPORAL_DATA
27.700444,88.566083,LandslideGuard_Project_Master,,,,,,,,NO_TEMPORAL_DATA
27.701333,88.565083,LandslideGuard_Project_Master,,,,,,,,NO_TEMPORAL_DATA
27.641139,88.612,LandslideGuard_Project_Master,,,,,,,,NO_TEMPORAL_DATA
27.637167,88.712028,LandslideGuard_Project_Master,,,,,,,,NO_TEMPORAL_DATA
27.638694,88.711694,LandslideGuard_Project_Master,,,,,,,,NO_TEMPORAL_DATA
27.675778,88.733417,LandslideGuard_Project_Master,,,,,,,,NO_TEMPORAL_DATA
27.686389,88.73875,LandslideGuard_Project_Master,,,,,,,,NO_TEMPORAL_DATA
27.6295,88.692778,LandslideGuard_Project_Master,,,,,,,,NO_TEMPORAL_DATA
27.629361,88.695194,LandslideGuard_Project_Master,,,,,,,,NO_TEMPORAL_DATA
27.628083,88.685306,LandslideGuard_Project_Master,,,,,,,,NO_TEMPORAL_DATA
27.613444,88.656528,LandslideGuard_Project_Master,,,,,,,,NO_TEMPORAL_DATA
27.611333,88.655222,LandslideGuard_Project_Master,,,,,,,,NO_TEMPORAL_DATA
27.629944,88.619833,LandslideGuard_Project_Master,,,,,,,,NO_TEMPORAL_DATA
27.619722,88.618861,LandslideGuard_Project_Master,,,,,,,,NO_TEMPORAL_DATA
27.621806,88.618694,LandslideGuard_Project_Master,,,,,,,,NO_TEMPORAL_DATA
27.61775,88.623639,LandslideGuard_Project_Master,,,,,,,,NO_TEMPORAL_DATA
27.609056,88.652028,LandslideGuard_Project_Master,,,,,,,,NO_TEMPORAL_DATA
27.575444,88.651417,LandslideGuard_Project_Master,,,,,,,,NO_TEMPORAL_DATA
27.554889,88.654444,LandslideGuard_Project_Master,,,,,,,,NO_TEMPORAL_DATA
27.55525,88.647556,LandslideGuard_Project_Master,,,,,,,,NO_TEMPORAL_DATA
27.550917,88.646056,LandslideGuard_Project_Master,,,,,,,,NO_TEMPORAL_DATA
27.552528,88.653528,LandslideGuard_Project_Master,,,,,,,,NO_TEMPORAL_DATA
27.545694,88.636,LandslideGuard_Project_Master,,,,,,,,NO_TEMPORAL_DATA
27.548417,88.641944,LandslideGuard_Project_Master,,,,,,,,NO_TEMPORAL_DATA
27.549306,88.644889,LandslideGuard_Project_Master,,,,,,,,NO_TEMPORAL_DATA
27.5435,88.628306,LandslideGuard_Project_Master,,,,,,,,NO_TEMPORAL_DATA
27.552861,88.622306,LandslideGuard_Project_Master,,,,,,,,NO_TEMPORAL_DATA
27.547111,88.602667,LandslideGuard_Project_Master,,,,,,,,NO_TEMPORAL_DATA
27.535056,88.610194,LandslideGuard_Project_Master,,,,,,,,NO_TEMPORAL_DATA
27.533722,88.609278,LandslideGuard_Project_Master,,,,,,,,NO_TEMPORAL_DATA
27.553583,88.577194,LandslideGuard_Project_Master,,,,,,,,NO_TEMPORAL_DATA
27.553556,88.581222,LandslideGuard_Project_Master,,,,,,,,NO_TEMPORAL_DATA
27.549194,88.583556,LandslideGuard_Project_Master,,,,,,,,NO_TEMPORAL_DATA
27.546333,88.586472,LandslideGuard_Project_Master,,,,,,,,NO_TEMPORAL_DATA
27.54375,88.58475,LandslideGuard_Project_Master,,,,,,,,NO_TEMPORAL_DATA
27.545861,88.585194,LandslideGuard_Project_Master,,,,,,,,NO_TEMPORAL_DATA
27.517306,88.542889,LandslideGuard_Project_Master,,,,,,,,NO_TEMPORAL_DATA
27.502,88.5375,LandslideGuard_Project_Master,,,,,,,,NO_TEMPORAL_DATA
27.48603,88.53269,LandslideGuard_Project_Master,,,,,,,,NO_TEMPORAL_DATA
27.5091,88.53848,LandslideGuard_Project_Master,,,,,,,,NO_TEMPORAL_DATA
27.517278,88.539667,LandslideGuard_Project_Master,,,,,,,,NO_TEMPORAL_DATA
27.438389,88.514389,LandslideGuard_Project_Master,,,,,,,,NO_TEMPORAL_DATA
27.441056,88.513694,LandslideGuard_Project_Master,,,,,,,,NO_TEMPORAL_DATA
27.433083,88.514528,LandslideGuard_Project_Master,,,,,,,,NO_TEMPORAL_DATA
27.435944,88.515167,LandslideGuard_Project_Master,,,,,,,,NO_TEMPORAL_DATA
27.438778,88.527444,LandslideGuard_Project_Master,,,,,,,,NO_TEMPORAL_DATA
27.438139,88.527028,LandslideGuard_Project_Master,,,,,,,,NO_TEMPORAL_DATA
27.436556,88.526639,LandslideGuard_Project_Master,,,,,,,,NO_TEMPORAL_DATA
27.448306,88.519667,LandslideGuard_Project_Master,,,,,,,,NO_TEMPORAL_DATA
27.461694,88.523472,LandslideGuard_Project_Master,,,,,,,,NO_TEMPORAL_DATA
27.482583,88.52875,LandslideGuard_Project_Master,,,,,,,,NO_TEMPORAL_DATA
27.482583,88.529528,LandslideGuard_Project_Master,,,,,,,,NO_TEMPORAL_DATA
27.4795,88.528472,LandslideGuard_Project_Master,,,,,,,,NO_TEMPORAL_DATA
27.480472,88.531194,LandslideGuard_Project_Master,,,,,,,,NO_TEMPORAL_DATA
27.481083,88.530667,LandslideGuard_Project_Master,,,,,,,,NO_TEMPORAL_DATA
27.437889,88.601694,LandslideGuard_Project_Master,,,,,,,,NO_TEMPORAL_DATA
27.437889,88.601694,LandslideGuard_Project_Master,,,,,,,,NO_TEMPORAL_DATA
27.514972,88.565472,LandslideGuard_Project_Master,,,,,,,,NO_TEMPORAL_DATA
27.5152,88.56456,LandslideGuard_Project_Master,,,,,,,,NO_TEMPORAL_DATA
27.516444,88.587361,LandslideGuard_Project_Master,,,,,,,,NO_TEMPORAL_DATA
27.527333,88.590778,LandslideGuard_Project_Master,,,,,,,,NO_TEMPORAL_DATA
27.529639,88.598139,LandslideGuard_Project_Master,,,,,,,,NO_TEMPORAL_DATA
27.527194,88.603222,LandslideGuard_Project_Master,,,,,,,,NO_TEMPORAL_DATA
27.528722,88.600833,LandslideGuard_Project_Master,,,,,,,,NO_TEMPORAL_DATA
27.527917,88.60225,LandslideGuard_Project_Master,,,,,,,,NO_TEMPORAL_DATA
27.531667,88.606333,LandslideGuard_Project_Master,,,,,,,,NO_TEMPORAL_DATA
27.527722,88.607972,LandslideGuard_Project_Master,,,,,,,,NO_TEMPORAL_DATA
27.437444,88.613972,LandslideGuard_Project_Master,,,,,,,,NO_TEMPORAL_DATA
27.429556,88.611667,LandslideGuard_Project_Master,,,,,,,,NO_TEMPORAL_DATA
27.417444,88.621083,LandslideGuard_Project_Master,,,,,,,,NO_TEMPORAL_DATA
27.417389,88.621222,LandslideGuard_Project_Master,,,,,,,,NO_TEMPORAL_DATA
27.418667,88.616778,LandslideGuard_Project_Master,,,,,,,,NO_TEMPORAL_DATA
27.418472,88.616083,LandslideGuard_Project_Master,,,,,,,,NO_TEMPORAL_DATA
27.412111,88.627083,LandslideGuard_Project_Master,,,,,,,,NO_TEMPORAL_DATA
27.412111,88.626944,LandslideGuard_Project_Master,,,,,,,,NO_TEMPORAL_DATA
27.417306,88.622361,LandslideGuard_Project_Master,,,,,,,,NO_TEMPORAL_DATA
27.417972,88.623361,LandslideGuard_Project_Master,,,,,,,,NO_TEMPORAL_DATA
27.418,88.623333,LandslideGuard_Project_Master,,,,,,,,NO_TEMPORAL_DATA
27.417778,88.623389,LandslideGuard_Project_Master,,,,,,,,NO_TEMPORAL_DATA
27.394,88.62525,LandslideGuard_Project_Master,,,,,,,,NO_TEMPORAL_DATA
27.395444,88.623583,LandslideGuard_Project_Master,,,,,,,,NO_TEMPORAL_DATA
27.3955,88.623556,LandslideGuard_Project_Master,,,,,,,,NO_TEMPORAL_DATA
27.398083,88.614583,LandslideGuard_Project_Master,,,,,,,,NO_TEMPORAL_DATA
27.395639,88.621667,LandslideGuard_Project_Master,,,,,,,,NO_TEMPORAL_DATA
27.383806,88.633083,LandslideGuard_Project_Master,,,,,,,,NO_TEMPORAL_DATA
27.381278,88.632611,LandslideGuard_Project_Master,,,,,,,,NO_TEMPORAL_DATA
27.384444,88.639611,LandslideGuard_Project_Master,,,,,,,,NO_TEMPORAL_DATA
27.381078,88.640633,LandslideGuard_Project_Master,,,,,,,,NO_TEMPORAL_DATA
27.381917,88.640333,LandslideGuard_Project_Master,,,,,,,,NO_TEMPORAL_DATA
27.393056,88.635278,LandslideGuard_Project_Master,,,,,,,,NO_TEMPORAL_DATA
27.393056,88.635278,LandslideGuard_Project_Master,,,,,,,,NO_TEMPORAL_DATA
27.365056,88.655167,LandslideGuard_Project_Master,,,,,,,,NO_TEMPORAL_DATA
27.340917,88.628389,LandslideGuard_Project_Master,,,,,,,,NO_TEMPORAL_DATA
27.341444,88.626194,LandslideGuard_Project_Master,,,,,,,,NO_TEMPORAL_DATA
27.337194,88.621833,LandslideGuard_Project_Master,,,,,,,,NO_TEMPORAL_DATA
27.376306,88.629583,LandslideGuard_Project_Master,,,,,,,,NO_TEMPORAL_DATA
27.378611,88.631083,LandslideGuard_Project_Master,,,,,,,,NO_TEMPORAL_DATA
27.375806,88.625278,LandslideGuard_Project_Master,,,,,,,,NO_TEMPORAL_DATA
27.372333,88.617556,LandslideGuard_Project_Master,,,,,,,,NO_TEMPORAL_DATA
27.348722,88.600556,LandslideGuard_Project_Master,,,,,,,,NO_TEMPORAL_DATA
27.33825,88.609111,LandslideGuard_Project_Master,,,2019.0,,,2019.0,,YEAR_ONLY
27.426361,88.583028,LandslideGuard_Project_Master,,,,,,,,NO_TEMPORAL_DATA
27.426361,88.583028,LandslideGuard_Project_Master,,,,,,,,NO_TEMPORAL_DATA
27.40825,88.571167,LandslideGuard_Project_Master,,,,,,,,NO_TEMPORAL_DATA
27.4097,88.54371,LandslideGuard_Project_Master,,,,,,,,NO_TEMPORAL_DATA
27.409667,88.543722,LandslideGuard_Project_Master,,,,,,,,NO_TEMPORAL_DATA
27.409861,88.543722,LandslideGuard_Project_Master,,,,,,,,NO_TEMPORAL_DATA
27.397083,88.519167,LandslideGuard_Project_Master,,,,,,,,NO_TEMPORAL_DATA
27.426,88.514,LandslideGuard_Project_Master,,,,,,,,NO_TEMPORAL_DATA
27.420028,88.515944,LandslideGuard_Project_Master,,,,,,,,NO_TEMPORAL_DATA
27.411306,88.516611,LandslideGuard_Project_Master,,,,,,,,NO_TEMPORAL_DATA
27.395556,88.517528,LandslideGuard_Project_Master,,,,,,,,NO_TEMPORAL_DATA
27.375194,88.54275,LandslideGuard_Project_Master,,,,,,,,NO_TEMPORAL_DATA
27.374583,88.542333,LandslideGuard_Project_Master,,,,,,,,NO_TEMPORAL_DATA
27.374583,88.542444,LandslideGuard_Project_Master,,,,,,,,NO_TEMPORAL_DATA
27.375139,88.542833,LandslideGuard_Project_Master,,,,,,,,NO_TEMPORAL_DATA
27.378444,88.541667,LandslideGuard_Project_Master,,,,,,,,NO_TEMPORAL_DATA
27.315028,88.558611,LandslideGuard_Project_Master,,,,,,,,NO_TEMPORAL_DATA
27.315028,88.558139,LandslideGuard_Project_Master,,,,,,,,NO_TEMPORAL_DATA
27.313917,88.557583,LandslideGuard_Project_Master,,,,,,,,NO_TEMPORAL_DATA
27.316944,88.560056,LandslideGuard_Project_Master,,,,,,,,NO_TEMPORAL_DATA
27.316,88.559889,LandslideGuard_Project_Master,,,,,,,,NO_TEMPORAL_DATA
27.28408,88.54611,LandslideGuard_Project_Master,,,,,,,,NO_TEMPORAL_DATA
27.315083,88.506056,LandslideGuard_Project_Master,,,,,,,,NO_TEMPORAL_DATA
27.233389,88.5015,LandslideGuard_Project_Master,,,,,,,,NO_TEMPORAL_DATA
27.23575,88.506472,LandslideGuard_Project_Master,,,,,,,,NO_TEMPORAL_DATA
27.235778,88.506306,LandslideGuard_Project_Master,,,,,,,,NO_TEMPORAL_DATA
27.23772,88.51384,LandslideGuard_Project_Master,,,,,,,,NO_TEMPORAL_DATA
27.236361,88.50875,LandslideGuard_Project_Master,,,,,,,,NO_TEMPORAL_DATA
27.23575,88.507972,LandslideGuard_Project_Master,,,,,,,,NO_TEMPORAL_DATA
27.236583,88.509611,LandslideGuard_Project_Master,,,,,,,,NO_TEMPORAL_DATA
27.250556,88.53325,LandslideGuard_Project_Master,,,,,,,,NO_TEMPORAL_DATA
27.251639,88.531361,LandslideGuard_Project_Master,,,,,,,,NO_TEMPORAL_DATA
27.245028,88.524389,LandslideGuard_Project_Master,,,,,,,,NO_TEMPORAL_DATA
27.245139,88.524444,LandslideGuard_Project_Master,,,,,,,,NO_TEMPORAL_DATA
27.265944,88.534556,LandslideGuard_Project_Master,,,,,,,,NO_TEMPORAL_DATA
27.254778,88.542444,LandslideGuard_Project_Master,,,,,,,,NO_TEMPORAL_DATA
27.255278,88.543611,LandslideGuard_Project_Master,,,,,,,,NO_TEMPORAL_DATA
27.259694,88.550417,LandslideGuard_Project_Master,,,,,,,,NO_TEMPORAL_DATA
27.257972,88.548861,LandslideGuard_Project_Master,,,,,,,,NO_TEMPORAL_DATA
27.262583,88.562389,LandslideGuard_Project_Master,,,,,,,,NO_TEMPORAL_DATA
27.264361,88.558389,LandslideGuard_Project_Master,,,,,,,,NO_TEMPORAL_DATA
27.25677,88.55359,LandslideGuard_Project_Master,,,,,,,,NO_TEMPORAL_DATA
27.237694,88.598806,LandslideGuard_Project_Master,,,,,,,,NO_TEMPORAL_DATA
27.235694,88.6025,LandslideGuard_Project_Master,,,,,,,,NO_TEMPORAL_DATA
27.23575,88.602389,LandslideGuard_Project_Master,,,,,,,,NO_TEMPORAL_DATA
27.238111,88.601528,LandslideGuard_Project_Master,,,,,,,,NO_TEMPORAL_DATA
27.24144,88.60681,LandslideGuard_Project_Master,,,2017.0,,,2017.0,,YEAR_ONLY
27.315833,88.606667,LandslideGuard_Project_Master,,,,,,,,NO_TEMPORAL_DATA
27.292944,88.589417,LandslideGuard_Project_Master,,,,,,,,NO_TEMPORAL_DATA
27.282444,88.598917,LandslideGuard_Project_Master,,,,,,,,NO_TEMPORAL_DATA
27.329472,88.648917,LandslideGuard_Project_Master,,,,,,,,NO_TEMPORAL_DATA
27.329361,88.649278,LandslideGuard_Project_Master,,,,,,,,NO_TEMPORAL_DATA
27.293556,88.642056,LandslideGuard_Project_Master,,,,,,,,NO_TEMPORAL_DATA
27.246194,88.625694,LandslideGuard_Project_Master,,,,,,,,NO_TEMPORAL_DATA
27.246056,88.62575,LandslideGuard_Project_Master,,,,,,,,NO_TEMPORAL_DATA
27.22975,88.619361,LandslideGuard_Project_Master,,,,,,,,NO_TEMPORAL_DATA
27.233417,88.634806,LandslideGuard_Project_Master,,,,,,,,NO_TEMPORAL_DATA
27.235917,88.645167,LandslideGuard_Project_Master,,,,,,,,NO_TEMPORAL_DATA
27.250972,88.659833,LandslideGuard_Project_Master,,,,,,,,NO_TEMPORAL_DATA
27.257083,88.65975,LandslideGuard_Project_Master,,,,,,,,NO_TEMPORAL_DATA
27.257083,88.696583,LandslideGuard_Project_Master,,,,,,,,NO_TEMPORAL_DATA
27.257139,88.697556,LandslideGuard_Project_Master,,,,,,,,NO_TEMPORAL_DATA
27.252667,88.694194,LandslideGuard_Project_Master,,,,,,,,NO_TEMPORAL_DATA
27.250889,88.715444,LandslideGuard_Project_Master,,,,,,,,NO_TEMPORAL_DATA
27.25475,88.711,LandslideGuard_Project_Master,,,,,,,,NO_TEMPORAL_DATA
27.259833,88.711722,LandslideGuard_Project_Master,,,,,,,,NO_TEMPORAL_DATA
27.256,88.706167,LandslideGuard_Project_Master,,,,,,,,NO_TEMPORAL_DATA
27.258222,88.704778,LandslideGuard_Project_Master,,,,,,,,NO_TEMPORAL_DATA
27.378667,88.699611,LandslideGuard_Project_Master,,,,,,,,NO_TEMPORAL_DATA
27.378417,88.697222,LandslideGuard_Project_Master,,,,,,,,NO_TEMPORAL_DATA
27.372278,88.688944,LandslideGuard_Project_Master,,,,,,,,NO_TEMPORAL_DATA
27.369306,88.691583,LandslideGuard_Project_Master,,,,,,,,NO_TEMPORAL_DATA
27.370472,88.686417,LandslideGuard_Project_Master,,,,,,,,NO_TEMPORAL_DATA
27.370861,88.683167,LandslideGuard_Project_Master,,,,,,,,NO_TEMPORAL_DATA
27.370278,88.673611,LandslideGuard_Project_Master,,,,,,,,NO_TEMPORAL_DATA
27.371806,88.677167,LandslideGuard_Project_Master,,,,,,,,NO_TEMPORAL_DATA
27.370083,88.67925,LandslideGuard_Project_Master,,,,,,,,NO_TEMPORAL_DATA
27.37075,88.679444,LandslideGuard_Project_Master,,,,,,,,NO_TEMPORAL_DATA
27.381306,88.690444,LandslideGuard_Project_Master,,,,,,,,NO_TEMPORAL_DATA
27.381556,88.691806,LandslideGuard_Project_Master,,,,,,,,NO_TEMPORAL_DATA
27.383361,88.702611,LandslideGuard_Project_Master,,,,,,,,NO_TEMPORAL_DATA
27.372806,88.739139,LandslideGuard_Project_Master,,,,,,,,NO_TEMPORAL_DATA
27.373472,88.731722,LandslideGuard_Project_Master,,,,,,,,NO_TEMPORAL_DATA
27.375028,88.728278,LandslideGuard_Project_Master,,,,,,,,NO_TEMPORAL_DATA
27.375833,88.726722,LandslideGuard_Project_Master,,,,,,,,NO_TEMPORAL_DATA
27.380806,88.726,LandslideGuard_Project_Master,,,,,,,,NO_TEMPORAL_DATA
27.373472,88.721944,LandslideGuard_Project_Master,,,,,,,,NO_TEMPORAL_DATA
27.373083,88.720028,LandslideGuard_Project_Master,,,,,,,,NO_TEMPORAL_DATA
27.369333,88.714917,LandslideGuard_Project_Master,,,,,,,,NO_TEMPORAL_DATA
27.375139,88.708028,LandslideGuard_Project_Master,,,,,,,,NO_TEMPORAL_DATA
27.368194,88.711167,LandslideGuard_Project_Master,,,,,,,,NO_TEMPORAL_DATA
27.368278,88.711278,LandslideGuard_Project_Master,,,,,,,,NO_TEMPORAL_DATA
27.370972,88.710111,LandslideGuard_Project_Master,,,,,,,,NO_TEMPORAL_DATA
27.371472,88.709722,LandslideGuard_Project_Master,,,,,,,,NO_TEMPORAL_DATA
27.367111,88.776028,LandslideGuard_Project_Master,,,,,,,,NO_TEMPORAL_DATA
27.364583,88.787333,LandslideGuard_Project_Master,,,,,,,,NO_TEMPORAL_DATA
27.368917,88.794611,LandslideGuard_Project_Master,,,,,,,,NO_TEMPORAL_DATA
27.37475,88.782889,LandslideGuard_Project_Master,,,,,,,,NO_TEMPORAL_DATA
27.378306,88.770083,LandslideGuard_Project_Master,,,,,,,,NO_TEMPORAL_DATA
27.376861,88.766167,LandslideGuard_Project_Master,,,,,,,,NO_TEMPORAL_DATA
27.38375,88.808694,LandslideGuard_Project_Master,,,,,,,,NO_TEMPORAL_DATA
27.380861,88.812361,LandslideGuard_Project_Master,,,,,,,,NO_TEMPORAL_DATA
27.361583,88.839306,LandslideGuard_Project_Master,,,,,,,,NO_TEMPORAL_DATA
27.358583,88.840194,LandslideGuard_Project_Master,,,,,,,,NO_TEMPORAL_DATA
27.364722,88.834917,LandslideGuard_Project_Master,,,,,,,,NO_TEMPORAL_DATA
27.376222,88.799667,LandslideGuard_Project_Master,,,,,,,,NO_TEMPORAL_DATA
27.3145,88.8365,LandslideGuard_Project_Master,,,,,,,,NO_TEMPORAL_DATA
27.292583,88.820417,LandslideGuard_Project_Master,,,,,,,,NO_TEMPORAL_DATA
27.288667,88.816111,LandslideGuard_Project_Master,,,,,,,,NO_TEMPORAL_DATA
27.279972,88.804278,LandslideGuard_Project_Master,,,,,,,,NO_TEMPORAL_DATA
27.264694,88.792667,LandslideGuard_Project_Master,,,,,,,,NO_TEMPORAL_DATA
27.2615,88.788778,LandslideGuard_Project_Master,,,,,,,,NO_TEMPORAL_DATA
27.26525,88.789556,LandslideGuard_Project_Master,,,,,,,,NO_TEMPORAL_DATA
27.265389,88.788278,LandslideGuard_Project_Master,,,,,,,,NO_TEMPORAL_DATA
27.263278,88.786667,LandslideGuard_Project_Master,,,,,,,,NO_TEMPORAL_DATA
27.253528,88.786111,LandslideGuard_Project_Master,,,,,,,,NO_TEMPORAL_DATA
27.092704,88.8641,LandslideGuard_Project_Master,,,1993.0,,,1993.0,,YEAR_ONLY
27.089064,88.864024,LandslideGuard_Project_Master,,,1993.0,,,1993.0,,YEAR_ONLY
27.076556,88.863556,LandslideGuard_Project_Master,,,2016.0,,,2016.0,,YEAR_ONLY
27.077022,88.862846,LandslideGuard_Project_Master,,,1996.0,,,1996.0,,YEAR_ONLY
27.077972,88.870222,LandslideGuard_Project_Master,,,2016.0,,,2016.0,,YEAR_ONLY
27.10017,88.869724,LandslideGuard_Project_Master,,,1993.0,,,1993.0,,YEAR_ONLY
27.056832,88.877481,LandslideGuard_Project_Master,,,1993.0,,,1993.0,,YEAR_ONLY
27.058908,88.870359,LandslideGuard_Project_Master,,,1993.0,,,1993.0,,YEAR_ONLY
27.06755,88.870232,LandslideGuard_Project_Master,,,1993.0,,,1993.0,,YEAR_ONLY
27.071184,88.869193,LandslideGuard_Project_Master,,,2005.0,,,2005.0,,YEAR_ONLY
27.027889,88.853806,LandslideGuard_Project_Master,,,2016.0,,,2016.0,,YEAR_ONLY
27.033542,88.855017,LandslideGuard_Project_Master,,,1992.0,,,1992.0,,YEAR_ONLY
27.041977,88.875156,LandslideGuard_Project_Master,,,1993.0,,,1993.0,,YEAR_ONLY
26.855543,89.105251,LandslideGuard_Project_Master,,,2013.0,,,2013.0,,YEAR_ONLY
26.852464,89.104824,LandslideGuard_Project_Master,,,2011.0,,,2011.0,,YEAR_ONLY
26.868647,89.099149,LandslideGuard_Project_Master,,,2011.0,,,2011.0,,YEAR_ONLY
26.91175,88.562167,LandslideGuard_Project_Master,,,2015.0,,,2015.0,,YEAR_ONLY
26.916444,88.562861,LandslideGuard_Project_Master,,,2015.0,,,2015.0,,YEAR_ONLY
26.921694,88.558389,LandslideGuard_Project_Master,,,2015.0,,,2015.0,,YEAR_ONLY
26.901466,88.536081,LandslideGuard_Project_Master,,,2015.0,,,2015.0,,YEAR_ONLY
26.899079,88.532117,LandslideGuard_Project_Master,,,2015.0,,,2015.0,,YEAR_ONLY
26.912389,88.503889,LandslideGuard_Project_Master,,,2015.0,,,2015.0,,YEAR_ONLY
26.900332,88.50427,LandslideGuard_Project_Master,,,2015.0,,,2015.0,,YEAR_ONLY
26.902379,88.511576,LandslideGuard_Project_Master,,,2015.0,,,2015.0,,YEAR_ONLY
26.903347,88.511425,LandslideGuard_Project_Master,,,2015.0,,,2015.0,,YEAR_ONLY
26.903425,88.510909,LandslideGuard_Project_Master,,,2015.0,,,2015.0,,YEAR_ONLY
26.904385,88.516423,LandslideGuard_Project_Master,,,2015.0,,,2015.0,,YEAR_ONLY
26.902743,88.513733,LandslideGuard_Project_Master,,,2015.0,,,2015.0,,YEAR_ONLY
26.895577,88.502015,LandslideGuard_Project_Master,,,2015.0,,,2015.0,,YEAR_ONLY
26.937776,88.507469,LandslideGuard_Project_Master,,,2014.0,,,2014.0,,YEAR_ONLY
26.940917,88.512972,LandslideGuard_Project_Master,,,2015.0,,,2015.0,,YEAR_ONLY
26.942583,88.512778,LandslideGuard_Project_Master,,,2015.0,,,2015.0,,YEAR_ONLY
26.943389,88.511,LandslideGuard_Project_Master,,,2015.0,,,2015.0,,YEAR_ONLY
26.936614,88.5065,LandslideGuard_Project_Master,,,2014.0,,,2014.0,,YEAR_ONLY
26.96438,88.515901,LandslideGuard_Project_Master,,,2014.0,,,2014.0,,YEAR_ONLY
26.980556,88.532472,LandslideGuard_Project_Master,,,2015.0,,,2015.0,,YEAR_ONLY
26.988417,88.540056,LandslideGuard_Project_Master,,,2015.0,,,2015.0,,YEAR_ONLY
26.996611,88.536972,LandslideGuard_Project_Master,,,2015.0,,,2015.0,,YEAR_ONLY
26.99825,88.527083,LandslideGuard_Project_Master,,,2015.0,,,2015.0,,YEAR_ONLY
27.009972,88.520278,LandslideGuard_Project_Master,,,2016.0,,,2016.0,,YEAR_ONLY
27.024,88.532,LandslideGuard_Project_Master,,,2012.0,,,2012.0,,YEAR_ONLY
27.022167,88.535528,LandslideGuard_Project_Master,,,2014.0,,,2014.0,,YEAR_ONLY
27.021194,88.536833,LandslideGuard_Project_Master,,,2014.0,,,2014.0,,YEAR_ONLY
27.024178,88.536793,LandslideGuard_Project_Master,,,2013.0,,,2013.0,,YEAR_ONLY
27.014444,88.54025,LandslideGuard_Project_Master,,,2016.0,,,2016.0,,YEAR_ONLY
27.010004,88.533437,LandslideGuard_Project_Master,,,2013.0,,,2013.0,,YEAR_ONLY
27.013982,88.542648,LandslideGuard_Project_Master,,,2013.0,,,2013.0,,YEAR_ONLY
26.986528,88.563139,LandslideGuard_Project_Master,,,2015.0,,,2015.0,,YEAR_ONLY
26.986639,88.562861,LandslideGuard_Project_Master,,,2015.0,,,2015.0,,YEAR_ONLY
26.988528,88.557556,LandslideGuard_Project_Master,,,2015.0,,,2015.0,,YEAR_ONLY
26.987586,88.553254,LandslideGuard_Project_Master,,,2015.0,,,2015.0,,YEAR_ONLY
26.990347,88.554372,LandslideGuard_Project_Master,,,2015.0,,,2015.0,,YEAR_ONLY
26.989111,88.546028,LandslideGuard_Project_Master,,,2015.0,,,2015.0,,YEAR_ONLY
26.991556,88.548833,LandslideGuard_Project_Master,,,2015.0,,,2015.0,,YEAR_ONLY
26.983514,88.550485,LandslideGuard_Project_Master,,,2015.0,,,2015.0,,YEAR_ONLY
26.981198,88.552579,LandslideGuard_Project_Master,,,2015.0,,,2015.0,,YEAR_ONLY
26.980925,88.550841,LandslideGuard_Project_Master,,,2015.0,,,2015.0,,YEAR_ONLY
26.980791,88.553794,LandslideGuard_Project_Master,,,2015.0,,,2015.0,,YEAR_ONLY
26.984556,88.564278,LandslideGuard_Project_Master,,,2015.0,,,2015.0,,YEAR_ONLY
26.965944,88.562361,LandslideGuard_Project_Master,,,2015.0,,,2015.0,,YEAR_ONLY
26.963639,88.56275,LandslideGuard_Project_Master,,,2015.0,,,2015.0,,YEAR_ONLY
26.962111,88.561611,LandslideGuard_Project_Master,,,2015.0,,,2015.0,,YEAR_ONLY
26.951722,88.557,LandslideGuard_Project_Master,,,2015.0,,,2015.0,,YEAR_ONLY
26.958488,88.547717,LandslideGuard_Project_Master,,,2014.0,,,2014.0,,YEAR_ONLY
26.957349,88.548779,LandslideGuard_Project_Master,,,2015.0,,,2015.0,,YEAR_ONLY
26.950556,88.5515,LandslideGuard_Project_Master,,,2015.0,,,2015.0,,YEAR_ONLY
26.955073,88.542426,LandslideGuard_Project_Master,,,2015.0,,,2015.0,,YEAR_ONLY
26.956427,88.542571,LandslideGuard_Project_Master,,,2015.0,,,2015.0,,YEAR_ONLY
26.95759,88.546007,LandslideGuard_Project_Master,,,2014.0,,,2014.0,,YEAR_ONLY
26.945977,88.540735,LandslideGuard_Project_Master,,,2015.0,,,2015.0,,YEAR_ONLY
26.945149,88.541259,LandslideGuard_Project_Master,,,2015.0,,,2015.0,,YEAR_ONLY
26.945844,88.538675,LandslideGuard_Project_Master,,,2015.0,,,2015.0,,YEAR_ONLY
26.934056,88.527417,LandslideGuard_Project_Master,,,2015.0,,,2015.0,,YEAR_ONLY
26.932022,88.51881,LandslideGuard_Project_Master,,,2015.0,,,2015.0,,YEAR_ONLY
26.934486,88.540907,LandslideGuard_Project_Master,,,2013.0,,,2013.0,,YEAR_ONLY
26.929153,88.547728,LandslideGuard_Project_Master,,,2015.0,,,2015.0,,YEAR_ONLY
26.931579,88.547434,LandslideGuard_Project_Master,,,2015.0,,,2015.0,,YEAR_ONLY
26.933029,88.551319,LandslideGuard_Project_Master,,,2014.0,,,2014.0,,YEAR_ONLY
26.944806,88.542192,LandslideGuard_Project_Master,,,2015.0,,,2015.0,,YEAR_ONLY
26.946813,88.543631,LandslideGuard_Project_Master,,,2015.0,,,2015.0,,YEAR_ONLY
26.947228,88.547407,LandslideGuard_Project_Master,,,2015.0,,,2015.0,,YEAR_ONLY
26.945306,88.552889,LandslideGuard_Project_Master,,,2015.0,,,2015.0,,YEAR_ONLY
26.929464,88.559242,LandslideGuard_Project_Master,,,2015.0,,,2015.0,,YEAR_ONLY
26.933052,88.55815,LandslideGuard_Project_Master,,,2015.0,,,2015.0,,YEAR_ONLY
26.93327,88.55498,LandslideGuard_Project_Master,,,2014.0,,,2014.0,,YEAR_ONLY
26.93648,88.565025,LandslideGuard_Project_Master,,,2015.0,,,2015.0,,YEAR_ONLY
26.937003,88.56554,LandslideGuard_Project_Master,,,2015.0,,,2015.0,,YEAR_ONLY
26.939423,88.56717,LandslideGuard_Project_Master,,,2014.0,,,2014.0,,YEAR_ONLY
26.943543,88.564643,LandslideGuard_Project_Master,,,2014.0,,,2014.0,,YEAR_ONLY
26.947113,88.569009,LandslideGuard_Project_Master,,,2015.0,,,2015.0,,YEAR_ONLY
26.943539,88.569415,LandslideGuard_Project_Master,,,2015.0,,,2015.0,,YEAR_ONLY
26.941145,88.571441,LandslideGuard_Project_Master,,,2014.0,,,2014.0,,YEAR_ONLY
26.953829,88.590906,LandslideGuard_Project_Master,,,2015.0,,,2015.0,,YEAR_ONLY
26.959016,88.588219,LandslideGuard_Project_Master,,,2015.0,,,2015.0,,YEAR_ONLY
26.949907,88.603477,LandslideGuard_Project_Master,,,2015.0,,,2015.0,,YEAR_ONLY
26.948323,88.604408,LandslideGuard_Project_Master,,,2015.0,,,2015.0,,YEAR_ONLY
26.954756,88.602805,LandslideGuard_Project_Master,,,2015.0,,,2015.0,,YEAR_ONLY
26.963058,88.599679,LandslideGuard_Project_Master,,,2015.0,,,2015.0,,YEAR_ONLY
26.96277,88.578666,LandslideGuard_Project_Master,,,2015.0,,,2015.0,,YEAR_ONLY
26.94846,88.568639,LandslideGuard_Project_Master,,,2015.0,,,2015.0,,YEAR_ONLY
26.971083,88.575222,LandslideGuard_Project_Master,,,2015.0,,,2015.0,,YEAR_ONLY
26.968443,88.564726,LandslideGuard_Project_Master,,,2015.0,,,2015.0,,YEAR_ONLY
26.976611,88.566556,LandslideGuard_Project_Master,,,,,,,,NO_TEMPORAL_DATA
26.984361,88.566194,LandslideGuard_Project_Master,,,2015.0,,,2015.0,,YEAR_ONLY
26.978475,88.58499,LandslideGuard_Project_Master,,,2015.0,,,2015.0,,YEAR_ONLY
26.984716,88.584729,LandslideGuard_Project_Master,,,2015.0,,,2015.0,,YEAR_ONLY
26.981309,88.576236,LandslideGuard_Project_Master,,,2015.0,,,2015.0,,YEAR_ONLY
26.986286,88.579528,LandslideGuard_Project_Master,,,2015.0,,,2015.0,,YEAR_ONLY
26.988917,88.582861,LandslideGuard_Project_Master,,,2015.0,,,2015.0,,YEAR_ONLY
26.992722,88.5825,LandslideGuard_Project_Master,,,2015.0,,,2015.0,,YEAR_ONLY
26.993944,88.582667,LandslideGuard_Project_Master,,,2015.0,,,2015.0,,YEAR_ONLY
26.988597,88.573497,LandslideGuard_Project_Master,,,2015.0,,,2015.0,,YEAR_ONLY
26.986361,88.568639,LandslideGuard_Project_Master,,,2015.0,,,2015.0,,YEAR_ONLY
27.010543,88.587403,LandslideGuard_Project_Master,,,2013.0,,,2013.0,,YEAR_ONLY
27.008259,88.582876,LandslideGuard_Project_Master,,,2009.0,,,2009.0,,YEAR_ONLY
27.005346,88.5765,LandslideGuard_Project_Master,,,2011.0,,,2011.0,,YEAR_ONLY
27.003491,88.595846,LandslideGuard_Project_Master,,,1996.0,,,1996.0,,YEAR_ONLY
27.007513,88.589454,LandslideGuard_Project_Master,,,1996.0,,,1996.0,,YEAR_ONLY
27.007714,88.589557,LandslideGuard_Project_Master,,,2016.0,,,2016.0,,YEAR_ONLY
27.01433,88.596942,LandslideGuard_Project_Master,,,1996.0,,,1996.0,,YEAR_ONLY
27.011956,88.598271,LandslideGuard_Project_Master,,,1996.0,,,1996.0,,YEAR_ONLY
27.006691,88.601893,LandslideGuard_Project_Master,,,1968.0,,,1968.0,,YEAR_ONLY
27.003629,88.599721,LandslideGuard_Project_Master,,,1968.0,,,1968.0,,YEAR_ONLY
26.993031,88.592266,LandslideGuard_Project_Master,,,2015.0,,,2015.0,,YEAR_ONLY
26.989783,88.58974,LandslideGuard_Project_Master,,,2015.0,,,2015.0,,YEAR_ONLY
26.97733,88.588897,LandslideGuard_Project_Master,,,2015.0,,,2015.0,,YEAR_ONLY
26.976701,88.596011,LandslideGuard_Project_Master,,,2014.0,,,2014.0,,YEAR_ONLY
26.977246,88.598538,LandslideGuard_Project_Master,,,2014.0,,,2014.0,,YEAR_ONLY
26.975963,88.59693,LandslideGuard_Project_Master,,,2014.0,,,2014.0,,YEAR_ONLY
26.973632,88.600352,LandslideGuard_Project_Master,,,2015.0,,,2015.0,,YEAR_ONLY
27.002371,88.619723,LandslideGuard_Project_Master,,,2010.0,,,2010.0,,YEAR_ONLY
27.02078,88.616007,LandslideGuard_Project_Master,,,2012.0,,,2012.0,,YEAR_ONLY
27.005486,88.640127,LandslideGuard_Project_Master,,,2010.0,,,2010.0,,YEAR_ONLY
27.010513,88.656344,LandslideGuard_Project_Master,,,2015.0,,,2015.0,,YEAR_ONLY
26.984222,88.644556,LandslideGuard_Project_Master,,,2015.0,,,2015.0,,YEAR_ONLY
27.004753,88.808345,LandslideGuard_Project_Master,,,2016.0,,,2016.0,,YEAR_ONLY
27.004361,88.808139,LandslideGuard_Project_Master,,,2016.0,,,2016.0,,YEAR_ONLY
27.015502,88.743804,LandslideGuard_Project_Master,,,2012.0,,,2012.0,,YEAR_ONLY
27.017622,88.728422,LandslideGuard_Project_Master,,,2010.0,,,2010.0,,YEAR_ONLY
27.021613,88.735073,LandslideGuard_Project_Master,,,2006.0,,,2006.0,,YEAR_ONLY
27.017729,88.723599,LandslideGuard_Project_Master,,,2010.0,,,2010.0,,YEAR_ONLY
27.014222,88.719986,LandslideGuard_Project_Master,,,2012.0,,,2012.0,,YEAR_ONLY
27.004455,88.725803,LandslideGuard_Project_Master,,,2010.0,,,2010.0,,YEAR_ONLY
26.995966,88.703774,LandslideGuard_Project_Master,,,2009.0,,,2009.0,,YEAR_ONLY
26.970062,88.74011,LandslideGuard_Project_Master,,,2014.0,,,2014.0,,YEAR_ONLY
26.96959,88.734144,LandslideGuard_Project_Master,,,2014.0,,,2014.0,,YEAR_ONLY
26.9659,88.7028,LandslideGuard_Project_Master,,,2007.0,,,2007.0,,YEAR_ONLY
26.962999,88.702676,LandslideGuard_Project_Master,,,1968.0,,,1968.0,,YEAR_ONLY
26.981764,88.702091,LandslideGuard_Project_Master,,,1965.0,,,1965.0,,YEAR_ONLY
26.985201,88.700452,LandslideGuard_Project_Master,,,2007.0,,,2007.0,,YEAR_ONLY
26.98763,88.6994,LandslideGuard_Project_Master,,,2007.0,,,2007.0,,YEAR_ONLY
26.98763,88.69939,LandslideGuard_Project_Master,,,1965.0,,,1965.0,,YEAR_ONLY
26.99018,88.702248,LandslideGuard_Project_Master,,,2010.0,,,2010.0,,YEAR_ONLY
26.98966,88.69912,LandslideGuard_Project_Master,,,2007.0,,,2007.0,,YEAR_ONLY
26.9897,88.6991,LandslideGuard_Project_Master,,,2007.0,,,2007.0,,YEAR_ONLY
26.9981,88.7007,LandslideGuard_Project_Master,,,2007.0,,,2007.0,,YEAR_ONLY
26.996957,88.686142,LandslideGuard_Project_Master,,,2015.0,,,2015.0,,YEAR_ONLY
26.999402,88.683132,LandslideGuard_Project_Master,,,2015.0,,,2015.0,,YEAR_ONLY
27.005662,88.688347,LandslideGuard_Project_Master,,,2010.0,,,2010.0,,YEAR_ONLY
27.007217,88.690442,LandslideGuard_Project_Master,,,2009.0,,,2009.0,,YEAR_ONLY
26.999721,88.700071,LandslideGuard_Project_Master,,,1970.0,,,1970.0,,YEAR_ONLY
27.0015,88.7025,LandslideGuard_Project_Master,,,2007.0,,,2007.0,,YEAR_ONLY
27.0219,88.6978,LandslideGuard_Project_Master,,,2007.0,,,2007.0,,YEAR_ONLY
27.023638,88.697117,LandslideGuard_Project_Master,,,2007.0,,,2007.0,,YEAR_ONLY
27.023694,88.697284,LandslideGuard_Project_Master,,,2015.0,,,2015.0,,YEAR_ONLY
27.019629,88.695664,LandslideGuard_Project_Master,,,2007.0,,,2007.0,,YEAR_ONLY
27.014124,88.678693,LandslideGuard_Project_Master,,,2013.0,,,2013.0,,YEAR_ONLY
27.01415,88.677933,LandslideGuard_Project_Master,,,2015.0,,,2015.0,,YEAR_ONLY
27.013515,88.678448,LandslideGuard_Project_Master,,,2015.0,,,2015.0,,YEAR_ONLY
27.0131,88.6785,LandslideGuard_Project_Master,,,2014.0,,,2014.0,,YEAR_ONLY
27.011566,88.675977,LandslideGuard_Project_Master,,,2013.0,,,2013.0,,YEAR_ONLY
27.011621,88.659287,LandslideGuard_Project_Master,,,2013.0,,,2013.0,,YEAR_ONLY
27.027919,88.66004,LandslideGuard_Project_Master,,,2006.0,,,2006.0,,YEAR_ONLY
27.029552,88.666667,LandslideGuard_Project_Master,,,,,,,,NO_TEMPORAL_DATA
27.030875,88.66714,LandslideGuard_Project_Master,,,,,,,,NO_TEMPORAL_DATA
27.046782,88.667166,LandslideGuard_Project_Master,,,,,,,,NO_TEMPORAL_DATA
27.04387,88.668414,LandslideGuard_Project_Master,,,,,,,,NO_TEMPORAL_DATA
27.040486,88.671506,LandslideGuard_Project_Master,,,,,,,,NO_TEMPORAL_DATA
27.041807,88.670377,LandslideGuard_Project_Master,,,,,,,,NO_TEMPORAL_DATA
27.043741,88.669816,LandslideGuard_Project_Master,,,,,,,,NO_TEMPORAL_DATA
27.047028,88.68,LandslideGuard_Project_Master,,,2012.0,,,2012.0,,YEAR_ONLY
27.039832,88.675886,LandslideGuard_Project_Master,,,,,,,,NO_TEMPORAL_DATA
27.030686,88.671122,LandslideGuard_Project_Master,,,,,,,,NO_TEMPORAL_DATA
27.030711,88.669293,LandslideGuard_Project_Master,,,,,,,,NO_TEMPORAL_DATA
27.030097,88.696809,LandslideGuard_Project_Master,,,2007.0,,,2007.0,,YEAR_ONLY
27.029,88.6966,LandslideGuard_Project_Master,,,2007.0,,,2007.0,,YEAR_ONLY
27.025056,88.695472,LandslideGuard_Project_Master,,,2012.0,,,2012.0,,YEAR_ONLY
27.0273,88.6993,LandslideGuard_Project_Master,,,2007.0,,,2007.0,,YEAR_ONLY
27.028249,88.702761,LandslideGuard_Project_Master,,,2007.0,,,2007.0,,YEAR_ONLY
27.030471,88.702313,LandslideGuard_Project_Master,,,2007.0,,,2007.0,,YEAR_ONLY
27.027615,88.69933,LandslideGuard_Project_Master,,,2007.0,,,2007.0,,YEAR_ONLY
27.0334,88.69994,LandslideGuard_Project_Master,,,2007.0,,,2007.0,,YEAR_ONLY
27.034814,88.701074,LandslideGuard_Project_Master,,,2007.0,,,2007.0,,YEAR_ONLY
27.035974,88.697759,LandslideGuard_Project_Master,,,2007.0,,,2007.0,,YEAR_ONLY
27.0412,88.6931,LandslideGuard_Project_Master,,,2007.0,,,2007.0,,YEAR_ONLY
27.0427,88.6934,LandslideGuard_Project_Master,,,2007.0,,,2007.0,,YEAR_ONLY
27.043006,88.694048,LandslideGuard_Project_Master,,,2007.0,,,2007.0,,YEAR_ONLY
27.041267,88.695343,LandslideGuard_Project_Master,,,2007.0,,,2007.0,,YEAR_ONLY
27.043444,88.695639,LandslideGuard_Project_Master,,,2015.0,,,2015.0,,YEAR_ONLY
27.043444,88.695639,LandslideGuard_Project_Master,,,2015.0,,,2015.0,,YEAR_ONLY
27.043444,88.695639,LandslideGuard_Project_Master,,,2015.0,,,2015.0,,YEAR_ONLY
27.043444,88.695639,LandslideGuard_Project_Master,,,,,,,,NO_TEMPORAL_DATA
27.041083,88.696528,LandslideGuard_Project_Master,,,2012.0,,,2012.0,,YEAR_ONLY
27.043519,88.695969,LandslideGuard_Project_Master,,,2015.0,,,2015.0,,YEAR_ONLY
27.043519,88.695969,LandslideGuard_Project_Master,,,2013.0,,,2013.0,,YEAR_ONLY
27.043519,88.695969,LandslideGuard_Project_Master,,,2013.0,,,2013.0,,YEAR_ONLY
27.048546,88.688213,LandslideGuard_Project_Master,,,2007.0,,,2007.0,,YEAR_ONLY
27.0467,88.688772,LandslideGuard_Project_Master,,,1982.0,,,1982.0,,YEAR_ONLY
27.046127,88.686365,LandslideGuard_Project_Master,,,2007.0,,,2007.0,,YEAR_ONLY
27.044728,88.690057,LandslideGuard_Project_Master,,,1998.0,,,1998.0,,YEAR_ONLY
27.044221,88.691487,LandslideGuard_Project_Master,,,1982.0,,,1982.0,,YEAR_ONLY
27.040977,88.687254,LandslideGuard_Project_Master,,,2014.0,,,2014.0,,YEAR_ONLY
27.041213,88.682819,LandslideGuard_Project_Master,,,2014.0,,,2014.0,,YEAR_ONLY
27.045854,88.68263,LandslideGuard_Project_Master,,,2007.0,,,2007.0,,YEAR_ONLY
27.0455,88.6854,LandslideGuard_Project_Master,,,2007.0,,,2007.0,,YEAR_ONLY
27.047,88.6828,LandslideGuard_Project_Master,,,2007.0,,,2007.0,,YEAR_ONLY
27.047,88.6828,LandslideGuard_Project_Master,,,2007.0,,,2007.0,,YEAR_ONLY
27.0495,88.68093,LandslideGuard_Project_Master,,,1965.0,,,1965.0,,YEAR_ONLY
27.059129,88.686542,LandslideGuard_Project_Master,,,,,,,,NO_TEMPORAL_DATA
27.064389,88.670583,LandslideGuard_Project_Master,,,2012.0,,,2012.0,,YEAR_ONLY
27.062,88.6754,LandslideGuard_Project_Master,,,2007.0,,,2007.0,,YEAR_ONLY
27.060093,88.674062,LandslideGuard_Project_Master,,,2007.0,,,2007.0,,YEAR_ONLY
27.068074,88.662675,LandslideGuard_Project_Master,,,2007.0,,,2007.0,,YEAR_ONLY
27.06415,88.6615,LandslideGuard_Project_Master,,,2007.0,,,2007.0,,YEAR_ONLY
27.065556,88.667583,LandslideGuard_Project_Master,,,2012.0,,,2012.0,,YEAR_ONLY
27.0676,88.6644,LandslideGuard_Project_Master,,,2007.0,,,2007.0,,YEAR_ONLY
27.085501,88.66037,LandslideGuard_Project_Master,,,2015.0,,,2015.0,,YEAR_ONLY
27.085837,88.660368,LandslideGuard_Project_Master,,,2007.0,,,2007.0,,YEAR_ONLY
27.0842,88.6613,LandslideGuard_Project_Master,,,2007.0,,,2007.0,,YEAR_ONLY
27.086722,88.664139,LandslideGuard_Project_Master,,,2015.0,,,2015.0,,YEAR_ONLY
27.086722,88.664139,LandslideGuard_Project_Master,,,2015.0,,,2015.0,,YEAR_ONLY
27.086722,88.664139,LandslideGuard_Project_Master,,,2015.0,,,2015.0,,YEAR_ONLY
27.086722,88.664139,LandslideGuard_Project_Master,,,,,,,,NO_TEMPORAL_DATA
27.085561,88.664364,LandslideGuard_Project_Master,,,1975.0,,,1975.0,,YEAR_ONLY
27.079291,88.668805,LandslideGuard_Project_Master,,,2007.0,,,2007.0,,YEAR_ONLY
27.099882,88.680007,LandslideGuard_Project_Master,,,2014.0,,,2014.0,,YEAR_ONLY
27.099861,88.679778,LandslideGuard_Project_Master,,,2014.0,,,2014.0,,YEAR_ONLY
27.110498,88.662793,LandslideGuard_Project_Master,,,2013.0,,,2013.0,,YEAR_ONLY
27.121972,88.675806,LandslideGuard_Project_Master,,,2014.0,,,2014.0,,YEAR_ONLY
27.111722,88.682611,LandslideGuard_Project_Master,,,2014.0,,,2014.0,,YEAR_ONLY
27.114583,88.680833,LandslideGuard_Project_Master,,,2015.0,,,2015.0,,YEAR_ONLY
27.097583,88.681139,LandslideGuard_Project_Master,,,2014.0,,,2014.0,,YEAR_ONLY
27.095917,88.685222,LandslideGuard_Project_Master,,,2015.0,,,2015.0,,YEAR_ONLY
27.050289,88.708547,LandslideGuard_Project_Master,,,,,,,,NO_TEMPORAL_DATA
27.0292,88.7054,LandslideGuard_Project_Master,,,2007.0,,,2007.0,,YEAR_ONLY
27.036708,88.804306,LandslideGuard_Project_Master,,,2010.0,,,2010.0,,YEAR_ONLY
27.03687,88.802868,LandslideGuard_Project_Master,,,2014.0,,,2014.0,,YEAR_ONLY
27.038663,88.80455,LandslideGuard_Project_Master,,,2010.0,,,2010.0,,YEAR_ONLY
27.111716,88.823882,LandslideGuard_Project_Master,,,2016.0,,,2016.0,,YEAR_ONLY
27.102583,88.831361,LandslideGuard_Project_Master,,,2016.0,,,2016.0,,YEAR_ONLY
27.104722,88.83475,LandslideGuard_Project_Master,,,2016.0,,,2016.0,,YEAR_ONLY
27.115222,88.818111,LandslideGuard_Project_Master,,,2016.0,,,2016.0,,YEAR_ONLY
27.115,88.816972,LandslideGuard_Project_Master,,,2016.0,,,2016.0,,YEAR_ONLY
27.121766,88.774996,LandslideGuard_Project_Master,,,2011.0,,,2011.0,,YEAR_ONLY
27.1211,88.776267,LandslideGuard_Project_Master,,,2011.0,,,2011.0,,YEAR_ONLY
27.118444,88.77631,LandslideGuard_Project_Master,,,2013.0,,,2013.0,,YEAR_ONLY
27.162306,88.690917,LandslideGuard_Project_Master,,,2016.0,,,2016.0,,YEAR_ONLY
27.133192,88.68913,LandslideGuard_Project_Master,,,2013.0,,,2013.0,,YEAR_ONLY
27.141917,88.66425,LandslideGuard_Project_Master,,,2016.0,,,2016.0,,YEAR_ONLY
27.142194,88.66525,LandslideGuard_Project_Master,,,2015.0,,,2015.0,,YEAR_ONLY
27.15125,88.668222,LandslideGuard_Project_Master,,,2015.0,,,2015.0,,YEAR_ONLY
27.162556,88.668111,LandslideGuard_Project_Master,,,2014.0,,,2014.0,,YEAR_ONLY
27.154778,88.673917,LandslideGuard_Project_Master,,,2014.0,,,2014.0,,YEAR_ONLY
27.158667,88.670389,LandslideGuard_Project_Master,,,2014.0,,,2014.0,,YEAR_ONLY
27.17925,88.65875,LandslideGuard_Project_Master,,,2010.0,,,2010.0,,YEAR_ONLY
27.17925,88.65875,LandslideGuard_Project_Master,,,2010.0,,,2010.0,,YEAR_ONLY
27.198928,88.66095,LandslideGuard_Project_Master,,,,,,,,NO_TEMPORAL_DATA
27.198861,88.6605,LandslideGuard_Project_Master,,,,,,,,NO_TEMPORAL_DATA
27.201278,88.665381,LandslideGuard_Project_Master,,,,,,,,NO_TEMPORAL_DATA
27.201875,88.667278,LandslideGuard_Project_Master,,,,,,,,NO_TEMPORAL_DATA
27.205047,88.689053,LandslideGuard_Project_Master,,,,,,,,NO_TEMPORAL_DATA
27.22075,88.699833,LandslideGuard_Project_Master,,,,,,,,NO_TEMPORAL_DATA
27.206653,88.679953,LandslideGuard_Project_Master,,,,,,,,NO_TEMPORAL_DATA
27.207606,88.676047,LandslideGuard_Project_Master,,,,,,,,NO_TEMPORAL_DATA
27.207264,88.672817,LandslideGuard_Project_Master,,,,,,,,NO_TEMPORAL_DATA
27.203869,88.658333,LandslideGuard_Project_Master,,,,,,,,NO_TEMPORAL_DATA
27.220861,88.657111,LandslideGuard_Project_Master,,,,,,,,NO_TEMPORAL_DATA
27.220889,88.652278,LandslideGuard_Project_Master,,,,,,,,NO_TEMPORAL_DATA
27.206444,88.643361,LandslideGuard_Project_Master,,,,,,,,NO_TEMPORAL_DATA
27.204556,88.647222,LandslideGuard_Project_Master,,,,,,,,NO_TEMPORAL_DATA
27.202433,88.656708,LandslideGuard_Project_Master,,,,,,,,NO_TEMPORAL_DATA
27.19375,88.650556,LandslideGuard_Project_Master,,,,,,,,NO_TEMPORAL_DATA
27.193794,88.650528,LandslideGuard_Project_Master,,,,,,,,NO_TEMPORAL_DATA
27.195639,88.634028,LandslideGuard_Project_Master,,,,,,,,NO_TEMPORAL_DATA
27.195511,88.6342,LandslideGuard_Project_Master,,,,,,,,NO_TEMPORAL_DATA
27.199722,88.641633,LandslideGuard_Project_Master,,,,,,,,NO_TEMPORAL_DATA
27.198856,88.638725,LandslideGuard_Project_Master,,,,,,,,NO_TEMPORAL_DATA
27.195703,88.625444,LandslideGuard_Project_Master,,,,,,,,NO_TEMPORAL_DATA
27.195083,88.631992,LandslideGuard_Project_Master,,,,,,,,NO_TEMPORAL_DATA
27.214222,88.608361,LandslideGuard_Project_Master,,,,,,,,NO_TEMPORAL_DATA
27.203194,88.600278,LandslideGuard_Project_Master,,,,,,,,NO_TEMPORAL_DATA
27.205,88.591722,LandslideGuard_Project_Master,,,,,,,,NO_TEMPORAL_DATA
27.203167,88.588667,LandslideGuard_Project_Master,,,,,,,,NO_TEMPORAL_DATA
27.2115,88.58775,LandslideGuard_Project_Master,,,,,,,,NO_TEMPORAL_DATA
27.212222,88.587889,LandslideGuard_Project_Master,,,,,,,,NO_TEMPORAL_DATA
27.214806,88.588083,LandslideGuard_Project_Master,,,,,,,,NO_TEMPORAL_DATA
27.191333,88.586528,LandslideGuard_Project_Master,,,,,,,,NO_TEMPORAL_DATA
27.19,88.564472,LandslideGuard_Project_Master,,,,,,,,NO_TEMPORAL_DATA
27.184361,88.576,LandslideGuard_Project_Master,,,2016.0,,,2016.0,,YEAR_ONLY
27.184639,88.570278,LandslideGuard_Project_Master,,,2015.0,,,2015.0,,YEAR_ONLY
27.189261,88.595686,LandslideGuard_Project_Master,,,,,,,,NO_TEMPORAL_DATA
27.190067,88.596483,LandslideGuard_Project_Master,,,,,,,,NO_TEMPORAL_DATA
27.190833,88.596889,LandslideGuard_Project_Master,,,,,,,,NO_TEMPORAL_DATA
27.192989,88.603083,LandslideGuard_Project_Master,,,,,,,,NO_TEMPORAL_DATA
27.193083,88.602778,LandslideGuard_Project_Master,,,,,,,,NO_TEMPORAL_DATA
27.170111,88.602528,LandslideGuard_Project_Master,,,2016.0,,,2016.0,,YEAR_ONLY
27.166713,88.60407,LandslideGuard_Project_Master,,,1984.0,,,1984.0,,YEAR_ONLY
27.1733,88.5647,LandslideGuard_Project_Master,,,2007.0,,,2007.0,,YEAR_ONLY
27.15296,88.567144,LandslideGuard_Project_Master,,,2012.0,,,2012.0,,YEAR_ONLY
27.154,88.57,LandslideGuard_Project_Master,,,2013.0,,,2013.0,,YEAR_ONLY
27.153861,88.569803,LandslideGuard_Project_Master,,,2016.0,,,2016.0,,YEAR_ONLY
27.158851,88.581731,LandslideGuard_Project_Master,,,2013.0,,,2013.0,,YEAR_ONLY
27.158,88.584,LandslideGuard_Project_Master,,,2012.0,,,2012.0,,YEAR_ONLY
27.127824,88.590084,LandslideGuard_Project_Master,,,1982.0,,,1982.0,,YEAR_ONLY
27.127726,88.589785,LandslideGuard_Project_Master,,,1982.0,,,1982.0,,YEAR_ONLY
27.167336,88.623543,LandslideGuard_Project_Master,,,2006.0,,,2006.0,,YEAR_ONLY
27.166472,88.623472,LandslideGuard_Project_Master,,,1971.0,,,1971.0,,YEAR_ONLY
27.166428,88.623747,LandslideGuard_Project_Master,,,2006.0,,,2006.0,,YEAR_ONLY
27.16514,88.627184,LandslideGuard_Project_Master,,,2009.0,,,2009.0,,YEAR_ONLY
27.167083,88.626111,LandslideGuard_Project_Master,,,2011.0,,,2011.0,,YEAR_ONLY
27.165049,88.633306,LandslideGuard_Project_Master,,,1982.0,,,1982.0,,YEAR_ONLY
27.159778,88.633778,LandslideGuard_Project_Master,,,2010.0,,,2010.0,,YEAR_ONLY
27.160509,88.629263,LandslideGuard_Project_Master,,,1982.0,,,1982.0,,YEAR_ONLY
27.163385,88.622741,LandslideGuard_Project_Master,,,1982.0,,,1982.0,,YEAR_ONLY
27.157667,88.633528,LandslideGuard_Project_Master,,,2010.0,,,2010.0,,YEAR_ONLY
27.155676,88.638629,LandslideGuard_Project_Master,,,2009.0,,,2009.0,,YEAR_ONLY
27.15925,88.639556,LandslideGuard_Project_Master,,,2015.0,,,2015.0,,YEAR_ONLY
27.15925,88.639556,LandslideGuard_Project_Master,,,2015.0,,,2015.0,,YEAR_ONLY
27.15925,88.639556,LandslideGuard_Project_Master,,,,,,,,NO_TEMPORAL_DATA
27.15925,88.639556,LandslideGuard_Project_Master,,,2015.0,,,2015.0,,YEAR_ONLY
27.161083,88.635806,LandslideGuard_Project_Master,,,1991.0,,,1991.0,,YEAR_ONLY
27.159889,88.636,LandslideGuard_Project_Master,,,2010.0,,,2010.0,,YEAR_ONLY
27.160046,88.635752,LandslideGuard_Project_Master,,,2009.0,,,2009.0,,YEAR_ONLY
27.158141,88.635771,LandslideGuard_Project_Master,,,2006.0,,,2006.0,,YEAR_ONLY
27.158778,88.634056,LandslideGuard_Project_Master,,,2010.0,,,2010.0,,YEAR_ONLY
27.159806,88.634111,LandslideGuard_Project_Master,,,2010.0,,,2010.0,,YEAR_ONLY
27.16192,88.634733,LandslideGuard_Project_Master,,,1968.0,,,1968.0,,YEAR_ONLY
27.103807,88.654767,LandslideGuard_Project_Master,,,2010.0,,,2010.0,,YEAR_ONLY
27.101778,88.640627,LandslideGuard_Project_Master,,,2012.0,,,2012.0,,YEAR_ONLY
27.0998,88.6325,LandslideGuard_Project_Master,,,2007.0,,,2007.0,,YEAR_ONLY
27.099802,88.630262,LandslideGuard_Project_Master,,,2012.0,,,2012.0,,YEAR_ONLY
27.098009,88.626992,LandslideGuard_Project_Master,,,2015.0,,,2015.0,,YEAR_ONLY
27.098075,88.626884,LandslideGuard_Project_Master,,,2012.0,,,2012.0,,YEAR_ONLY
27.0953,88.6129,LandslideGuard_Project_Master,,,2007.0,,,2007.0,,YEAR_ONLY
27.097339,88.644801,LandslideGuard_Project_Master,,,2013.0,,,2013.0,,YEAR_ONLY
27.0966,88.6436,LandslideGuard_Project_Master,,,,,,,,NO_TEMPORAL_DATA
27.09324,88.6492,LandslideGuard_Project_Master,,,2007.0,,,2007.0,,YEAR_ONLY
27.09324,88.64928,LandslideGuard_Project_Master,,,2007.0,,,2007.0,,YEAR_ONLY
27.096416,88.655477,LandslideGuard_Project_Master,,,2010.0,,,2010.0,,YEAR_ONLY
27.0944,88.655857,LandslideGuard_Project_Master,,,2014.0,,,2014.0,,YEAR_ONLY
27.094012,88.655654,LandslideGuard_Project_Master,,,2010.0,,,2010.0,,YEAR_ONLY
27.093516,88.65566,LandslideGuard_Project_Master,,,2010.0,,,2010.0,,YEAR_ONLY
27.092605,88.65626,LandslideGuard_Project_Master,,,2010.0,,,2010.0,,YEAR_ONLY
27.089,88.652,LandslideGuard_Project_Master,,,2013.0,,,2013.0,,YEAR_ONLY
27.0893,88.6556,LandslideGuard_Project_Master,,,2007.0,,,2007.0,,YEAR_ONLY
27.0869,88.6569,LandslideGuard_Project_Master,,,2007.0,,,2007.0,,YEAR_ONLY
27.08699,88.657,LandslideGuard_Project_Master,,,2007.0,,,2007.0,,YEAR_ONLY
27.087052,88.654406,LandslideGuard_Project_Master,,,2007.0,,,2007.0,,YEAR_ONLY
27.087,88.647,LandslideGuard_Project_Master,,,2013.0,,,2013.0,,YEAR_ONLY
27.087028,88.646528,LandslideGuard_Project_Master,,,2015.0,,,2015.0,,YEAR_ONLY
27.062056,88.648611,LandslideGuard_Project_Master,,,,,,,,NO_TEMPORAL_DATA
27.062056,88.648611,LandslideGuard_Project_Master,,,2015.0,,,2015.0,,YEAR_ONLY
27.062056,88.648611,LandslideGuard_Project_Master,,,2015.0,,,2015.0,,YEAR_ONLY
27.028591,88.634141,LandslideGuard_Project_Master,,,,,,,,NO_TEMPORAL_DATA
27.026222,88.625417,LandslideGuard_Project_Master,,,2015.0,,,2015.0,,YEAR_ONLY
27.027417,88.623167,LandslideGuard_Project_Master,,,2016.0,,,2016.0,,YEAR_ONLY
27.028556,88.616417,LandslideGuard_Project_Master,,,2015.0,,,2015.0,,YEAR_ONLY
27.032639,88.612889,LandslideGuard_Project_Master,,,2014.0,,,2014.0,,YEAR_ONLY
27.069639,88.617167,LandslideGuard_Project_Master,,,2012.0,,,2012.0,,YEAR_ONLY
27.064056,88.618972,LandslideGuard_Project_Master,,,2014.0,,,2014.0,,YEAR_ONLY
27.071719,88.612237,LandslideGuard_Project_Master,,,2012.0,,,2012.0,,YEAR_ONLY
27.074222,88.609639,LandslideGuard_Project_Master,,,2012.0,,,2012.0,,YEAR_ONLY
27.074,88.61,LandslideGuard_Project_Master,,,2013.0,,,2013.0,,YEAR_ONLY
27.074583,88.606,LandslideGuard_Project_Master,,,2015.0,,,2015.0,,YEAR_ONLY
27.07073,88.610674,LandslideGuard_Project_Master,,,2012.0,,,2012.0,,YEAR_ONLY
27.070341,88.610255,LandslideGuard_Project_Master,,,2010.0,,,2010.0,,YEAR_ONLY
27.064508,88.606233,LandslideGuard_Project_Master,,,2010.0,,,2010.0,,YEAR_ONLY
27.07075,88.59825,LandslideGuard_Project_Master,,,2016.0,,,2016.0,,YEAR_ONLY
27.059243,88.589275,LandslideGuard_Project_Master,,,2013.0,,,2013.0,,YEAR_ONLY
27.050417,88.600556,LandslideGuard_Project_Master,,,2014.0,,,2014.0,,YEAR_ONLY
27.050944,88.602167,LandslideGuard_Project_Master,,,2012.0,,,2012.0,,YEAR_ONLY
27.048296,88.580506,LandslideGuard_Project_Master,,,2013.0,,,2013.0,,YEAR_ONLY
27.059022,88.565169,LandslideGuard_Project_Master,,,,,,,,NO_TEMPORAL_DATA
27.061644,88.56757,LandslideGuard_Project_Master,,,2012.0,,,2012.0,,YEAR_ONLY
27.059972,88.568836,LandslideGuard_Project_Master,,,2012.0,,,2012.0,,YEAR_ONLY
27.058472,88.571722,LandslideGuard_Project_Master,,,2015.0,,,2015.0,,YEAR_ONLY
27.058861,88.570583,LandslideGuard_Project_Master,,,2015.0,,,2015.0,,YEAR_ONLY
27.054082,88.575352,LandslideGuard_Project_Master,,,2012.0,,,2012.0,,YEAR_ONLY
27.056153,88.573056,LandslideGuard_Project_Master,,,2013.0,,,2013.0,,YEAR_ONLY
27.054972,88.571167,LandslideGuard_Project_Master,,,2015.0,,,2015.0,,YEAR_ONLY
27.052709,88.574587,LandslideGuard_Project_Master,,,2012.0,,,2012.0,,YEAR_ONLY
27.051355,88.581248,LandslideGuard_Project_Master,,,2013.0,,,2013.0,,YEAR_ONLY
27.054333,88.586278,LandslideGuard_Project_Master,,,2014.0,,,2014.0,,YEAR_ONLY
27.056,88.583333,LandslideGuard_Project_Master,,,2014.0,,,2014.0,,YEAR_ONLY
27.056377,88.584199,LandslideGuard_Project_Master,,,2013.0,,,2013.0,,YEAR_ONLY
27.062786,88.565429,LandslideGuard_Project_Master,,,2013.0,,,2013.0,,YEAR_ONLY
27.097222,88.605944,LandslideGuard_Project_Master,,,2014.0,,,2014.0,,YEAR_ONLY
27.095685,88.607714,LandslideGuard_Project_Master,,,2007.0,,,2007.0,,YEAR_ONLY
27.094496,88.61065,LandslideGuard_Project_Master,,,2007.0,,,2007.0,,YEAR_ONLY
27.0966,88.6082,LandslideGuard_Project_Master,,,2007.0,,,2007.0,,YEAR_ONLY
27.099652,88.602099,LandslideGuard_Project_Master,,,2013.0,,,2013.0,,YEAR_ONLY
27.098279,88.604791,LandslideGuard_Project_Master,,,2013.0,,,2013.0,,YEAR_ONLY
27.0957,88.6019,LandslideGuard_Project_Master,,,2007.0,,,2007.0,,YEAR_ONLY
27.095564,88.601497,LandslideGuard_Project_Master,,,2007.0,,,2007.0,,YEAR_ONLY
27.0963,88.5997,LandslideGuard_Project_Master,,,,,,,,NO_TEMPORAL_DATA
27.1008,88.601595,LandslideGuard_Project_Master,,,2013.0,,,2013.0,,YEAR_ONLY
27.096775,88.5972,LandslideGuard_Project_Master,,,2007.0,,,2007.0,,YEAR_ONLY
27.109028,88.595306,LandslideGuard_Project_Master,,,2012.0,,,2012.0,,YEAR_ONLY
27.110172,88.596059,LandslideGuard_Project_Master,,,1965.0,,,1965.0,,YEAR_ONLY
27.1143,88.5897,LandslideGuard_Project_Master,,,,,,,,NO_TEMPORAL_DATA
27.123611,88.587719,LandslideGuard_Project_Master,,,2009.0,,,2009.0,,YEAR_ONLY
27.117139,88.58175,LandslideGuard_Project_Master,,,2014.0,,,2014.0,,YEAR_ONLY
27.117111,88.581778,LandslideGuard_Project_Master,,,1987.0,,,1987.0,,YEAR_ONLY
27.116707,88.582133,LandslideGuard_Project_Master,,,2013.0,,,2013.0,,YEAR_ONLY
27.110853,88.586053,LandslideGuard_Project_Master,,,2012.0,,,2012.0,,YEAR_ONLY
27.104289,88.572029,LandslideGuard_Project_Master,,,2013.0,,,2013.0,,YEAR_ONLY
27.117167,88.568306,LandslideGuard_Project_Master,,,1987.0,,,1987.0,,YEAR_ONLY
27.102,88.545,LandslideGuard_Project_Master,,,2013.0,,,2013.0,,YEAR_ONLY
27.101,88.542,LandslideGuard_Project_Master,,,2012.0,,,2012.0,,YEAR_ONLY
27.117,88.53,LandslideGuard_Project_Master,,,2013.0,,,2013.0,,YEAR_ONLY
27.117472,88.529833,LandslideGuard_Project_Master,,,2016.0,,,2016.0,,YEAR_ONLY
27.122652,88.528893,LandslideGuard_Project_Master,,,2013.0,,,2013.0,,YEAR_ONLY
27.119389,88.523083,LandslideGuard_Project_Master,,,2015.0,,,2015.0,,YEAR_ONLY
27.095245,88.54131,LandslideGuard_Project_Master,,,2013.0,,,2013.0,,YEAR_ONLY
27.0907,88.5393,LandslideGuard_Project_Master,,,,,,,,NO_TEMPORAL_DATA
27.0911,88.5393,LandslideGuard_Project_Master,,,,,,,,NO_TEMPORAL_DATA
27.088743,88.537401,LandslideGuard_Project_Master,,,2014.0,,,2014.0,,YEAR_ONLY
27.088889,88.537575,LandslideGuard_Project_Master,,,1985.0,,,1985.0,,YEAR_ONLY
27.09148,88.537656,LandslideGuard_Project_Master,,,2007.0,,,2007.0,,YEAR_ONLY
27.089399,88.533188,LandslideGuard_Project_Master,,,2010.0,,,2010.0,,YEAR_ONLY
27.090071,88.532853,LandslideGuard_Project_Master,,,2013.0,,,2013.0,,YEAR_ONLY
27.091028,88.532444,LandslideGuard_Project_Master,,,,,,,,NO_TEMPORAL_DATA
27.090528,88.532,LandslideGuard_Project_Master,,,2014.0,,,2014.0,,YEAR_ONLY
27.089759,88.532215,LandslideGuard_Project_Master,,,2013.0,,,2013.0,,YEAR_ONLY
27.088917,88.53075,LandslideGuard_Project_Master,,,2014.0,,,2014.0,,YEAR_ONLY
27.096428,88.532356,LandslideGuard_Project_Master,,,2012.0,,,2012.0,,YEAR_ONLY
27.086356,88.53525,LandslideGuard_Project_Master,,,2010.0,,,2010.0,,YEAR_ONLY
27.084286,88.535723,LandslideGuard_Project_Master,,,2014.0,,,2014.0,,YEAR_ONLY
27.08024,88.537935,LandslideGuard_Project_Master,,,2010.0,,,2010.0,,YEAR_ONLY
27.081287,88.536762,LandslideGuard_Project_Master,,,2012.0,,,2012.0,,YEAR_ONLY
27.081494,88.535867,LandslideGuard_Project_Master,,,2012.0,,,2012.0,,YEAR_ONLY
27.094,88.5435,LandslideGuard_Project_Master,,,,,,,,NO_TEMPORAL_DATA
27.094,88.5434,LandslideGuard_Project_Master,,,,,,,,NO_TEMPORAL_DATA
27.0955,88.5452,LandslideGuard_Project_Master,,,,,,,,NO_TEMPORAL_DATA
27.0956,88.5451,LandslideGuard_Project_Master,,,,,,,,NO_TEMPORAL_DATA
27.09912,88.547123,LandslideGuard_Project_Master,,,2013.0,,,2013.0,,YEAR_ONLY
27.085722,88.563167,LandslideGuard_Project_Master,,,2015.0,,,2015.0,,YEAR_ONLY
27.064,88.564,LandslideGuard_Project_Master,,,2012.0,,,2012.0,,YEAR_ONLY
27.063,88.555278,LandslideGuard_Project_Master,,,2016.0,,,2016.0,,YEAR_ONLY
27.064,88.554,LandslideGuard_Project_Master,,,2013.0,,,2013.0,,YEAR_ONLY
27.052255,88.5586,LandslideGuard_Project_Master,,,,,,,,NO_TEMPORAL_DATA
27.042694,88.559361,LandslideGuard_Project_Master,,,2015.0,,,2015.0,,YEAR_ONLY
27.034531,88.542475,LandslideGuard_Project_Master,,,,,,,,NO_TEMPORAL_DATA
27.0454,88.536375,LandslideGuard_Project_Master,,,2013.0,,,2013.0,,YEAR_ONLY
27.045417,88.536945,LandslideGuard_Project_Master,,,2013.0,,,2013.0,,YEAR_ONLY
27.047194,88.530583,LandslideGuard_Project_Master,,,2016.0,,,2016.0,,YEAR_ONLY
27.043899,88.532227,LandslideGuard_Project_Master,,,2013.0,,,2013.0,,YEAR_ONLY
27.042173,88.532785,LandslideGuard_Project_Master,,,2012.0,,,2012.0,,YEAR_ONLY
27.040725,88.529764,LandslideGuard_Project_Master,,,2012.0,,,2012.0,,YEAR_ONLY
27.040194,88.537417,LandslideGuard_Project_Master,,,2014.0,,,2014.0,,YEAR_ONLY
27.0425,88.538667,LandslideGuard_Project_Master,,,2015.0,,,2015.0,,YEAR_ONLY
27.036444,88.538306,LandslideGuard_Project_Master,,,2014.0,,,2014.0,,YEAR_ONLY
27.024489,88.532501,LandslideGuard_Project_Master,,,2012.0,,,2012.0,,YEAR_ONLY
27.02475,88.531417,LandslideGuard_Project_Master,,,2014.0,,,2014.0,,YEAR_ONLY
27.024806,88.531472,LandslideGuard_Project_Master,,,2015.0,,,2015.0,,YEAR_ONLY
27.033881,88.533103,LandslideGuard_Project_Master,,,2016.0,,,2016.0,,YEAR_ONLY
27.034,88.533,LandslideGuard_Project_Master,,,2012.0,,,2012.0,,YEAR_ONLY
27.036278,88.530083,LandslideGuard_Project_Master,,,2014.0,,,2014.0,,YEAR_ONLY
27.0365,88.528722,LandslideGuard_Project_Master,,,2014.0,,,2014.0,,YEAR_ONLY
27.036,88.527,LandslideGuard_Project_Master,,,2013.0,,,2013.0,,YEAR_ONLY
27.035889,88.523667,LandslideGuard_Project_Master,,,2015.0,,,2015.0,,YEAR_ONLY
27.035889,88.523694,LandslideGuard_Project_Master,,,2015.0,,,2015.0,,YEAR_ONLY
27.036009,88.522237,LandslideGuard_Project_Master,,,2015.0,,,2015.0,,YEAR_ONLY
27.035987,88.522248,LandslideGuard_Project_Master,,,2013.0,,,2013.0,,YEAR_ONLY
27.035111,88.5205,LandslideGuard_Project_Master,,,2015.0,,,2015.0,,YEAR_ONLY
27.038619,88.524478,LandslideGuard_Project_Master,,,2013.0,,,2013.0,,YEAR_ONLY
27.039528,88.524917,LandslideGuard_Project_Master,,,2014.0,,,2014.0,,YEAR_ONLY
27.042389,88.527306,LandslideGuard_Project_Master,,,2014.0,,,2014.0,,YEAR_ONLY
27.042,88.527,LandslideGuard_Project_Master,,,2013.0,,,2013.0,,YEAR_ONLY
27.042045,88.526935,LandslideGuard_Project_Master,,,2015.0,,,2015.0,,YEAR_ONLY
27.057,88.521,LandslideGuard_Project_Master,,,2012.0,,,2012.0,,YEAR_ONLY
27.057136,88.521333,LandslideGuard_Project_Master,,,2016.0,,,2016.0,,YEAR_ONLY
27.05225,88.531694,LandslideGuard_Project_Master,,,2010.0,,,2010.0,,YEAR_ONLY
27.053,88.538,LandslideGuard_Project_Master,,,2013.0,,,2013.0,,YEAR_ONLY
27.064605,88.529822,LandslideGuard_Project_Master,,,2010.0,,,2010.0,,YEAR_ONLY
27.06539,88.530093,LandslideGuard_Project_Master,,,2014.0,,,2014.0,,YEAR_ONLY
27.038833,88.510417,LandslideGuard_Project_Master,,,2016.0,,,2016.0,,YEAR_ONLY
27.0814,88.5072,LandslideGuard_Project_Master,,,2007.0,,,2007.0,,YEAR_ONLY
27.076265,88.513268,LandslideGuard_Project_Master,,,2014.0,,,2014.0,,YEAR_ONLY
27.0763,88.5132,LandslideGuard_Project_Master,,,2007.0,,,2007.0,,YEAR_ONLY
27.0763,88.51323,LandslideGuard_Project_Master,,,2007.0,,,2007.0,,YEAR_ONLY
27.0774,88.5162,LandslideGuard_Project_Master,,,2007.0,,,2007.0,,YEAR_ONLY
27.119812,88.5074,LandslideGuard_Project_Master,,,2014.0,,,2014.0,,YEAR_ONLY
27.122285,88.501597,LandslideGuard_Project_Master,,,2010.0,,,2010.0,,YEAR_ONLY
27.15425,88.500333,LandslideGuard_Project_Master,,,,,,,,NO_TEMPORAL_DATA
27.160722,88.505889,LandslideGuard_Project_Master,,,,,,,,NO_TEMPORAL_DATA
27.158972,88.514611,LandslideGuard_Project_Master,,,,,,,,NO_TEMPORAL_DATA
27.158111,88.512472,LandslideGuard_Project_Master,,,,,,,,NO_TEMPORAL_DATA
27.160444,88.512472,LandslideGuard_Project_Master,,,,,,,,NO_TEMPORAL_DATA
27.161306,88.512944,LandslideGuard_Project_Master,,,,,,,,NO_TEMPORAL_DATA
27.162194,88.510611,LandslideGuard_Project_Master,,,,,,,,NO_TEMPORAL_DATA
27.161917,88.509639,LandslideGuard_Project_Master,,,,,,,,NO_TEMPORAL_DATA
27.157056,88.512778,LandslideGuard_Project_Master,,,,,,,,NO_TEMPORAL_DATA
27.133431,88.512387,LandslideGuard_Project_Master,,,2007.0,,,2007.0,,YEAR_ONLY
27.138066,88.519288,LandslideGuard_Project_Master,,,1968.0,,,1968.0,,YEAR_ONLY
27.143115,88.536036,LandslideGuard_Project_Master,,,2013.0,,,2013.0,,YEAR_ONLY
27.134978,88.540356,LandslideGuard_Project_Master,,,2013.0,,,2013.0,,YEAR_ONLY
27.134847,88.54347,LandslideGuard_Project_Master,,,2013.0,,,2013.0,,YEAR_ONLY
27.141929,88.563286,LandslideGuard_Project_Master,,,2012.0,,,2012.0,,YEAR_ONLY
27.142637,88.560902,LandslideGuard_Project_Master,,,2013.0,,,2013.0,,YEAR_ONLY
27.151457,88.551109,LandslideGuard_Project_Master,,,2006.0,,,2006.0,,YEAR_ONLY
27.159,88.543,LandslideGuard_Project_Master,,,1976.0,,,1976.0,,YEAR_ONLY
27.159,88.543,LandslideGuard_Project_Master,,,2003.0,,,2003.0,,YEAR_ONLY
27.174007,88.563688,LandslideGuard_Project_Master,,,2013.0,,,2013.0,,YEAR_ONLY
27.175,88.56,LandslideGuard_Project_Master,,,2012.0,,,2012.0,,YEAR_ONLY
27.176309,88.545405,LandslideGuard_Project_Master,,,2012.0,,,2012.0,,YEAR_ONLY
27.1585,88.529,LandslideGuard_Project_Master,,,,,,,,NO_TEMPORAL_DATA
27.157694,88.522194,LandslideGuard_Project_Master,,,,,,,,NO_TEMPORAL_DATA
27.156806,88.5225,LandslideGuard_Project_Master,,,,,,,,NO_TEMPORAL_DATA
27.158361,88.521833,LandslideGuard_Project_Master,,,,,,,,NO_TEMPORAL_DATA
27.163861,88.52,LandslideGuard_Project_Master,,,,,,,,NO_TEMPORAL_DATA
27.179639,88.519778,LandslideGuard_Project_Master,,,,,,,,NO_TEMPORAL_DATA
27.180528,88.518611,LandslideGuard_Project_Master,,,,,,,,NO_TEMPORAL_DATA
27.179056,88.533111,LandslideGuard_Project_Master,,,,,,,,NO_TEMPORAL_DATA
27.178889,88.533097,LandslideGuard_Project_Master,,,,,,,,NO_TEMPORAL_DATA
27.18815,88.562083,LandslideGuard_Project_Master,,,,,,,,NO_TEMPORAL_DATA
27.180417,88.51025,LandslideGuard_Project_Master,,,,,,,,NO_TEMPORAL_DATA
27.182111,88.508,LandslideGuard_Project_Master,,,,,,,,NO_TEMPORAL_DATA
27.188528,88.501194,LandslideGuard_Project_Master,,,,,,,,NO_TEMPORAL_DATA
28.527944,94.309444,LandslideGuard_Project_Master,,,,,,,,NO_TEMPORAL_DATA
28.242389,94.220861,LandslideGuard_Project_Master,,,,,,,,NO_TEMPORAL_DATA
28.22675,94.225111,LandslideGuard_Project_Master,,,,,,,,NO_TEMPORAL_DATA
28.133963,94.611953,LandslideGuard_Project_Master,,,,,,,,NO_TEMPORAL_DATA
28.134238,94.620133,LandslideGuard_Project_Master,,,,,,,,NO_TEMPORAL_DATA
28.137762,94.62431,LandslideGuard_Project_Master,,,,,,,,NO_TEMPORAL_DATA
28.192217,94.713927,LandslideGuard_Project_Master,,,,,,,,NO_TEMPORAL_DATA
28.310626,94.675637,LandslideGuard_Project_Master,,,,,,,,NO_TEMPORAL_DATA
28.355501,94.679544,LandslideGuard_Project_Master,,,,,,,,NO_TEMPORAL_DATA
28.427393,94.674582,LandslideGuard_Project_Master,,,,,,,,NO_TEMPORAL_DATA
28.42636,94.6774,LandslideGuard_Project_Master,,,,,,,,NO_TEMPORAL_DATA
28.429931,94.6778,LandslideGuard_Project_Master,,,,,,,,NO_TEMPORAL_DATA
28.430622,94.674225,LandslideGuard_Project_Master,,,,,,,,NO_TEMPORAL_DATA
28.443016,94.664795,LandslideGuard_Project_Master,,,,,,,,NO_TEMPORAL_DATA
28.440082,94.66913,LandslideGuard_Project_Master,,,,,,,,NO_TEMPORAL_DATA
28.439344,94.669332,LandslideGuard_Project_Master,,,,,,,,NO_TEMPORAL_DATA
28.443033,94.668074,LandslideGuard_Project_Master,,,,,,,,NO_TEMPORAL_DATA
28.436019,94.668744,LandslideGuard_Project_Master,,,,,,,,NO_TEMPORAL_DATA
28.543178,94.633991,LandslideGuard_Project_Master,,,,,,,,NO_TEMPORAL_DATA
28.535474,94.597063,LandslideGuard_Project_Master,,,,,,,,NO_TEMPORAL_DATA
28.455655,94.680282,LandslideGuard_Project_Master,,,,,,,,NO_TEMPORAL_DATA
28.455769,94.680664,LandslideGuard_Project_Master,,,,,,,,NO_TEMPORAL_DATA
28.459267,94.680108,LandslideGuard_Project_Master,,,,,,,,NO_TEMPORAL_DATA
28.506306,94.873361,LandslideGuard_Project_Master,,,,,,,,NO_TEMPORAL_DATA
28.782426,94.810546,LandslideGuard_Project_Master,,,,,,,,NO_TEMPORAL_DATA
28.810126,94.785508,LandslideGuard_Project_Master,,,,,,,,NO_TEMPORAL_DATA
28.816882,94.791032,LandslideGuard_Project_Master,,,,,,,,NO_TEMPORAL_DATA
28.817009,94.791755,LandslideGuard_Project_Master,,,,,,,,NO_TEMPORAL_DATA
28.793279,94.848477,LandslideGuard_Project_Master,,,,,,,,NO_TEMPORAL_DATA
28.800083,94.842265,LandslideGuard_Project_Master,,,,,,,,NO_TEMPORAL_DATA
28.787937,94.820098,LandslideGuard_Project_Master,,,,,,,,NO_TEMPORAL_DATA
28.787486,94.819425,LandslideGuard_Project_Master,,,,,,,,NO_TEMPORAL_DATA
28.787001,94.81686,LandslideGuard_Project_Master,,,,,,,,NO_TEMPORAL_DATA
28.762661,94.860138,LandslideGuard_Project_Master,,,,,,,,NO_TEMPORAL_DATA
28.779408,94.859327,LandslideGuard_Project_Master,,,,,,,,NO_TEMPORAL_DATA
28.830097,94.874715,LandslideGuard_Project_Master,,,,,,,,NO_TEMPORAL_DATA
28.729371,94.92012,LandslideGuard_Project_Master,,,,,,,,NO_TEMPORAL_DATA
28.754928,94.8954,LandslideGuard_Project_Master,,,,,,,,NO_TEMPORAL_DATA
28.752815,94.893869,LandslideGuard_Project_Master,,,,,,,,NO_TEMPORAL_DATA
28.744078,94.86976,LandslideGuard_Project_Master,,,,,,,,NO_TEMPORAL_DATA
28.740576,94.867317,LandslideGuard_Project_Master,,,,,,,,NO_TEMPORAL_DATA
28.740874,94.866397,LandslideGuard_Project_Master,,,,,,,,NO_TEMPORAL_DATA
28.693837,94.973784,LandslideGuard_Project_Master,,,,,,,,NO_TEMPORAL_DATA
28.694778,95.001887,LandslideGuard_Project_Master,,,,,,,,NO_TEMPORAL_DATA
28.694531,95.001999,LandslideGuard_Project_Master,,,,,,,,NO_TEMPORAL_DATA
28.706748,94.985298,LandslideGuard_Project_Master,,,,,,,,NO_TEMPORAL_DATA
28.720187,94.971636,LandslideGuard_Project_Master,,,,,,,,NO_TEMPORAL_DATA
28.716426,94.969346,LandslideGuard_Project_Master,,,,,,,,NO_TEMPORAL_DATA
28.723166,94.959687,LandslideGuard_Project_Master,,,,,,,,NO_TEMPORAL_DATA
28.605528,95.105528,LandslideGuard_Project_Master,,,,,,,,NO_TEMPORAL_DATA
28.615028,95.053306,LandslideGuard_Project_Master,,,,,,,,NO_TEMPORAL_DATA
28.617333,95.049556,LandslideGuard_Project_Master,,,,,,,,NO_TEMPORAL_DATA
28.617667,95.056444,LandslideGuard_Project_Master,,,,,,,,NO_TEMPORAL_DATA
28.619917,95.057583,LandslideGuard_Project_Master,,,,,,,,NO_TEMPORAL_DATA
28.614667,95.063611,LandslideGuard_Project_Master,,,,,,,,NO_TEMPORAL_DATA
28.609361,95.088583,LandslideGuard_Project_Master,,,,,,,,NO_TEMPORAL_DATA
28.633861,95.023806,LandslideGuard_Project_Master,,,,,,,,NO_TEMPORAL_DATA
28.632361,95.037917,LandslideGuard_Project_Master,,,,,,,,NO_TEMPORAL_DATA
28.639389,95.033639,LandslideGuard_Project_Master,,,,,,,,NO_TEMPORAL_DATA
28.622722,95.043528,LandslideGuard_Project_Master,,,,,,,,NO_TEMPORAL_DATA
28.626972,95.035722,LandslideGuard_Project_Master,,,,,,,,NO_TEMPORAL_DATA
28.531528,95.050417,LandslideGuard_Project_Master,,,,,,,,NO_TEMPORAL_DATA
28.550472,95.06325,LandslideGuard_Project_Master,,,,,,,,NO_TEMPORAL_DATA
28.260051,94.984752,LandslideGuard_Project_Master,,,,,,,,NO_TEMPORAL_DATA
28.265963,94.983464,LandslideGuard_Project_Master,,,,,,,,NO_TEMPORAL_DATA
28.269497,94.982531,LandslideGuard_Project_Master,,,,,,,,NO_TEMPORAL_DATA
28.280246,94.953896,LandslideGuard_Project_Master,,,,,,,,NO_TEMPORAL_DATA
28.274019,94.962496,LandslideGuard_Project_Master,,,,,,,,NO_TEMPORAL_DATA
28.342551,94.987136,LandslideGuard_Project_Master,,,,,,,,NO_TEMPORAL_DATA
28.335376,94.956509,LandslideGuard_Project_Master,,,,,,,,NO_TEMPORAL_DATA
28.2823,94.863031,LandslideGuard_Project_Master,,,,,,,,NO_TEMPORAL_DATA
28.303771,94.948727,LandslideGuard_Project_Master,,,,,,,,NO_TEMPORAL_DATA
28.287317,94.947651,LandslideGuard_Project_Master,,,,,,,,NO_TEMPORAL_DATA
28.235361,94.933333,LandslideGuard_Project_Master,,,,,,,,NO_TEMPORAL_DATA
28.232472,94.914889,LandslideGuard_Project_Master,,,,,,,,NO_TEMPORAL_DATA
28.225583,94.889167,LandslideGuard_Project_Master,,,,,,,,NO_TEMPORAL_DATA
28.226722,94.895611,LandslideGuard_Project_Master,,,,,,,,NO_TEMPORAL_DATA
28.228528,94.904278,LandslideGuard_Project_Master,,,,,,,,NO_TEMPORAL_DATA
28.208389,94.830667,LandslideGuard_Project_Master,,,,,,,,NO_TEMPORAL_DATA
28.202667,94.828417,LandslideGuard_Project_Master,,,,,,,,NO_TEMPORAL_DATA
28.16425,94.792417,LandslideGuard_Project_Master,,,,,,,,NO_TEMPORAL_DATA
28.141139,94.786583,LandslideGuard_Project_Master,,,,,,,,NO_TEMPORAL_DATA
28.133778,94.788,LandslideGuard_Project_Master,,,,,,,,NO_TEMPORAL_DATA
28.192444,94.984917,LandslideGuard_Project_Master,,,,,,,,NO_TEMPORAL_DATA
28.237361,94.954808,LandslideGuard_Project_Master,,,,,,,,NO_TEMPORAL_DATA
28.234833,94.972278,LandslideGuard_Project_Master,,,,,,,,NO_TEMPORAL_DATA
28.174806,95.025111,LandslideGuard_Project_Master,,,,,,,,NO_TEMPORAL_DATA
28.174806,95.025111,LandslideGuard_Project_Master,,,,,,,,NO_TEMPORAL_DATA
28.131694,95.136186,LandslideGuard_Project_Master,,,,,,,,NO_TEMPORAL_DATA
28.133611,95.11125,LandslideGuard_Project_Master,,,,,,,,NO_TEMPORAL_DATA
28.133611,95.11125,LandslideGuard_Project_Master,,,,,,,,NO_TEMPORAL_DATA
28.135056,95.145444,LandslideGuard_Project_Master,,,,,,,,NO_TEMPORAL_DATA
28.093514,95.272526,LandslideGuard_Project_Master,,,,,,,,NO_TEMPORAL_DATA
28.097285,95.28003,LandslideGuard_Project_Master,,,,,,,,NO_TEMPORAL_DATA
28.094144,95.282568,LandslideGuard_Project_Master,,,,,,,,NO_TEMPORAL_DATA
28.095632,95.281371,LandslideGuard_Project_Master,,,,,,,,NO_TEMPORAL_DATA
28.099647,95.28567,LandslideGuard_Project_Master,,,,,,,,NO_TEMPORAL_DATA
28.099705,95.284891,LandslideGuard_Project_Master,,,,,,,,NO_TEMPORAL_DATA
28.099858,95.282975,LandslideGuard_Project_Master,,,,,,,,NO_TEMPORAL_DATA
28.101031,95.282364,LandslideGuard_Project_Master,,,,,,,,NO_TEMPORAL_DATA
28.103902,95.27946,LandslideGuard_Project_Master,,,,,,,,NO_TEMPORAL_DATA
28.099657,95.287831,LandslideGuard_Project_Master,,,,,,,,NO_TEMPORAL_DATA
28.142304,95.288126,LandslideGuard_Project_Master,,,,,,,,NO_TEMPORAL_DATA
28.142551,95.287886,LandslideGuard_Project_Master,,,,,,,,NO_TEMPORAL_DATA
28.141514,95.289198,LandslideGuard_Project_Master,,,,,,,,NO_TEMPORAL_DATA
28.140639,95.292122,LandslideGuard_Project_Master,,,,,,,,NO_TEMPORAL_DATA
28.143839,95.285971,LandslideGuard_Project_Master,,,,,,,,NO_TEMPORAL_DATA
28.14005,95.266592,LandslideGuard_Project_Master,,,,,,,,NO_TEMPORAL_DATA
28.140915,95.266966,LandslideGuard_Project_Master,,,,,,,,NO_TEMPORAL_DATA
28.138811,95.254821,LandslideGuard_Project_Master,,,,,,,,NO_TEMPORAL_DATA
28.117222,95.273075,LandslideGuard_Project_Master,,,,,,,,NO_TEMPORAL_DATA
28.113846,95.273389,LandslideGuard_Project_Master,,,,,,,,NO_TEMPORAL_DATA
28.114742,95.273582,LandslideGuard_Project_Master,,,,,,,,NO_TEMPORAL_DATA
28.114617,95.273722,LandslideGuard_Project_Master,,,,,,,,NO_TEMPORAL_DATA
28.113119,95.270938,LandslideGuard_Project_Master,,,,,,,,NO_TEMPORAL_DATA
28.109161,95.269084,LandslideGuard_Project_Master,,,,,,,,NO_TEMPORAL_DATA
28.101692,95.271861,LandslideGuard_Project_Master,,,,,,,,NO_TEMPORAL_DATA
28.099376,95.27268,LandslideGuard_Project_Master,,,,,,,,NO_TEMPORAL_DATA
28.097043,95.274751,LandslideGuard_Project_Master,,,,,,,,NO_TEMPORAL_DATA
28.097163,95.270824,LandslideGuard_Project_Master,,,,,,,,NO_TEMPORAL_DATA
28.106358,95.268592,LandslideGuard_Project_Master,,,,,,,,NO_TEMPORAL_DATA
28.1425,95.239194,LandslideGuard_Project_Master,,,,,,,,NO_TEMPORAL_DATA
28.145306,95.239167,LandslideGuard_Project_Master,,,,,,,,NO_TEMPORAL_DATA
28.169611,95.240639,LandslideGuard_Project_Master,,,,,,,,NO_TEMPORAL_DATA
28.169389,95.235722,LandslideGuard_Project_Master,,,,,,,,NO_TEMPORAL_DATA
28.150741,95.275122,LandslideGuard_Project_Master,,,,,,,,NO_TEMPORAL_DATA
28.145847,95.273686,LandslideGuard_Project_Master,,,,,,,,NO_TEMPORAL_DATA
28.145629,95.275805,LandslideGuard_Project_Master,,,,,,,,NO_TEMPORAL_DATA
28.149568,95.277177,LandslideGuard_Project_Master,,,,,,,,NO_TEMPORAL_DATA
28.148417,95.277964,LandslideGuard_Project_Master,,,,,,,,NO_TEMPORAL_DATA
28.14787,95.279987,LandslideGuard_Project_Master,,,,,,,,NO_TEMPORAL_DATA
28.199389,95.230278,LandslideGuard_Project_Master,,,,,,,,NO_TEMPORAL_DATA
28.213028,95.232528,LandslideGuard_Project_Master,,,,,,,,NO_TEMPORAL_DATA
28.1945,95.227917,LandslideGuard_Project_Master,,,,,,,,NO_TEMPORAL_DATA
28.1915,95.225917,LandslideGuard_Project_Master,,,,,,,,NO_TEMPORAL_DATA
28.175556,95.221861,LandslideGuard_Project_Master,,,,,,,,NO_TEMPORAL_DATA
28.181139,95.225944,LandslideGuard_Project_Master,,,,,,,,NO_TEMPORAL_DATA
28.178861,95.228056,LandslideGuard_Project_Master,,,,,,,,NO_TEMPORAL_DATA
28.169583,95.223917,LandslideGuard_Project_Master,,,,,,,,NO_TEMPORAL_DATA
28.147806,95.224833,LandslideGuard_Project_Master,,,,,,,,NO_TEMPORAL_DATA
28.153028,95.218294,LandslideGuard_Project_Master,,,,,,,,NO_TEMPORAL_DATA
28.154111,95.181694,LandslideGuard_Project_Master,,,,,,,,NO_TEMPORAL_DATA
28.266889,95.21425,LandslideGuard_Project_Master,,,,,,,,NO_TEMPORAL_DATA
28.272,95.208417,LandslideGuard_Project_Master,,,,,,,,NO_TEMPORAL_DATA
28.291556,95.199111,LandslideGuard_Project_Master,,,,,,,,NO_TEMPORAL_DATA
28.2805,95.201556,LandslideGuard_Project_Master,,,,,,,,NO_TEMPORAL_DATA
28.3105,95.197472,LandslideGuard_Project_Master,,,,,,,,NO_TEMPORAL_DATA
28.301694,95.195361,LandslideGuard_Project_Master,,,,,,,,NO_TEMPORAL_DATA
28.322889,95.203694,LandslideGuard_Project_Master,,,,,,,,NO_TEMPORAL_DATA
28.366417,95.221194,LandslideGuard_Project_Master,,,,,,,,NO_TEMPORAL_DATA
28.399111,95.241361,LandslideGuard_Project_Master,,,,,,,,NO_TEMPORAL_DATA
28.386722,95.240833,LandslideGuard_Project_Master,,,,,,,,NO_TEMPORAL_DATA
28.378694,95.230667,LandslideGuard_Project_Master,,,,,,,,NO_TEMPORAL_DATA
28.384833,95.233806,LandslideGuard_Project_Master,,,,,,,,NO_TEMPORAL_DATA
28.386806,95.240111,LandslideGuard_Project_Master,,,,,,,,NO_TEMPORAL_DATA
28.402417,95.245944,LandslideGuard_Project_Master,,,,,,,,NO_TEMPORAL_DATA
28.402139,95.243944,LandslideGuard_Project_Master,,,,,,,,NO_TEMPORAL_DATA
28.412722,95.247722,LandslideGuard_Project_Master,,,,,,,,NO_TEMPORAL_DATA
28.415028,95.247083,LandslideGuard_Project_Master,,,,,,,,NO_TEMPORAL_DATA
28.165711,95.46208,LandslideGuard_Project_Master,,,,,,,,NO_TEMPORAL_DATA
28.165684,95.462909,LandslideGuard_Project_Master,,,,,,,,NO_TEMPORAL_DATA
28.181834,95.469828,LandslideGuard_Project_Master,,,,,,,,NO_TEMPORAL_DATA
28.181365,95.470102,LandslideGuard_Project_Master,,,,,,,,NO_TEMPORAL_DATA
28.175659,95.470804,LandslideGuard_Project_Master,,,,,,,,NO_TEMPORAL_DATA
28.174973,95.469402,LandslideGuard_Project_Master,,,,,,,,NO_TEMPORAL_DATA
28.175079,95.469602,LandslideGuard_Project_Master,,,,,,,,NO_TEMPORAL_DATA
28.179262,95.477068,LandslideGuard_Project_Master,,,,,,,,NO_TEMPORAL_DATA
28.186582,95.471126,LandslideGuard_Project_Master,,,,,,,,NO_TEMPORAL_DATA
28.16317,95.450433,LandslideGuard_Project_Master,,,,,,,,NO_TEMPORAL_DATA
28.163691,95.458,LandslideGuard_Project_Master,,,,,,,,NO_TEMPORAL_DATA
28.163322,95.459813,LandslideGuard_Project_Master,,,,,,,,NO_TEMPORAL_DATA
28.162497,95.441244,LandslideGuard_Project_Master,,,,,,,,NO_TEMPORAL_DATA
28.160664,95.446755,LandslideGuard_Project_Master,,,,,,,,NO_TEMPORAL_DATA
28.160853,95.446925,LandslideGuard_Project_Master,,,,,,,,NO_TEMPORAL_DATA
28.167982,95.431764,LandslideGuard_Project_Master,,,,,,,,NO_TEMPORAL_DATA
28.227891,95.541082,LandslideGuard_Project_Master,,,,,,,,NO_TEMPORAL_DATA
28.237716,95.535611,LandslideGuard_Project_Master,,,,,,,,NO_TEMPORAL_DATA
28.242969,95.537549,LandslideGuard_Project_Master,,,,,,,,NO_TEMPORAL_DATA
28.242444,95.536828,LandslideGuard_Project_Master,,,,,,,,NO_TEMPORAL_DATA
28.243417,95.538216,LandslideGuard_Project_Master,,,,,,,,NO_TEMPORAL_DATA
28.192581,95.804085,LandslideGuard_Project_Master,,,,,,,,NO_TEMPORAL_DATA
28.193864,95.805469,LandslideGuard_Project_Master,,,,,,,,NO_TEMPORAL_DATA
28.194651,95.807085,LandslideGuard_Project_Master,,,,,,,,NO_TEMPORAL_DATA
28.173434,95.836605,LandslideGuard_Project_Master,,,,,,,,NO_TEMPORAL_DATA
28.171187,95.833166,LandslideGuard_Project_Master,,,,,,,,NO_TEMPORAL_DATA
28.241041,95.866387,LandslideGuard_Project_Master,,,,,,,,NO_TEMPORAL_DATA
28.240521,95.866592,LandslideGuard_Project_Master,,,,,,,,NO_TEMPORAL_DATA
28.223825,95.829105,LandslideGuard_Project_Master,,,,,,,,NO_TEMPORAL_DATA
28.201838,95.812004,LandslideGuard_Project_Master,,,,,,,,NO_TEMPORAL_DATA
28.199873,95.811883,LandslideGuard_Project_Master,,,,,,,,NO_TEMPORAL_DATA
28.198018,95.810448,LandslideGuard_Project_Master,,,,,,,,NO_TEMPORAL_DATA
28.202844,95.811201,LandslideGuard_Project_Master,,,,,,,,NO_TEMPORAL_DATA
28.205003,95.813193,LandslideGuard_Project_Master,,,,,,,,NO_TEMPORAL_DATA
28.207699,95.809197,LandslideGuard_Project_Master,,,,,,,,NO_TEMPORAL_DATA
28.20737,95.81005,LandslideGuard_Project_Master,,,,,,,,NO_TEMPORAL_DATA
28.207796,95.807742,LandslideGuard_Project_Master,,,,,,,,NO_TEMPORAL_DATA
28.219976,95.799065,LandslideGuard_Project_Master,,,,,,,,NO_TEMPORAL_DATA
28.216253,95.796393,LandslideGuard_Project_Master,,,,,,,,NO_TEMPORAL_DATA
28.215014,95.799764,LandslideGuard_Project_Master,,,,,,,,NO_TEMPORAL_DATA
28.215926,95.799557,LandslideGuard_Project_Master,,,,,,,,NO_TEMPORAL_DATA
28.212211,95.801273,LandslideGuard_Project_Master,,,,,,,,NO_TEMPORAL_DATA
28.209018,95.80348,LandslideGuard_Project_Master,,,,,,,,NO_TEMPORAL_DATA
28.212275,95.802589,LandslideGuard_Project_Master,,,,,,,,NO_TEMPORAL_DATA
28.21267,95.803194,LandslideGuard_Project_Master,,,,,,,,NO_TEMPORAL_DATA
28.209062,95.806755,LandslideGuard_Project_Master,,,,,,,,NO_TEMPORAL_DATA
28.216997,95.790585,LandslideGuard_Project_Master,,,,,,,,NO_TEMPORAL_DATA
28.217543,95.792489,LandslideGuard_Project_Master,,,,,,,,NO_TEMPORAL_DATA
28.217595,95.793032,LandslideGuard_Project_Master,,,,,,,,NO_TEMPORAL_DATA
28.215206,95.793704,LandslideGuard_Project_Master,,,,,,,,NO_TEMPORAL_DATA
28.215862,95.795227,LandslideGuard_Project_Master,,,,,,,,NO_TEMPORAL_DATA
28.218539,95.794022,LandslideGuard_Project_Master,,,,,,,,NO_TEMPORAL_DATA
28.21909,95.791084,LandslideGuard_Project_Master,,,,,,,,NO_TEMPORAL_DATA
28.217204,95.789599,LandslideGuard_Project_Master,,,,,,,,NO_TEMPORAL_DATA
28.245016,95.77363,LandslideGuard_Project_Master,,,,,,,,NO_TEMPORAL_DATA
28.245371,95.774057,LandslideGuard_Project_Master,,,,,,,,NO_TEMPORAL_DATA
28.244851,95.773499,LandslideGuard_Project_Master,,,,,,,,NO_TEMPORAL_DATA
28.240442,95.774201,LandslideGuard_Project_Master,,,,,,,,NO_TEMPORAL_DATA
28.237008,95.776204,LandslideGuard_Project_Master,,,,,,,,NO_TEMPORAL_DATA
28.239482,95.774559,LandslideGuard_Project_Master,,,,,,,,NO_TEMPORAL_DATA
28.238144,95.774758,LandslideGuard_Project_Master,,,,,,,,NO_TEMPORAL_DATA
28.234199,95.777037,LandslideGuard_Project_Master,,,,,,,,NO_TEMPORAL_DATA
28.229809,95.779855,LandslideGuard_Project_Master,,,,,,,,NO_TEMPORAL_DATA
28.229114,95.780019,LandslideGuard_Project_Master,,,,,,,,NO_TEMPORAL_DATA
28.227703,95.781369,LandslideGuard_Project_Master,,,,,,,,NO_TEMPORAL_DATA
28.242997,95.772144,LandslideGuard_Project_Master,,,,,,,,NO_TEMPORAL_DATA
28.309002,95.754702,LandslideGuard_Project_Master,,,,,,,,NO_TEMPORAL_DATA
28.33836,95.781715,LandslideGuard_Project_Master,,,,,,,,NO_TEMPORAL_DATA
28.327545,95.783923,LandslideGuard_Project_Master,,,,,,,,NO_TEMPORAL_DATA
28.32225,95.780295,LandslideGuard_Project_Master,,,,,,,,NO_TEMPORAL_DATA
28.321143,95.779346,LandslideGuard_Project_Master,,,,,,,,NO_TEMPORAL_DATA
28.291703,95.77618,LandslideGuard_Project_Master,,,,,,,,NO_TEMPORAL_DATA
28.259524,95.780336,LandslideGuard_Project_Master,,,,,,,,NO_TEMPORAL_DATA
28.257991,95.781619,LandslideGuard_Project_Master,,,,,,,,NO_TEMPORAL_DATA
28.257258,95.777764,LandslideGuard_Project_Master,,,,,,,,NO_TEMPORAL_DATA
28.252176,95.775797,LandslideGuard_Project_Master,,,,,,,,NO_TEMPORAL_DATA
28.252507,95.781741,LandslideGuard_Project_Master,,,,,,,,NO_TEMPORAL_DATA
28.266807,95.789109,LandslideGuard_Project_Master,,,,,,,,NO_TEMPORAL_DATA
28.277716,95.789358,LandslideGuard_Project_Master,,,,,,,,NO_TEMPORAL_DATA
28.273544,95.789425,LandslideGuard_Project_Master,,,,,,,,NO_TEMPORAL_DATA
28.289254,95.785468,LandslideGuard_Project_Master,,,,,,,,NO_TEMPORAL_DATA
28.297476,95.791016,LandslideGuard_Project_Master,,,,,,,,NO_TEMPORAL_DATA
28.335249,95.788465,LandslideGuard_Project_Master,,,,,,,,NO_TEMPORAL_DATA
28.330336,95.794313,LandslideGuard_Project_Master,,,,,,,,NO_TEMPORAL_DATA
28.434292,95.876106,LandslideGuard_Project_Master,,,,,,,,NO_TEMPORAL_DATA
28.448428,95.855303,LandslideGuard_Project_Master,,,,,,,,NO_TEMPORAL_DATA
28.438898,95.85009,LandslideGuard_Project_Master,,,,,,,,NO_TEMPORAL_DATA
28.266795,95.607261,LandslideGuard_Project_Master,,,,,,,,NO_TEMPORAL_DATA
28.266271,95.609385,LandslideGuard_Project_Master,,,,,,,,NO_TEMPORAL_DATA
28.269062,95.610767,LandslideGuard_Project_Master,,,,,,,,NO_TEMPORAL_DATA
28.26986,95.610757,LandslideGuard_Project_Master,,,,,,,,NO_TEMPORAL_DATA
28.262989,95.59932,LandslideGuard_Project_Master,,,,,,,,NO_TEMPORAL_DATA
28.255261,95.582613,LandslideGuard_Project_Master,,,,,,,,NO_TEMPORAL_DATA
28.255059,95.576996,LandslideGuard_Project_Master,,,,,,,,NO_TEMPORAL_DATA
28.253915,95.578439,LandslideGuard_Project_Master,,,,,,,,NO_TEMPORAL_DATA
28.254509,95.581558,LandslideGuard_Project_Master,,,,,,,,NO_TEMPORAL_DATA
28.265803,95.570892,LandslideGuard_Project_Master,,,,,,,,NO_TEMPORAL_DATA
28.265266,95.56964,LandslideGuard_Project_Master,,,,,,,,NO_TEMPORAL_DATA
28.264331,95.565798,LandslideGuard_Project_Master,,,,,,,,NO_TEMPORAL_DATA
28.262806,95.565421,LandslideGuard_Project_Master,,,,,,,,NO_TEMPORAL_DATA
28.261147,95.567331,LandslideGuard_Project_Master,,,,,,,,NO_TEMPORAL_DATA
28.261379,95.566909,LandslideGuard_Project_Master,,,,,,,,NO_TEMPORAL_DATA
28.261999,95.56626,LandslideGuard_Project_Master,,,,,,,,NO_TEMPORAL_DATA
28.262338,95.565698,LandslideGuard_Project_Master,,,,,,,,NO_TEMPORAL_DATA
28.259561,95.568965,LandslideGuard_Project_Master,,,,,,,,NO_TEMPORAL_DATA
28.263228,95.570962,LandslideGuard_Project_Master,,,,,,,,NO_TEMPORAL_DATA
28.263468,95.570661,LandslideGuard_Project_Master,,,,,,,,NO_TEMPORAL_DATA
28.2646,95.571519,LandslideGuard_Project_Master,,,,,,,,NO_TEMPORAL_DATA
28.256126,95.576152,LandslideGuard_Project_Master,,,,,,,,NO_TEMPORAL_DATA
28.256434,95.57515,LandslideGuard_Project_Master,,,,,,,,NO_TEMPORAL_DATA
28.265563,95.563438,LandslideGuard_Project_Master,,,,,,,,NO_TEMPORAL_DATA
28.265561,95.562854,LandslideGuard_Project_Master,,,,,,,,NO_TEMPORAL_DATA
28.267216,95.559542,LandslideGuard_Project_Master,,,,,,,,NO_TEMPORAL_DATA
28.267526,95.561048,LandslideGuard_Project_Master,,,,,,,,NO_TEMPORAL_DATA
28.265965,95.560934,LandslideGuard_Project_Master,,,,,,,,NO_TEMPORAL_DATA
28.265836,95.563875,LandslideGuard_Project_Master,,,,,,,,NO_TEMPORAL_DATA
28.26825,95.555457,LandslideGuard_Project_Master,,,,,,,,NO_TEMPORAL_DATA
28.267726,95.551477,LandslideGuard_Project_Master,,,,,,,,NO_TEMPORAL_DATA
28.265532,95.549321,LandslideGuard_Project_Master,,,,,,,,NO_TEMPORAL_DATA
28.263731,95.551326,LandslideGuard_Project_Master,,,,,,,,NO_TEMPORAL_DATA
28.264888,95.550575,LandslideGuard_Project_Master,,,,,,,,NO_TEMPORAL_DATA
28.262879,95.551911,LandslideGuard_Project_Master,,,,,,,,NO_TEMPORAL_DATA
28.258122,95.55209,LandslideGuard_Project_Master,,,,,,,,NO_TEMPORAL_DATA
28.25701,95.551656,LandslideGuard_Project_Master,,,,,,,,NO_TEMPORAL_DATA
28.256397,95.550978,LandslideGuard_Project_Master,,,,,,,,NO_TEMPORAL_DATA
28.25736,95.55087,LandslideGuard_Project_Master,,,,,,,,NO_TEMPORAL_DATA
28.258144,95.551252,LandslideGuard_Project_Master,,,,,,,,NO_TEMPORAL_DATA
28.255703,95.55061,LandslideGuard_Project_Master,,,,,,,,NO_TEMPORAL_DATA
28.255355,95.551658,LandslideGuard_Project_Master,,,,,,,,NO_TEMPORAL_DATA
28.251139,95.55011,LandslideGuard_Project_Master,,,,,,,,NO_TEMPORAL_DATA
28.249718,95.546273,LandslideGuard_Project_Master,,,,,,,,NO_TEMPORAL_DATA
28.246512,95.541646,LandslideGuard_Project_Master,,,,,,,,NO_TEMPORAL_DATA
28.497294,95.827044,LandslideGuard_Project_Master,,,,,,,,NO_TEMPORAL_DATA
28.498405,95.827217,LandslideGuard_Project_Master,,,,,,,,NO_TEMPORAL_DATA
28.498464,95.828278,LandslideGuard_Project_Master,,,,,,,,NO_TEMPORAL_DATA
28.494378,95.825225,LandslideGuard_Project_Master,,,,,,,,NO_TEMPORAL_DATA
28.474093,95.847423,LandslideGuard_Project_Master,,,,,,,,NO_TEMPORAL_DATA
28.469481,95.849951,LandslideGuard_Project_Master,,,,,,,,NO_TEMPORAL_DATA
28.471388,95.852234,LandslideGuard_Project_Master,,,,,,,,NO_TEMPORAL_DATA
28.464936,95.852312,LandslideGuard_Project_Master,,,,,,,,NO_TEMPORAL_DATA
28.457775,95.853489,LandslideGuard_Project_Master,,,,,,,,NO_TEMPORAL_DATA
28.462314,95.849136,LandslideGuard_Project_Master,,,,,,,,NO_TEMPORAL_DATA
28.450374,95.855884,LandslideGuard_Project_Master,,,,,,,,NO_TEMPORAL_DATA
28.454481,95.854029,LandslideGuard_Project_Master,,,,,,,,NO_TEMPORAL_DATA
28.455284,95.854018,LandslideGuard_Project_Master,,,,,,,,NO_TEMPORAL_DATA
28.472966,95.857242,LandslideGuard_Project_Master,,,,,,,,NO_TEMPORAL_DATA
28.472919,95.857932,LandslideGuard_Project_Master,,,,,,,,NO_TEMPORAL_DATA
28.472858,95.858449,LandslideGuard_Project_Master,,,,,,,,NO_TEMPORAL_DATA
28.472863,95.858934,LandslideGuard_Project_Master,,,,,,,,NO_TEMPORAL_DATA
28.489492,95.845459,LandslideGuard_Project_Master,,,,,,,,NO_TEMPORAL_DATA
28.487041,95.848265,LandslideGuard_Project_Master,,,,,,,,NO_TEMPORAL_DATA
28.488264,95.842761,LandslideGuard_Project_Master,,,,,,,,NO_TEMPORAL_DATA
28.487904,95.84071,LandslideGuard_Project_Master,,,,,,,,NO_TEMPORAL_DATA
28.476722,95.841356,LandslideGuard_Project_Master,,,,,,,,NO_TEMPORAL_DATA
28.479902,95.839317,LandslideGuard_Project_Master,,,,,,,,NO_TEMPORAL_DATA
28.481108,95.838317,LandslideGuard_Project_Master,,,,,,,,NO_TEMPORAL_DATA
28.490519,95.832301,LandslideGuard_Project_Master,,,,,,,,NO_TEMPORAL_DATA
28.490727,95.833473,LandslideGuard_Project_Master,,,,,,,,NO_TEMPORAL_DATA
28.625114,95.852703,LandslideGuard_Project_Master,,,,,,,,NO_TEMPORAL_DATA
28.609263,95.856878,LandslideGuard_Project_Master,,,,,,,,NO_TEMPORAL_DATA
28.608016,95.854035,LandslideGuard_Project_Master,,,,,,,,NO_TEMPORAL_DATA
28.606804,95.864088,LandslideGuard_Project_Master,,,,,,,,NO_TEMPORAL_DATA
28.615893,95.859914,LandslideGuard_Project_Master,,,,,,,,NO_TEMPORAL_DATA
28.618542,95.858124,LandslideGuard_Project_Master,,,,,,,,NO_TEMPORAL_DATA
28.621593,95.855998,LandslideGuard_Project_Master,,,,,,,,NO_TEMPORAL_DATA
28.62267,95.856377,LandslideGuard_Project_Master,,,,,,,,NO_TEMPORAL_DATA
28.625048,95.857251,LandslideGuard_Project_Master,,,,,,,,NO_TEMPORAL_DATA
28.628208,95.85647,LandslideGuard_Project_Master,,,,,,,,NO_TEMPORAL_DATA
28.638336,95.856331,LandslideGuard_Project_Master,,,,,,,,NO_TEMPORAL_DATA
28.760937,95.865649,LandslideGuard_Project_Master,,,,,,,,NO_TEMPORAL_DATA
28.763514,95.868872,LandslideGuard_Project_Master,,,,,,,,NO_TEMPORAL_DATA
28.763802,95.868513,LandslideGuard_Project_Master,,,,,,,,NO_TEMPORAL_DATA
28.772473,95.867921,LandslideGuard_Project_Master,,,,,,,,NO_TEMPORAL_DATA
28.77363,95.869239,LandslideGuard_Project_Master,,,,,,,,NO_TEMPORAL_DATA
28.775918,95.874296,LandslideGuard_Project_Master,,,,,,,,NO_TEMPORAL_DATA
28.846067,95.865922,LandslideGuard_Project_Master,,,,,,,,NO_TEMPORAL_DATA
28.85641,95.859872,LandslideGuard_Project_Master,,,,,,,,NO_TEMPORAL_DATA
28.852213,95.863907,LandslideGuard_Project_Master,,,,,,,,NO_TEMPORAL_DATA
28.452528,95.239333,LandslideGuard_Project_Master,,,,,,,,NO_TEMPORAL_DATA
28.470167,95.233333,LandslideGuard_Project_Master,,,,,,,,NO_TEMPORAL_DATA
28.4875,95.213417,LandslideGuard_Project_Master,,,,,,,,NO_TEMPORAL_DATA
28.484056,95.207056,LandslideGuard_Project_Master,,,,,,,,NO_TEMPORAL_DATA
28.4915,95.202944,LandslideGuard_Project_Master,,,,,,,,NO_TEMPORAL_DATA
28.490278,95.203194,LandslideGuard_Project_Master,,,,,,,,NO_TEMPORAL_DATA
28.497917,95.191639,LandslideGuard_Project_Master,,,,,,,,NO_TEMPORAL_DATA
28.509,95.177639,LandslideGuard_Project_Master,,,,,,,,NO_TEMPORAL_DATA
28.510528,95.177722,LandslideGuard_Project_Master,,,,,,,,NO_TEMPORAL_DATA
28.512056,95.1805,LandslideGuard_Project_Master,,,,,,,,NO_TEMPORAL_DATA
28.514083,95.178278,LandslideGuard_Project_Master,,,,,,,,NO_TEMPORAL_DATA
28.516083,95.178028,LandslideGuard_Project_Master,,,,,,,,NO_TEMPORAL_DATA
28.522806,95.172639,LandslideGuard_Project_Master,,,,,,,,NO_TEMPORAL_DATA
28.527722,95.173556,LandslideGuard_Project_Master,,,,,,,,NO_TEMPORAL_DATA
28.528778,95.173278,LandslideGuard_Project_Master,,,,,,,,NO_TEMPORAL_DATA
28.540139,95.168667,LandslideGuard_Project_Master,,,,,,,,NO_TEMPORAL_DATA
28.550694,95.158333,LandslideGuard_Project_Master,,,,,,,,NO_TEMPORAL_DATA
28.560139,95.149472,LandslideGuard_Project_Master,,,,,,,,NO_TEMPORAL_DATA
28.56525,95.148333,LandslideGuard_Project_Master,,,,,,,,NO_TEMPORAL_DATA
28.568694,95.143556,LandslideGuard_Project_Master,,,,,,,,NO_TEMPORAL_DATA
28.963981,95.808627,LandslideGuard_Project_Master,,,,,,,,NO_TEMPORAL_DATA
28.937833,95.820661,LandslideGuard_Project_Master,,,,,,,,NO_TEMPORAL_DATA
28.940482,95.82044,LandslideGuard_Project_Master,,,,,,,,NO_TEMPORAL_DATA
28.9407,95.82058,LandslideGuard_Project_Master,,,,,,,,NO_TEMPORAL_DATA
28.871556,95.852732,LandslideGuard_Project_Master,,,,,,,,NO_TEMPORAL_DATA
28.873622,95.850285,LandslideGuard_Project_Master,,,,,,,,NO_TEMPORAL_DATA
28.87826,95.847156,LandslideGuard_Project_Master,,,,,,,,NO_TEMPORAL_DATA
28.863017,95.856703,LandslideGuard_Project_Master,,,,,,,,NO_TEMPORAL_DATA
28.858358,95.858469,LandslideGuard_Project_Master,,,,,,,,NO_TEMPORAL_DATA
28.874939,95.981911,LandslideGuard_Project_Master,,,,,,,,NO_TEMPORAL_DATA
28.868037,95.983398,LandslideGuard_Project_Master,,,,,,,,NO_TEMPORAL_DATA
28.836083,95.963806,LandslideGuard_Project_Master,,,,,,,,NO_TEMPORAL_DATA
28.809244,95.92821,LandslideGuard_Project_Master,,,,,,,,NO_TEMPORAL_DATA
28.808133,95.926984,LandslideGuard_Project_Master,,,,,,,,NO_TEMPORAL_DATA
28.822525,95.93415,LandslideGuard_Project_Master,,,,,,,,NO_TEMPORAL_DATA
28.824703,95.93119,LandslideGuard_Project_Master,,,,,,,,NO_TEMPORAL_DATA
28.822521,95.92931,LandslideGuard_Project_Master,,,,,,,,NO_TEMPORAL_DATA
28.831619,95.882949,LandslideGuard_Project_Master,,,,,,,,NO_TEMPORAL_DATA
28.831826,95.882841,LandslideGuard_Project_Master,,,,,,,,NO_TEMPORAL_DATA
28.830919,95.880901,LandslideGuard_Project_Master,,,,,,,,NO_TEMPORAL_DATA
28.830316,95.877843,LandslideGuard_Project_Master,,,,,,,,NO_TEMPORAL_DATA
28.823558,95.882966,LandslideGuard_Project_Master,,,,,,,,NO_TEMPORAL_DATA
28.827069,95.9225,LandslideGuard_Project_Master,,,,,,,,NO_TEMPORAL_DATA
28.823766,95.922046,LandslideGuard_Project_Master,,,,,,,,NO_TEMPORAL_DATA
28.817477,95.922181,LandslideGuard_Project_Master,,,,,,,,NO_TEMPORAL_DATA
28.813905,95.920439,LandslideGuard_Project_Master,,,,,,,,NO_TEMPORAL_DATA
28.813805,95.919362,LandslideGuard_Project_Master,,,,,,,,NO_TEMPORAL_DATA
28.784231,95.906188,LandslideGuard_Project_Master,,,,,,,,NO_TEMPORAL_DATA
28.786868,95.908637,LandslideGuard_Project_Master,,,,,,,,NO_TEMPORAL_DATA
28.783517,95.904106,LandslideGuard_Project_Master,,,,,,,,NO_TEMPORAL_DATA
28.785391,95.892707,LandslideGuard_Project_Master,,,,,,,,NO_TEMPORAL_DATA
28.789647,95.894965,LandslideGuard_Project_Master,,,,,,,,NO_TEMPORAL_DATA
28.775381,95.898382,LandslideGuard_Project_Master,,,,,,,,NO_TEMPORAL_DATA
28.774623,95.89086,LandslideGuard_Project_Master,,,,,,,,NO_TEMPORAL_DATA
28.775779,95.890362,LandslideGuard_Project_Master,,,,,,,,NO_TEMPORAL_DATA
28.359553,95.948576,LandslideGuard_Project_Master,,,,,,,,NO_TEMPORAL_DATA
28.314581,95.966345,LandslideGuard_Project_Master,,,,,,,,NO_TEMPORAL_DATA
28.313528,95.966611,LandslideGuard_Project_Master,,,,,,,,NO_TEMPORAL_DATA
28.309676,95.967453,LandslideGuard_Project_Master,,,,,,,,NO_TEMPORAL_DATA
28.308943,95.966462,LandslideGuard_Project_Master,,,,,,,,NO_TEMPORAL_DATA
28.309975,95.952909,LandslideGuard_Project_Master,,,,,,,,NO_TEMPORAL_DATA
28.31731,95.956718,LandslideGuard_Project_Master,,,,,,,,NO_TEMPORAL_DATA
28.319141,95.956918,LandslideGuard_Project_Master,,,,,,,,NO_TEMPORAL_DATA
28.296668,95.92282,LandslideGuard_Project_Master,,,,,,,,NO_TEMPORAL_DATA
28.286447,95.920837,LandslideGuard_Project_Master,,,,,,,,NO_TEMPORAL_DATA
28.255967,95.907144,LandslideGuard_Project_Master,,,,,,,,NO_TEMPORAL_DATA
28.253453,95.908055,LandslideGuard_Project_Master,,,,,,,,NO_TEMPORAL_DATA
28.26053,95.904556,LandslideGuard_Project_Master,,,,,,,,NO_TEMPORAL_DATA
28.27138,95.90606,LandslideGuard_Project_Master,,,,,,,,NO_TEMPORAL_DATA
28.308592,95.971041,LandslideGuard_Project_Master,,,,,,,,NO_TEMPORAL_DATA
28.308841,95.973238,LandslideGuard_Project_Master,,,,,,,,NO_TEMPORAL_DATA
28.30984,95.984084,LandslideGuard_Project_Master,,,,,,,,NO_TEMPORAL_DATA
28.315484,95.982181,LandslideGuard_Project_Master,,,,,,,,NO_TEMPORAL_DATA
28.31085,95.979868,LandslideGuard_Project_Master,,,,,,,,NO_TEMPORAL_DATA
28.312795,95.97654,LandslideGuard_Project_Master,,,,,,,,NO_TEMPORAL_DATA
28.312731,95.975665,LandslideGuard_Project_Master,,,,,,,,NO_TEMPORAL_DATA
28.242214,95.923556,LandslideGuard_Project_Master,,,,,,,,NO_TEMPORAL_DATA
28.24175,95.925012,LandslideGuard_Project_Master,,,,,,,,NO_TEMPORAL_DATA
28.243322,95.921911,LandslideGuard_Project_Master,,,,,,,,NO_TEMPORAL_DATA
28.242782,95.922731,LandslideGuard_Project_Master,,,,,,,,NO_TEMPORAL_DATA
28.243182,95.921338,LandslideGuard_Project_Master,,,,,,,,NO_TEMPORAL_DATA
28.244966,95.914872,LandslideGuard_Project_Master,,,,,,,,NO_TEMPORAL_DATA
28.244975,95.914094,LandslideGuard_Project_Master,,,,,,,,NO_TEMPORAL_DATA
28.237425,95.897823,LandslideGuard_Project_Master,,,,,,,,NO_TEMPORAL_DATA
28.238615,95.893348,LandslideGuard_Project_Master,,,,,,,,NO_TEMPORAL_DATA
28.238692,95.892681,LandslideGuard_Project_Master,,,,,,,,NO_TEMPORAL_DATA
28.243461,95.894049,LandslideGuard_Project_Master,,,,,,,,NO_TEMPORAL_DATA
28.246304,95.889037,LandslideGuard_Project_Master,,,,,,,,NO_TEMPORAL_DATA
28.31658,96.61508,LandslideGuard_Project_Master,,,,,,,,NO_TEMPORAL_DATA
28.31211,96.61719,LandslideGuard_Project_Master,,,,,,,,NO_TEMPORAL_DATA
28.27378,96.57031,LandslideGuard_Project_Master,,,,,,,,NO_TEMPORAL_DATA
28.2625,96.5465,LandslideGuard_Project_Master,,,,,,,,NO_TEMPORAL_DATA
28.25897,96.54433,LandslideGuard_Project_Master,,,,,,,,NO_TEMPORAL_DATA
28.25203,96.54264,LandslideGuard_Project_Master,,,,,,,,NO_TEMPORAL_DATA
28.26814,96.55728,LandslideGuard_Project_Master,,,,,,,,NO_TEMPORAL_DATA
28.26786,96.55781,LandslideGuard_Project_Master,,,,,,,,NO_TEMPORAL_DATA
28.26522,96.57889,LandslideGuard_Project_Master,,,,,,,,NO_TEMPORAL_DATA
28.28386,96.58275,LandslideGuard_Project_Master,,,,,,,,NO_TEMPORAL_DATA
28.28331,96.58094,LandslideGuard_Project_Master,,,,,,,,NO_TEMPORAL_DATA
28.28778,96.57928,LandslideGuard_Project_Master,,,,,,,,NO_TEMPORAL_DATA
28.14531,96.54897,LandslideGuard_Project_Master,,,,,,,,NO_TEMPORAL_DATA
28.15292,96.53858,LandslideGuard_Project_Master,,,,,,,,NO_TEMPORAL_DATA
28.16206,96.53061,LandslideGuard_Project_Master,,,,,,,,NO_TEMPORAL_DATA
28.16939,96.52578,LandslideGuard_Project_Master,,,,,,,,NO_TEMPORAL_DATA
28.18439,96.53453,LandslideGuard_Project_Master,,,,,,,,NO_TEMPORAL_DATA
28.18525,96.53256,LandslideGuard_Project_Master,,,,,,,,NO_TEMPORAL_DATA
28.20867,96.53222,LandslideGuard_Project_Master,,,,,,,,NO_TEMPORAL_DATA
28.21483,96.53911,LandslideGuard_Project_Master,,,,,,,,NO_TEMPORAL_DATA
28.19597,96.53733,LandslideGuard_Project_Master,,,,,,,,NO_TEMPORAL_DATA
28.22328,96.55303,LandslideGuard_Project_Master,,,,,,,,NO_TEMPORAL_DATA
28.22408,96.55872,LandslideGuard_Project_Master,,,,,,,,NO_TEMPORAL_DATA
28.23153,96.54272,LandslideGuard_Project_Master,,,,,,,,NO_TEMPORAL_DATA
28.22797,96.54606,LandslideGuard_Project_Master,,,,,,,,NO_TEMPORAL_DATA
28.22381,96.53644,LandslideGuard_Project_Master,,,,,,,,NO_TEMPORAL_DATA
28.23969,96.52778,LandslideGuard_Project_Master,,,,,,,,NO_TEMPORAL_DATA
28.106321,96.447245,LandslideGuard_Project_Master,,,,,,,,NO_TEMPORAL_DATA
28.105952,96.447724,LandslideGuard_Project_Master,,,,,,,,NO_TEMPORAL_DATA
28.105572,96.447685,LandslideGuard_Project_Master,,,,,,,,NO_TEMPORAL_DATA
28.102005,96.448473,LandslideGuard_Project_Master,,,,,,,,NO_TEMPORAL_DATA
28.100244,96.448173,LandslideGuard_Project_Master,,,,,,,,NO_TEMPORAL_DATA
28.100914,96.449162,LandslideGuard_Project_Master,,,,,,,,NO_TEMPORAL_DATA
28.100284,96.449538,LandslideGuard_Project_Master,,,,,,,,NO_TEMPORAL_DATA
28.094359,96.453058,LandslideGuard_Project_Master,,,,,,,,NO_TEMPORAL_DATA
28.095602,96.453246,LandslideGuard_Project_Master,,,,,,,,NO_TEMPORAL_DATA
28.080151,96.472541,LandslideGuard_Project_Master,,,,,,,,NO_TEMPORAL_DATA
28.080301,96.472247,LandslideGuard_Project_Master,,,,,,,,NO_TEMPORAL_DATA
28.079818,96.46838,LandslideGuard_Project_Master,,,,,,,,NO_TEMPORAL_DATA
28.084252,96.459672,LandslideGuard_Project_Master,,,,,,,,NO_TEMPORAL_DATA
28.083417,96.461433,LandslideGuard_Project_Master,,,,,,,,NO_TEMPORAL_DATA
28.082576,96.464869,LandslideGuard_Project_Master,,,,,,,,NO_TEMPORAL_DATA
28.082618,96.465189,LandslideGuard_Project_Master,,,,,,,,NO_TEMPORAL_DATA
28.088159,96.458999,LandslideGuard_Project_Master,,,,,,,,NO_TEMPORAL_DATA
28.089549,96.457818,LandslideGuard_Project_Master,,,,,,,,NO_TEMPORAL_DATA
28.0907,96.45238,LandslideGuard_Project_Master,,,,,,,,NO_TEMPORAL_DATA
28.090087,96.454067,LandslideGuard_Project_Master,,,,,,,,NO_TEMPORAL_DATA
28.06006,96.44636,LandslideGuard_Project_Master,,,,,,,,NO_TEMPORAL_DATA
28.05989,96.46281,LandslideGuard_Project_Master,,,,,,,,NO_TEMPORAL_DATA
28.05989,96.46281,LandslideGuard_Project_Master,,,,,,,,NO_TEMPORAL_DATA
28.063,96.49914,LandslideGuard_Project_Master,,,,,,,,NO_TEMPORAL_DATA
28.06356,96.50075,LandslideGuard_Project_Master,,,,,,,,NO_TEMPORAL_DATA
28.05997,96.48664,LandslideGuard_Project_Master,,,,,,,,NO_TEMPORAL_DATA
28.05939,96.48397,LandslideGuard_Project_Master,,,,,,,,NO_TEMPORAL_DATA
28.06964,96.50025,LandslideGuard_Project_Master,,,,,,,,NO_TEMPORAL_DATA
28.08061,96.51294,LandslideGuard_Project_Master,,,,,,,,NO_TEMPORAL_DATA
28.08014,96.52356,LandslideGuard_Project_Master,,,,,,,,NO_TEMPORAL_DATA
28.08019,96.54483,LandslideGuard_Project_Master,,,,,,,,NO_TEMPORAL_DATA
28.09311,96.53622,LandslideGuard_Project_Master,,,,,,,,NO_TEMPORAL_DATA
28.10714,96.54489,LandslideGuard_Project_Master,,,,,,,,NO_TEMPORAL_DATA
28.11142,96.54528,LandslideGuard_Project_Master,,,,,,,,NO_TEMPORAL_DATA
28.11594,96.54689,LandslideGuard_Project_Master,,,,,,,,NO_TEMPORAL_DATA
28.11781,96.54906,LandslideGuard_Project_Master,,,,,,,,NO_TEMPORAL_DATA
28.01661,96.44172,LandslideGuard_Project_Master,,,,,,,,NO_TEMPORAL_DATA
28.023491,96.440972,LandslideGuard_Project_Master,,,,,,,,NO_TEMPORAL_DATA
28.022471,96.440489,LandslideGuard_Project_Master,,,,,,,,NO_TEMPORAL_DATA
28.01992,96.443,LandslideGuard_Project_Master,,,,,,,,NO_TEMPORAL_DATA
28.01781,96.44275,LandslideGuard_Project_Master,,,,,,,,NO_TEMPORAL_DATA
28.00611,96.42872,LandslideGuard_Project_Master,,,,,,,,NO_TEMPORAL_DATA
27.98728,96.41208,LandslideGuard_Project_Master,,,,,,,,NO_TEMPORAL_DATA
27.98747,96.41133,LandslideGuard_Project_Master,,,,,,,,NO_TEMPORAL_DATA
27.96325,96.40097,LandslideGuard_Project_Master,,,,,,,,NO_TEMPORAL_DATA
27.95964,96.40178,LandslideGuard_Project_Master,,,,,,,,NO_TEMPORAL_DATA
27.95603,96.40267,LandslideGuard_Project_Master,,,,,,,,NO_TEMPORAL_DATA
27.94903,96.39158,LandslideGuard_Project_Master,,,,,,,,NO_TEMPORAL_DATA
27.95672,96.39697,LandslideGuard_Project_Master,,,,,,,,NO_TEMPORAL_DATA
27.968,96.39822,LandslideGuard_Project_Master,,,,,,,,NO_TEMPORAL_DATA
27.96756,96.40189,LandslideGuard_Project_Master,,,,,,,,NO_TEMPORAL_DATA
27.96756,96.40214,LandslideGuard_Project_Master,,,,,,,,NO_TEMPORAL_DATA
27.98333,96.40433,LandslideGuard_Project_Master,,,,,,,,NO_TEMPORAL_DATA
27.91647,96.33161,LandslideGuard_Project_Master,,,,,,,,NO_TEMPORAL_DATA
27.91636,96.33392,LandslideGuard_Project_Master,,,,,,,,NO_TEMPORAL_DATA
27.91886,96.33156,LandslideGuard_Project_Master,,,,,,,,NO_TEMPORAL_DATA
27.91897,96.33108,LandslideGuard_Project_Master,,,,,,,,NO_TEMPORAL_DATA
27.91669,96.33833,LandslideGuard_Project_Master,,,,,,,,NO_TEMPORAL_DATA
27.87825,96.36614,LandslideGuard_Project_Master,,,,,,,,NO_TEMPORAL_DATA
27.87469,96.35986,LandslideGuard_Project_Master,,,,,,,,NO_TEMPORAL_DATA
27.90467,96.35917,LandslideGuard_Project_Master,,,,,,,,NO_TEMPORAL_DATA
27.90581,96.35933,LandslideGuard_Project_Master,,,,,,,,NO_TEMPORAL_DATA
27.90417,96.35869,LandslideGuard_Project_Master,,,,,,,,NO_TEMPORAL_DATA
27.90814,96.36028,LandslideGuard_Project_Master,,,,,,,,NO_TEMPORAL_DATA
27.90664,96.35964,LandslideGuard_Project_Master,,,,,,,,NO_TEMPORAL_DATA
27.90475,96.34811,LandslideGuard_Project_Master,,,,,,,,NO_TEMPORAL_DATA
27.90772,96.34517,LandslideGuard_Project_Master,,,,,,,,NO_TEMPORAL_DATA
27.91164,96.34269,LandslideGuard_Project_Master,,,,,,,,NO_TEMPORAL_DATA
27.93967,96.38097,LandslideGuard_Project_Master,,,,,,,,NO_TEMPORAL_DATA
27.94083,96.38161,LandslideGuard_Project_Master,,,,,,,,NO_TEMPORAL_DATA
27.89311,96.36336,LandslideGuard_Project_Master,,,,,,,,NO_TEMPORAL_DATA
27.458768,96.440093,LandslideGuard_Project_Master,,,,,,,,NO_TEMPORAL_DATA
27.449807,96.444466,LandslideGuard_Project_Master,,,,,,,,NO_TEMPORAL_DATA
27.453197,96.444944,LandslideGuard_Project_Master,,,,,,,,NO_TEMPORAL_DATA
27.455222,96.440908,LandslideGuard_Project_Master,,,,,,,,NO_TEMPORAL_DATA
27.447181,96.439865,LandslideGuard_Project_Master,,,,,,,,NO_TEMPORAL_DATA
27.460656,96.412177,LandslideGuard_Project_Master,,,,,,,,NO_TEMPORAL_DATA
27.467849,96.409616,LandslideGuard_Project_Master,,,,,,,,NO_TEMPORAL_DATA
27.460731,96.41975,LandslideGuard_Project_Master,,,,,,,,NO_TEMPORAL_DATA
27.476614,96.408544,LandslideGuard_Project_Master,,,,,,,,NO_TEMPORAL_DATA
27.479141,96.403435,LandslideGuard_Project_Master,,,,,,,,NO_TEMPORAL_DATA
27.476285,96.40896,LandslideGuard_Project_Master,,,,,,,,NO_TEMPORAL_DATA
27.474408,96.408773,LandslideGuard_Project_Master,,,,,,,,NO_TEMPORAL_DATA
27.470221,96.407798,LandslideGuard_Project_Master,,,,,,,,NO_TEMPORAL_DATA
27.466137,96.407194,LandslideGuard_Project_Master,,,,,,,,NO_TEMPORAL_DATA
27.305527,96.224831,LandslideGuard_Project_Master,,,,,,,,NO_TEMPORAL_DATA
27.315904,96.18349,LandslideGuard_Project_Master,,,,,,,,NO_TEMPORAL_DATA
27.313343,96.171327,LandslideGuard_Project_Master,,,,,,,,NO_TEMPORAL_DATA
27.309012,96.158495,LandslideGuard_Project_Master,,,,,,,,NO_TEMPORAL_DATA
27.282921,96.122193,LandslideGuard_Project_Master,,,,,,,,NO_TEMPORAL_DATA
27.302949,96.154621,LandslideGuard_Project_Master,,,,,,,,NO_TEMPORAL_DATA
27.288125,96.075898,LandslideGuard_Project_Master,,,,,,,,NO_TEMPORAL_DATA
27.29268,96.024049,LandslideGuard_Project_Master,,,,,,,,NO_TEMPORAL_DATA
27.298972,96.046398,LandslideGuard_Project_Master,,,,,,,,NO_TEMPORAL_DATA
27.268684,96.040751,LandslideGuard_Project_Master,,,,,,,,NO_TEMPORAL_DATA
27.268973,96.037707,LandslideGuard_Project_Master,,,,,,,,NO_TEMPORAL_DATA
27.273999,95.975506,LandslideGuard_Project_Master,,,,,,,,NO_TEMPORAL_DATA
27.287855,95.977914,LandslideGuard_Project_Master,,,,,,,,NO_TEMPORAL_DATA
27.287781,95.978389,LandslideGuard_Project_Master,,,,,,,,NO_TEMPORAL_DATA
27.299744,95.987092,LandslideGuard_Project_Master,,,,,,,,NO_TEMPORAL_DATA
27.296223,96.013675,LandslideGuard_Project_Master,,,,,,,,NO_TEMPORAL_DATA
27.299135,96.010349,LandslideGuard_Project_Master,,,,,,,,NO_TEMPORAL_DATA
27.300188,96.010838,LandslideGuard_Project_Master,,,,,,,,NO_TEMPORAL_DATA
27.29976,96.012691,LandslideGuard_Project_Master,,,,,,,,NO_TEMPORAL_DATA
27.297775,96.002314,LandslideGuard_Project_Master,,,,,,,,NO_TEMPORAL_DATA
27.300945,95.992838,LandslideGuard_Project_Master,,,,,,,,NO_TEMPORAL_DATA
27.275542,95.965859,LandslideGuard_Project_Master,,,,,,,,NO_TEMPORAL_DATA
27.257581,95.936353,LandslideGuard_Project_Master,,,,,,,,NO_TEMPORAL_DATA
28.013167,95.239333,LandslideGuard_Project_Master,,,,,,,,NO_TEMPORAL_DATA
28.025611,95.271179,LandslideGuard_Project_Master,,,,,,,,NO_TEMPORAL_DATA
28.033278,95.235383,LandslideGuard_Project_Master,,,,,,,,NO_TEMPORAL_DATA
27.452833,95.239,LandslideGuard_Project_Master,,,,,,,,NO_TEMPORAL_DATA
27.459167,95.233639,LandslideGuard_Project_Master,,,,,,,,NO_TEMPORAL_DATA
27.188551,95.703582,LandslideGuard_Project_Master,,,,,,,,NO_TEMPORAL_DATA
27.190295,95.716317,LandslideGuard_Project_Master,,,,,,,,NO_TEMPORAL_DATA
27.187767,95.732008,LandslideGuard_Project_Master,,,,,,,,NO_TEMPORAL_DATA
27.178695,95.735218,LandslideGuard_Project_Master,,,,,,,,NO_TEMPORAL_DATA
27.132933,95.709803,LandslideGuard_Project_Master,,,,,,,,NO_TEMPORAL_DATA
27.1448,95.742566,LandslideGuard_Project_Master,,,,,,,,NO_TEMPORAL_DATA
27.143343,95.743034,LandslideGuard_Project_Master,,,,,,,,NO_TEMPORAL_DATA
27.163388,95.746685,LandslideGuard_Project_Master,,,,,,,,NO_TEMPORAL_DATA
27.175606,95.749935,LandslideGuard_Project_Master,,,,,,,,NO_TEMPORAL_DATA
27.172066,95.754546,LandslideGuard_Project_Master,,,,,,,,NO_TEMPORAL_DATA
27.161858,95.757717,LandslideGuard_Project_Master,,,,,,,,NO_TEMPORAL_DATA
27.163084,95.754775,LandslideGuard_Project_Master,,,,,,,,NO_TEMPORAL_DATA
27.158837,95.750303,LandslideGuard_Project_Master,,,,,,,,NO_TEMPORAL_DATA
27.160065,95.754919,LandslideGuard_Project_Master,,,,,,,,NO_TEMPORAL_DATA
27.15844,95.755292,LandslideGuard_Project_Master,,,,,,,,NO_TEMPORAL_DATA
27.153826,95.77545,LandslideGuard_Project_Master,,,,,,,,NO_TEMPORAL_DATA
27.150127,95.780208,LandslideGuard_Project_Master,,,,,,,,NO_TEMPORAL_DATA
27.125767,95.745585,LandslideGuard_Project_Master,,,,,,,,NO_TEMPORAL_DATA
27.115545,95.733337,LandslideGuard_Project_Master,,,,,,,,NO_TEMPORAL_DATA
27.11587,95.733019,LandslideGuard_Project_Master,,,,,,,,NO_TEMPORAL_DATA
27.112268,95.736125,LandslideGuard_Project_Master,,,,,,,,NO_TEMPORAL_DATA
27.089394,95.729849,LandslideGuard_Project_Master,,,,,,,,NO_TEMPORAL_DATA
27.093755,95.731806,LandslideGuard_Project_Master,,,,,,,,NO_TEMPORAL_DATA
27.0611,95.721024,LandslideGuard_Project_Master,,,,,,,,NO_TEMPORAL_DATA
27.057191,95.716883,LandslideGuard_Project_Master,,,,,,,,NO_TEMPORAL_DATA
27.068358,95.725306,LandslideGuard_Project_Master,,,,,,,,NO_TEMPORAL_DATA
27.043883,95.72822,LandslideGuard_Project_Master,,,,,,,,NO_TEMPORAL_DATA
27.047848,95.729657,LandslideGuard_Project_Master,,,,,,,,NO_TEMPORAL_DATA
27.039914,95.73282,LandslideGuard_Project_Master,,,,,,,,NO_TEMPORAL_DATA
26.885896,95.562013,LandslideGuard_Project_Master,,,,,,,,NO_TEMPORAL_DATA
26.897502,95.542612,LandslideGuard_Project_Master,,,,,,,,NO_TEMPORAL_DATA
26.904294,95.549313,LandslideGuard_Project_Master,,,,,,,,NO_TEMPORAL_DATA
26.919823,95.545421,LandslideGuard_Project_Master,,,,,,,,NO_TEMPORAL_DATA
26.939232,95.520994,LandslideGuard_Project_Master,,,,,,,,NO_TEMPORAL_DATA
26.952173,95.519402,LandslideGuard_Project_Master,,,,,,,,NO_TEMPORAL_DATA
27.019379,95.555899,LandslideGuard_Project_Master,,,,,,,,NO_TEMPORAL_DATA
26.984318,95.510469,LandslideGuard_Project_Master,,,,,,,,NO_TEMPORAL_DATA
27.032124,95.562208,LandslideGuard_Project_Master,,,,,,,,NO_TEMPORAL_DATA
27.036339,95.564677,LandslideGuard_Project_Master,,,,,,,,NO_TEMPORAL_DATA
27.035069,95.56864,LandslideGuard_Project_Master,,,,,,,,NO_TEMPORAL_DATA
27.046252,95.592084,LandslideGuard_Project_Master,,,,,,,,NO_TEMPORAL_DATA
27.061845,95.614212,LandslideGuard_Project_Master,,,,,,,,NO_TEMPORAL_DATA
27.072206,95.634021,LandslideGuard_Project_Master,,,,,,,,NO_TEMPORAL_DATA
27.074431,95.638118,LandslideGuard_Project_Master,,,,,,,,NO_TEMPORAL_DATA
27.122408,95.678718,LandslideGuard_Project_Master,,,,,,,,NO_TEMPORAL_DATA
27.115246,95.670965,LandslideGuard_Project_Master,,,,,,,,NO_TEMPORAL_DATA
27.116625,95.669825,LandslideGuard_Project_Master,,,,,,,,NO_TEMPORAL_DATA
27.122872,95.672546,LandslideGuard_Project_Master,,,,,,,,NO_TEMPORAL_DATA
27.105748,95.654176,LandslideGuard_Project_Master,,,,,,,,NO_TEMPORAL_DATA
27.102625,95.645631,LandslideGuard_Project_Master,,,,,,,,NO_TEMPORAL_DATA
27.102163,95.644694,LandslideGuard_Project_Master,,,,,,,,NO_TEMPORAL_DATA
27.099707,95.641075,LandslideGuard_Project_Master,,,,,,,,NO_TEMPORAL_DATA
27.095969,95.634872,LandslideGuard_Project_Master,,,,,,,,NO_TEMPORAL_DATA
27.079176,95.638023,LandslideGuard_Project_Master,,,,,,,,NO_TEMPORAL_DATA
27.083054,95.639328,LandslideGuard_Project_Master,,,,,,,,NO_TEMPORAL_DATA
27.12922,95.684101,LandslideGuard_Project_Master,,,,,,,,NO_TEMPORAL_DATA
27.131129,95.689613,LandslideGuard_Project_Master,,,,,,,,NO_TEMPORAL_DATA
27.132794,95.687302,LandslideGuard_Project_Master,,,,,,,,NO_TEMPORAL_DATA
26.849624,95.320878,LandslideGuard_Project_Master,,,,,,,,NO_TEMPORAL_DATA
26.904445,95.360399,LandslideGuard_Project_Master,,,,,,,,NO_TEMPORAL_DATA
26.87859,95.35234,LandslideGuard_Project_Master,,,,,,,,NO_TEMPORAL_DATA
26.881881,95.333027,LandslideGuard_Project_Master,,,,,,,,NO_TEMPORAL_DATA
26.943433,95.385986,LandslideGuard_Project_Master,,,,,,,,NO_TEMPORAL_DATA
26.936043,95.370996,LandslideGuard_Project_Master,,,,,,,,NO_TEMPORAL_DATA
26.93529,95.37696,LandslideGuard_Project_Master,,,,,,,,NO_TEMPORAL_DATA
26.925697,95.371448,LandslideGuard_Project_Master,,,,,,,,NO_TEMPORAL_DATA
26.976731,95.423103,LandslideGuard_Project_Master,,,,,,,,NO_TEMPORAL_DATA
26.994942,95.474591,LandslideGuard_Project_Master,,,,,,,,NO_TEMPORAL_DATA
26.994618,95.486818,LandslideGuard_Project_Master,,,,,,,,NO_TEMPORAL_DATA
26.799929,95.309533,LandslideGuard_Project_Master,,,,,,,,NO_TEMPORAL_DATA
26.736494,95.261822,LandslideGuard_Project_Master,,,,,,,,NO_TEMPORAL_DATA
26.678833,95.19475,LandslideGuard_Project_Master,,,,,,,,NO_TEMPORAL_DATA
26.693167,95.17475,LandslideGuard_Project_Master,,,,,,,,NO_TEMPORAL_DATA
26.666778,95.200833,LandslideGuard_Project_Master,,,,,,,,NO_TEMPORAL_DATA
26.666917,95.203583,LandslideGuard_Project_Master,,,,,,,,NO_TEMPORAL_DATA
27.226901,95.905393,LandslideGuard_Project_Master,,,,,,,,NO_TEMPORAL_DATA
26.413056,95.048278,LandslideGuard_Project_Master,,,,,,,,NO_TEMPORAL_DATA
26.3765,95.011139,LandslideGuard_Project_Master,,,,,,,,NO_TEMPORAL_DATA
26.37175,95.000806,LandslideGuard_Project_Master,,,,,,,,NO_TEMPORAL_DATA
26.379361,95.003444,LandslideGuard_Project_Master,,,,,,,,NO_TEMPORAL_DATA
26.378222,95.009,LandslideGuard_Project_Master,,,,,,,,NO_TEMPORAL_DATA
26.40908,94.96308,LandslideGuard_Project_Master,,,,,,,,NO_TEMPORAL_DATA
26.410556,94.961944,LandslideGuard_Project_Master,,,,,,,,NO_TEMPORAL_DATA
26.40653,94.95814,LandslideGuard_Project_Master,,,,,,,,NO_TEMPORAL_DATA
26.212028,95.000417,LandslideGuard_Project_Master,,,,,,,,NO_TEMPORAL_DATA
26.216861,95.002889,LandslideGuard_Project_Master,,,,,,,,NO_TEMPORAL_DATA
26.216778,95.006139,LandslideGuard_Project_Master,,,,,,,,NO_TEMPORAL_DATA
26.21475,95.010667,LandslideGuard_Project_Master,,,,,,,,NO_TEMPORAL_DATA
26.226028,95.043389,LandslideGuard_Project_Master,,,,,,,,NO_TEMPORAL_DATA
26.223,95.033417,LandslideGuard_Project_Master,,,,,,,,NO_TEMPORAL_DATA
26.223528,95.03275,LandslideGuard_Project_Master,,,,,,,,NO_TEMPORAL_DATA
26.221083,95.030139,LandslideGuard_Project_Master,,,,,,,,NO_TEMPORAL_DATA
26.220028,95.034417,LandslideGuard_Project_Master,,,,,,,,NO_TEMPORAL_DATA
26.229389,95.051694,LandslideGuard_Project_Master,,,,,,,,NO_TEMPORAL_DATA
26.229861,95.0515,LandslideGuard_Project_Master,,,,,,,,NO_TEMPORAL_DATA
26.24325,95.073167,LandslideGuard_Project_Master,,,,,,,,NO_TEMPORAL_DATA
26.259083,95.085972,LandslideGuard_Project_Master,,,,,,,,NO_TEMPORAL_DATA
26.251778,95.072111,LandslideGuard_Project_Master,,,,,,,,NO_TEMPORAL_DATA
26.240556,95.065694,LandslideGuard_Project_Master,,,,,,,,NO_TEMPORAL_DATA
26.239444,95.0655,LandslideGuard_Project_Master,,,,,,,,NO_TEMPORAL_DATA
26.239056,95.058194,LandslideGuard_Project_Master,,,,,,,,NO_TEMPORAL_DATA
26.24075,95.056722,LandslideGuard_Project_Master,,,,,,,,NO_TEMPORAL_DATA
26.242944,95.048417,LandslideGuard_Project_Master,,,,,,,,NO_TEMPORAL_DATA
26.262889,95.084667,LandslideGuard_Project_Master,,,,,,,,NO_TEMPORAL_DATA
26.26175,95.103444,LandslideGuard_Project_Master,,,,,,,,NO_TEMPORAL_DATA
26.260333,95.104806,LandslideGuard_Project_Master,,,,,,,,NO_TEMPORAL_DATA
26.257028,95.099528,LandslideGuard_Project_Master,,,,,,,,NO_TEMPORAL_DATA
26.256833,95.096639,LandslideGuard_Project_Master,,,,,,,,NO_TEMPORAL_DATA
26.172472,95.048583,LandslideGuard_Project_Master,,,,,,,,NO_TEMPORAL_DATA
26.168556,95.04825,LandslideGuard_Project_Master,,,,,,,,NO_TEMPORAL_DATA
26.163778,95.056722,LandslideGuard_Project_Master,,,,,,,,NO_TEMPORAL_DATA
26.114861,95.052417,LandslideGuard_Project_Master,,,,,,,,NO_TEMPORAL_DATA
26.117583,95.049806,LandslideGuard_Project_Master,,,,,,,,NO_TEMPORAL_DATA
26.112806,95.051944,LandslideGuard_Project_Master,,,,,,,,NO_TEMPORAL_DATA
26.122694,95.076861,LandslideGuard_Project_Master,,,,,,,,NO_TEMPORAL_DATA
26.041611,95.075806,LandslideGuard_Project_Master,,,,,,,,NO_TEMPORAL_DATA
26.045083,95.054833,LandslideGuard_Project_Master,,,,,,,,NO_TEMPORAL_DATA
26.074,95.083833,LandslideGuard_Project_Master,,,,,,,,NO_TEMPORAL_DATA
26.073167,95.0785,LandslideGuard_Project_Master,,,,,,,,NO_TEMPORAL_DATA
26.10325,95.060361,LandslideGuard_Project_Master,,,,,,,,NO_TEMPORAL_DATA
26.094083,95.043389,LandslideGuard_Project_Master,,,,,,,,NO_TEMPORAL_DATA
26.093083,95.036278,LandslideGuard_Project_Master,,,,,,,,NO_TEMPORAL_DATA
26.068111,95.025972,LandslideGuard_Project_Master,,,,,,,,NO_TEMPORAL_DATA
26.069278,95.023806,LandslideGuard_Project_Master,,,,,,,,NO_TEMPORAL_DATA
26.081472,95.02625,LandslideGuard_Project_Master,,,,,,,,NO_TEMPORAL_DATA
26.064111,95.03975,LandslideGuard_Project_Master,,,,,,,,NO_TEMPORAL_DATA
26.066583,95.033361,LandslideGuard_Project_Master,,,,,,,,NO_TEMPORAL_DATA
26.132333,95.01675,LandslideGuard_Project_Master,,,,,,,,NO_TEMPORAL_DATA
26.112611,95.039028,LandslideGuard_Project_Master,,,,,,,,NO_TEMPORAL_DATA
26.176278,95.009889,LandslideGuard_Project_Master,,,,,,,,NO_TEMPORAL_DATA
26.165417,95.020444,LandslideGuard_Project_Master,,,,,,,,NO_TEMPORAL_DATA
26.165972,95.021667,LandslideGuard_Project_Master,,,,,,,,NO_TEMPORAL_DATA
26.167861,95.026694,LandslideGuard_Project_Master,,,,,,,,NO_TEMPORAL_DATA
26.169111,95.041361,LandslideGuard_Project_Master,,,,,,,,NO_TEMPORAL_DATA
26.175889,95.030472,LandslideGuard_Project_Master,,,,,,,,NO_TEMPORAL_DATA
26.175722,95.030222,LandslideGuard_Project_Master,,,,,,,,NO_TEMPORAL_DATA
26.174028,95.029722,LandslideGuard_Project_Master,,,,,,,,NO_TEMPORAL_DATA
26.174472,95.027972,LandslideGuard_Project_Master,,,,,,,,NO_TEMPORAL_DATA
26.173917,95.025556,LandslideGuard_Project_Master,,,,,,,,NO_TEMPORAL_DATA
26.176111,95.023639,LandslideGuard_Project_Master,,,,,,,,NO_TEMPORAL_DATA
26.197944,95.015972,LandslideGuard_Project_Master,,,,,,,,NO_TEMPORAL_DATA
26.202167,95.017889,LandslideGuard_Project_Master,,,,,,,,NO_TEMPORAL_DATA
26.196222,95.020722,LandslideGuard_Project_Master,,,,,,,,NO_TEMPORAL_DATA
26.196333,95.019417,LandslideGuard_Project_Master,,,,,,,,NO_TEMPORAL_DATA
26.194406,95.020358,LandslideGuard_Project_Master,,,,,,,,NO_TEMPORAL_DATA
26.207833,95.001083,LandslideGuard_Project_Master,,,,,,,,NO_TEMPORAL_DATA
26.160167,94.873417,LandslideGuard_Project_Master,,,,,,,,NO_TEMPORAL_DATA
26.166905,94.876367,LandslideGuard_Project_Master,,,,,,,,NO_TEMPORAL_DATA
26.182216,94.891382,LandslideGuard_Project_Master,,,,,,,,NO_TEMPORAL_DATA
26.17562,94.888105,LandslideGuard_Project_Master,,,,,,,,NO_TEMPORAL_DATA
26.110135,94.870921,LandslideGuard_Project_Master,,,,,,,,NO_TEMPORAL_DATA
26.02883,94.863993,LandslideGuard_Project_Master,,,,,,,,NO_TEMPORAL_DATA
26.027111,94.847806,LandslideGuard_Project_Master,,,,,,,,NO_TEMPORAL_DATA
26.18096,94.81309,LandslideGuard_Project_Master,,,,,,,,NO_TEMPORAL_DATA
26.183504,94.812894,LandslideGuard_Project_Master,,,,,,,,NO_TEMPORAL_DATA
26.197444,94.856955,LandslideGuard_Project_Master,,,,,,,,NO_TEMPORAL_DATA
26.185491,94.814241,LandslideGuard_Project_Master,,,,,,,,NO_TEMPORAL_DATA
26.188227,94.812988,LandslideGuard_Project_Master,,,,,,,,NO_TEMPORAL_DATA
26.190833,94.813722,LandslideGuard_Project_Master,,,,,,,,NO_TEMPORAL_DATA
26.200056,94.81905,LandslideGuard_Project_Master,,,,,,,,NO_TEMPORAL_DATA
26.205135,94.811625,LandslideGuard_Project_Master,,,,,,,,NO_TEMPORAL_DATA
26.234778,94.782333,LandslideGuard_Project_Master,,,,,,,,NO_TEMPORAL_DATA
26.210306,94.810333,LandslideGuard_Project_Master,,,,,,,,NO_TEMPORAL_DATA
26.214972,94.812056,LandslideGuard_Project_Master,,,,,,,,NO_TEMPORAL_DATA
26.226778,94.801583,LandslideGuard_Project_Master,,,,,,,,NO_TEMPORAL_DATA
26.233444,94.795278,LandslideGuard_Project_Master,,,,,,,,NO_TEMPORAL_DATA
26.235736,94.805011,LandslideGuard_Project_Master,,,,,,,,NO_TEMPORAL_DATA
26.236111,94.809694,LandslideGuard_Project_Master,,,,,,,,NO_TEMPORAL_DATA
26.251111,94.808889,LandslideGuard_Project_Master,,,,,,,,NO_TEMPORAL_DATA
26.260556,94.809444,LandslideGuard_Project_Master,,,,,,,,NO_TEMPORAL_DATA
26.275167,94.770472,LandslideGuard_Project_Master,,,,,,,,NO_TEMPORAL_DATA
26.275,94.770278,LandslideGuard_Project_Master,,,,,,,,NO_TEMPORAL_DATA
26.263889,94.812222,LandslideGuard_Project_Master,,,,,,,,NO_TEMPORAL_DATA
26.261111,94.809444,LandslideGuard_Project_Master,,,,,,,,NO_TEMPORAL_DATA
26.264444,94.815556,LandslideGuard_Project_Master,,,,,,,,NO_TEMPORAL_DATA
26.273333,94.83,LandslideGuard_Project_Master,,,,,,,,NO_TEMPORAL_DATA
26.276667,94.8275,LandslideGuard_Project_Master,,,,,,,,NO_TEMPORAL_DATA
26.295278,94.835556,LandslideGuard_Project_Master,,,,,,,,NO_TEMPORAL_DATA
26.293056,94.839167,LandslideGuard_Project_Master,,,,,,,,NO_TEMPORAL_DATA
26.300556,94.844722,LandslideGuard_Project_Master,,,,,,,,NO_TEMPORAL_DATA
26.258889,94.8175,LandslideGuard_Project_Master,,,,,,,,NO_TEMPORAL_DATA
26.260556,94.813333,LandslideGuard_Project_Master,,,,,,,,NO_TEMPORAL_DATA
26.260556,94.813333,LandslideGuard_Project_Master,,,,,,,,NO_TEMPORAL_DATA
26.249,94.819778,LandslideGuard_Project_Master,,,,,,,,NO_TEMPORAL_DATA
26.24139,94.82056,LandslideGuard_Project_Master,,,,,,,,NO_TEMPORAL_DATA
26.220449,94.898329,LandslideGuard_Project_Master,,,,,,,,NO_TEMPORAL_DATA
26.231694,94.941056,LandslideGuard_Project_Master,,,,,,,,NO_TEMPORAL_DATA
26.235678,94.942004,LandslideGuard_Project_Master,,,,,,,,NO_TEMPORAL_DATA
26.305833,94.875833,LandslideGuard_Project_Master,,,,,,,,NO_TEMPORAL_DATA
26.311944,94.877778,LandslideGuard_Project_Master,,,,,,,,NO_TEMPORAL_DATA
26.330556,94.875833,LandslideGuard_Project_Master,,,,,,,,NO_TEMPORAL_DATA
26.336111,94.866944,LandslideGuard_Project_Master,,,,,,,,NO_TEMPORAL_DATA
26.326111,94.866111,LandslideGuard_Project_Master,,,,,,,,NO_TEMPORAL_DATA
26.326944,94.896667,LandslideGuard_Project_Master,,,,,,,,NO_TEMPORAL_DATA
26.3275,94.917222,LandslideGuard_Project_Master,,,,,,,,NO_TEMPORAL_DATA
26.336667,94.9275,LandslideGuard_Project_Master,,,,,,,,NO_TEMPORAL_DATA
26.337778,94.929167,LandslideGuard_Project_Master,,,,,,,,NO_TEMPORAL_DATA
26.359722,94.935556,LandslideGuard_Project_Master,,,,,,,,NO_TEMPORAL_DATA
26.360556,94.933056,LandslideGuard_Project_Master,,,,,,,,NO_TEMPORAL_DATA
26.371667,94.943333,LandslideGuard_Project_Master,,,,,,,,NO_TEMPORAL_DATA
26.373056,94.941389,LandslideGuard_Project_Master,,,,,,,,NO_TEMPORAL_DATA
26.375278,94.936389,LandslideGuard_Project_Master,,,,,,,,NO_TEMPORAL_DATA
26.39094,94.94406,LandslideGuard_Project_Master,,,,,,,,NO_TEMPORAL_DATA
26.39936,94.94553,LandslideGuard_Project_Master,,,,,,,,NO_TEMPORAL_DATA
26.389722,94.920556,LandslideGuard_Project_Master,,,,,,,,NO_TEMPORAL_DATA
26.3925,94.918611,LandslideGuard_Project_Master,,,,,,,,NO_TEMPORAL_DATA
26.393889,94.919444,LandslideGuard_Project_Master,,,,,,,,NO_TEMPORAL_DATA
26.404167,94.870278,LandslideGuard_Project_Master,,,,,,,,NO_TEMPORAL_DATA
26.38778,94.82583,LandslideGuard_Project_Master,,,,,,,,NO_TEMPORAL_DATA
26.38778,94.82583,LandslideGuard_Project_Master,,,,,,,,NO_TEMPORAL_DATA
26.37639,94.84056,LandslideGuard_Project_Master,,,,,,,,NO_TEMPORAL_DATA
26.36083,94.84,LandslideGuard_Project_Master,,,,,,,,NO_TEMPORAL_DATA
26.326389,94.858056,LandslideGuard_Project_Master,,,,,,,,NO_TEMPORAL_DATA
26.317778,94.849722,LandslideGuard_Project_Master,,,,,,,,NO_TEMPORAL_DATA
26.34417,94.83333,LandslideGuard_Project_Master,,,,,,,,NO_TEMPORAL_DATA
26.372667,94.71375,LandslideGuard_Project_Master,,,,,,,,NO_TEMPORAL_DATA
26.371611,94.709194,LandslideGuard_Project_Master,,,,,,,,NO_TEMPORAL_DATA
26.27028,94.75,LandslideGuard_Project_Master,,,,,,,,NO_TEMPORAL_DATA
26.216456,94.681866,LandslideGuard_Project_Master,,,,,,,,NO_TEMPORAL_DATA
26.210043,94.683989,LandslideGuard_Project_Master,,,,,,,,NO_TEMPORAL_DATA
26.253611,94.616639,LandslideGuard_Project_Master,,,,,,,,NO_TEMPORAL_DATA
26.272361,94.58425,LandslideGuard_Project_Master,,,,,,,,NO_TEMPORAL_DATA
26.272028,94.585056,LandslideGuard_Project_Master,,,,,,,,NO_TEMPORAL_DATA
26.276306,94.58375,LandslideGuard_Project_Master,,,,,,,,NO_TEMPORAL_DATA
26.301694,94.616694,LandslideGuard_Project_Master,,,,,,,,NO_TEMPORAL_DATA
26.303472,94.617528,LandslideGuard_Project_Master,,,,,,,,NO_TEMPORAL_DATA
26.301639,94.588361,LandslideGuard_Project_Master,,,,,,,,NO_TEMPORAL_DATA
26.382806,94.66425,LandslideGuard_Project_Master,,,,,,,,NO_TEMPORAL_DATA
26.412694,94.641333,LandslideGuard_Project_Master,,,,,,,,NO_TEMPORAL_DATA
26.389556,94.616667,LandslideGuard_Project_Master,,,,,,,,NO_TEMPORAL_DATA
26.390417,94.617556,LandslideGuard_Project_Master,,,,,,,,NO_TEMPORAL_DATA
26.391361,94.620083,LandslideGuard_Project_Master,,,,,,,,NO_TEMPORAL_DATA
26.394222,94.553472,LandslideGuard_Project_Master,,,,,,,,NO_TEMPORAL_DATA
26.320861,94.559278,LandslideGuard_Project_Master,,,,,,,,NO_TEMPORAL_DATA
26.320806,94.537972,LandslideGuard_Project_Master,,,,,,,,NO_TEMPORAL_DATA
26.327972,94.527389,LandslideGuard_Project_Master,,,,,,,,NO_TEMPORAL_DATA
26.325861,94.52275,LandslideGuard_Project_Master,,,,,,,,NO_TEMPORAL_DATA
26.327167,94.508056,LandslideGuard_Project_Master,,,,,,,,NO_TEMPORAL_DATA
26.367056,94.472861,LandslideGuard_Project_Master,,,,,,,,NO_TEMPORAL_DATA
26.376,94.463389,LandslideGuard_Project_Master,,,,,,,,NO_TEMPORAL_DATA
26.379167,94.44625,LandslideGuard_Project_Master,,,,,,,,NO_TEMPORAL_DATA
26.39425,94.444333,LandslideGuard_Project_Master,,,,,,,,NO_TEMPORAL_DATA
26.395139,94.451194,LandslideGuard_Project_Master,,,,,,,,NO_TEMPORAL_DATA
26.395944,94.460056,LandslideGuard_Project_Master,,,,,,,,NO_TEMPORAL_DATA
26.395389,94.454528,LandslideGuard_Project_Master,,,,,,,,NO_TEMPORAL_DATA
26.390972,94.438111,LandslideGuard_Project_Master,,,,,,,,NO_TEMPORAL_DATA
26.390833,94.437417,LandslideGuard_Project_Master,,,,,,,,NO_TEMPORAL_DATA
26.389028,94.434556,LandslideGuard_Project_Master,,,,,,,,NO_TEMPORAL_DATA
26.389028,94.434889,LandslideGuard_Project_Master,,,,,,,,NO_TEMPORAL_DATA
26.320639,94.398806,LandslideGuard_Project_Master,,,,,,,,NO_TEMPORAL_DATA
26.316056,94.403972,LandslideGuard_Project_Master,,,,,,,,NO_TEMPORAL_DATA
26.318806,94.453611,LandslideGuard_Project_Master,,,,,,,,NO_TEMPORAL_DATA
26.282667,94.475667,LandslideGuard_Project_Master,,,2016.0,,,2016.0,,YEAR_ONLY
26.271389,94.453972,LandslideGuard_Project_Master,,,2016.0,,,2016.0,,YEAR_ONLY
26.222111,94.419028,LandslideGuard_Project_Master,,,,,,,,NO_TEMPORAL_DATA
26.217361,94.419417,LandslideGuard_Project_Master,,,,,,,,NO_TEMPORAL_DATA
26.247056,94.479694,LandslideGuard_Project_Master,,,,,,,,NO_TEMPORAL_DATA
26.232861,94.472361,LandslideGuard_Project_Master,,,,,,,,NO_TEMPORAL_DATA
26.232556,94.472889,LandslideGuard_Project_Master,,,,,,,,NO_TEMPORAL_DATA
26.232694,94.473083,LandslideGuard_Project_Master,,,,,,,,NO_TEMPORAL_DATA
26.233861,94.4725,LandslideGuard_Project_Master,,,,,,,,NO_TEMPORAL_DATA
26.219417,94.477028,LandslideGuard_Project_Master,,,,,,,,NO_TEMPORAL_DATA
26.22125,94.478056,LandslideGuard_Project_Master,,,,,,,,NO_TEMPORAL_DATA
26.302778,94.505528,LandslideGuard_Project_Master,,,,,,,,NO_TEMPORAL_DATA
26.30175,94.50675,LandslideGuard_Project_Master,,,,,,,,NO_TEMPORAL_DATA
26.227896,94.55032,LandslideGuard_Project_Master,,,,,,,,NO_TEMPORAL_DATA
26.220506,94.550504,LandslideGuard_Project_Master,,,,,,,,NO_TEMPORAL_DATA
26.185479,94.577522,LandslideGuard_Project_Master,,,,,,,,NO_TEMPORAL_DATA
26.191306,94.569611,LandslideGuard_Project_Master,,,,,,,,NO_TEMPORAL_DATA
26.19257,94.558955,LandslideGuard_Project_Master,,,,,,,,NO_TEMPORAL_DATA
26.18971,94.549818,LandslideGuard_Project_Master,,,,,,,,NO_TEMPORAL_DATA
26.190598,94.549514,LandslideGuard_Project_Master,,,,,,,,NO_TEMPORAL_DATA
26.191463,94.549524,LandslideGuard_Project_Master,,,,,,,,NO_TEMPORAL_DATA
26.194204,94.554867,LandslideGuard_Project_Master,,,,,,,,NO_TEMPORAL_DATA
26.179226,94.557166,LandslideGuard_Project_Master,,,,,,,,NO_TEMPORAL_DATA
26.143985,94.579865,LandslideGuard_Project_Master,,,,,,,,NO_TEMPORAL_DATA
26.135361,94.502167,LandslideGuard_Project_Master,,,,,,,,NO_TEMPORAL_DATA
26.159667,94.4995,LandslideGuard_Project_Master,,,,,,,,NO_TEMPORAL_DATA
26.160139,94.499806,LandslideGuard_Project_Master,,,,,,,,NO_TEMPORAL_DATA
26.198528,94.487528,LandslideGuard_Project_Master,,,,,,,,NO_TEMPORAL_DATA
26.191278,94.484833,LandslideGuard_Project_Master,,,,,,,,NO_TEMPORAL_DATA
26.192556,94.484472,LandslideGuard_Project_Master,,,,,,,,NO_TEMPORAL_DATA
26.196306,94.485694,LandslideGuard_Project_Master,,,,,,,,NO_TEMPORAL_DATA
26.195917,94.486528,LandslideGuard_Project_Master,,,,,,,,NO_TEMPORAL_DATA
26.1785,94.411778,LandslideGuard_Project_Master,,,,,,,,NO_TEMPORAL_DATA
26.178,94.41275,LandslideGuard_Project_Master,,,,,,,,NO_TEMPORAL_DATA
26.178472,94.41275,LandslideGuard_Project_Master,,,,,,,,NO_TEMPORAL_DATA
26.182056,94.409639,LandslideGuard_Project_Master,,,,,,,,NO_TEMPORAL_DATA
26.184028,94.431361,LandslideGuard_Project_Master,,,,,,,,NO_TEMPORAL_DATA
26.114833,94.399222,LandslideGuard_Project_Master,,,,,,,,NO_TEMPORAL_DATA
26.112639,94.405194,LandslideGuard_Project_Master,,,,,,,,NO_TEMPORAL_DATA
26.080917,94.481697,LandslideGuard_Project_Master,,,,,,,,NO_TEMPORAL_DATA
26.075722,94.481611,LandslideGuard_Project_Master,,,,,,,,NO_TEMPORAL_DATA
26.073778,94.482194,LandslideGuard_Project_Master,,,,,,,,NO_TEMPORAL_DATA
26.073194,94.482139,LandslideGuard_Project_Master,,,,,,,,NO_TEMPORAL_DATA
26.069917,94.411639,LandslideGuard_Project_Master,,,,,,,,NO_TEMPORAL_DATA
26.070806,94.408028,LandslideGuard_Project_Master,,,,,,,,NO_TEMPORAL_DATA
26.074417,94.423667,LandslideGuard_Project_Master,,,,,,,,NO_TEMPORAL_DATA
26.076583,94.433611,LandslideGuard_Project_Master,,,,,,,,NO_TEMPORAL_DATA
26.034833,94.458,LandslideGuard_Project_Master,,,,,,,,NO_TEMPORAL_DATA
26.020603,94.50632,LandslideGuard_Project_Master,,,2011.0,,,2011.0,,YEAR_ONLY
26.011075,94.523236,LandslideGuard_Project_Master,,,2014.0,,,2014.0,,YEAR_ONLY
26.012139,94.523667,LandslideGuard_Project_Master,,,2014.0,,,2014.0,,YEAR_ONLY
26.013806,94.530111,LandslideGuard_Project_Master,,,2014.0,,,2014.0,,YEAR_ONLY
26.0415,94.522444,LandslideGuard_Project_Master,,,,,,,,NO_TEMPORAL_DATA
26.041525,94.523238,LandslideGuard_Project_Master,,,,,,,,NO_TEMPORAL_DATA
26.034806,94.519889,LandslideGuard_Project_Master,,,,,,,,NO_TEMPORAL_DATA
26.041658,94.5241,LandslideGuard_Project_Master,,,,,,,,NO_TEMPORAL_DATA
26.046444,94.526194,LandslideGuard_Project_Master,,,,,,,,NO_TEMPORAL_DATA
26.085333,94.49025,LandslideGuard_Project_Master,,,,,,,,NO_TEMPORAL_DATA
26.094333,94.493639,LandslideGuard_Project_Master,,,,,,,,NO_TEMPORAL_DATA
26.077167,94.542306,LandslideGuard_Project_Master,,,2016.0,,,2016.0,,YEAR_ONLY
26.101907,94.537237,LandslideGuard_Project_Master,,,,,,,,NO_TEMPORAL_DATA
26.085597,94.559075,LandslideGuard_Project_Master,,,,,,,,NO_TEMPORAL_DATA
26.086444,94.564667,LandslideGuard_Project_Master,,,,,,,,NO_TEMPORAL_DATA
26.077122,94.559107,LandslideGuard_Project_Master,,,,,,,,NO_TEMPORAL_DATA
26.07675,94.558611,LandslideGuard_Project_Master,,,,,,,,NO_TEMPORAL_DATA
26.033098,94.542753,LandslideGuard_Project_Master,,,2015.0,,,2015.0,,YEAR_ONLY
26.031742,94.547354,LandslideGuard_Project_Master,,,2015.0,,,2015.0,,YEAR_ONLY
26.03853,94.58648,LandslideGuard_Project_Master,,,,,,,,NO_TEMPORAL_DATA
26.028806,94.638389,LandslideGuard_Project_Master,,,,,,,,NO_TEMPORAL_DATA
26.031786,94.634392,LandslideGuard_Project_Master,,,,,,,,NO_TEMPORAL_DATA
26.032992,94.633639,LandslideGuard_Project_Master,,,,,,,,NO_TEMPORAL_DATA
26.037847,94.635525,LandslideGuard_Project_Master,,,,,,,,NO_TEMPORAL_DATA
26.049285,94.635198,LandslideGuard_Project_Master,,,,,,,,NO_TEMPORAL_DATA
26.148727,94.626957,LandslideGuard_Project_Master,,,,,,,,NO_TEMPORAL_DATA
26.156611,94.621778,LandslideGuard_Project_Master,,,,,,,,NO_TEMPORAL_DATA
26.154944,94.614503,LandslideGuard_Project_Master,,,,,,,,NO_TEMPORAL_DATA
26.156333,94.593611,LandslideGuard_Project_Master,,,,,,,,NO_TEMPORAL_DATA
26.150578,94.602548,LandslideGuard_Project_Master,,,,,,,,NO_TEMPORAL_DATA
26.150343,94.603363,LandslideGuard_Project_Master,,,,,,,,NO_TEMPORAL_DATA
26.153418,94.590819,LandslideGuard_Project_Master,,,,,,,,NO_TEMPORAL_DATA
26.161955,94.594693,LandslideGuard_Project_Master,,,,,,,,NO_TEMPORAL_DATA
26.182283,94.586087,LandslideGuard_Project_Master,,,,,,,,NO_TEMPORAL_DATA
26.161639,94.6215,LandslideGuard_Project_Master,,,,,,,,NO_TEMPORAL_DATA
26.178889,94.638139,LandslideGuard_Project_Master,,,,,,,,NO_TEMPORAL_DATA
26.1434,94.633527,LandslideGuard_Project_Master,,,,,,,,NO_TEMPORAL_DATA
26.134722,94.631639,LandslideGuard_Project_Master,,,,,,,,NO_TEMPORAL_DATA
26.13379,94.632141,LandslideGuard_Project_Master,,,,,,,,NO_TEMPORAL_DATA
26.13961,94.634561,LandslideGuard_Project_Master,,,,,,,,NO_TEMPORAL_DATA
26.122864,94.638388,LandslideGuard_Project_Master,,,,,,,,NO_TEMPORAL_DATA
26.119,94.637639,LandslideGuard_Project_Master,,,,,,,,NO_TEMPORAL_DATA
26.114866,94.63475,LandslideGuard_Project_Master,,,,,,,,NO_TEMPORAL_DATA
26.111529,94.634066,LandslideGuard_Project_Master,,,,,,,,NO_TEMPORAL_DATA
26.11,94.76,LandslideGuard_Project_Master,,,,,,,,NO_TEMPORAL_DATA
25.968233,94.684364,LandslideGuard_Project_Master,,,2016.0,,,2016.0,,YEAR_ONLY
25.956083,94.719475,LandslideGuard_Project_Master,,,2016.0,,,2016.0,,YEAR_ONLY
25.948886,94.706133,LandslideGuard_Project_Master,,,2016.0,,,2016.0,,YEAR_ONLY
25.940703,94.750969,LandslideGuard_Project_Master,,,2015.0,,,2015.0,,YEAR_ONLY
25.9255,94.760419,LandslideGuard_Project_Master,,,2016.0,,,2016.0,,YEAR_ONLY
25.896244,94.758128,LandslideGuard_Project_Master,,,2016.0,,,2016.0,,YEAR_ONLY
25.848958,94.755311,LandslideGuard_Project_Master,,,2016.0,,,2016.0,,YEAR_ONLY
25.827011,94.733178,LandslideGuard_Project_Master,,,2016.0,,,2016.0,,YEAR_ONLY
25.828703,94.726789,LandslideGuard_Project_Master,,,2016.0,,,2016.0,,YEAR_ONLY
25.828736,94.728314,LandslideGuard_Project_Master,,,2015.0,,,2015.0,,YEAR_ONLY
25.842358,94.702953,LandslideGuard_Project_Master,,,2016.0,,,2016.0,,YEAR_ONLY
25.821589,94.708056,LandslideGuard_Project_Master,,,2016.0,,,2016.0,,YEAR_ONLY
25.880908,94.653542,LandslideGuard_Project_Master,,,2016.0,,,2016.0,,YEAR_ONLY
25.881797,94.654425,LandslideGuard_Project_Master,,,2016.0,,,2016.0,,YEAR_ONLY
25.895111,94.650258,LandslideGuard_Project_Master,,,2016.0,,,2016.0,,YEAR_ONLY
25.896511,94.646325,LandslideGuard_Project_Master,,,2016.0,,,2016.0,,YEAR_ONLY
25.899767,94.640067,LandslideGuard_Project_Master,,,2016.0,,,2016.0,,YEAR_ONLY
25.898825,94.629367,LandslideGuard_Project_Master,,,2015.0,,,2015.0,,YEAR_ONLY
25.880069,94.628103,LandslideGuard_Project_Master,,,2016.0,,,2016.0,,YEAR_ONLY
25.879925,94.632275,LandslideGuard_Project_Master,,,2016.0,,,2016.0,,YEAR_ONLY
25.867083,94.614828,LandslideGuard_Project_Master,,,2012.0,,,2012.0,,YEAR_ONLY
25.899894,94.624047,LandslideGuard_Project_Master,,,2011.0,,,2011.0,,YEAR_ONLY
25.940872,94.586361,LandslideGuard_Project_Master,,,2015.0,,,2015.0,,YEAR_ONLY
25.954636,94.607456,LandslideGuard_Project_Master,,,2015.0,,,2015.0,,YEAR_ONLY
25.920367,94.641739,LandslideGuard_Project_Master,,,2016.0,,,2016.0,,YEAR_ONLY
25.940317,94.650583,LandslideGuard_Project_Master,,,2015.0,,,2015.0,,YEAR_ONLY
25.941056,94.651019,LandslideGuard_Project_Master,,,2015.0,,,2015.0,,YEAR_ONLY
25.941525,94.652408,LandslideGuard_Project_Master,,,2015.0,,,2015.0,,YEAR_ONLY
25.939139,94.649311,LandslideGuard_Project_Master,,,2015.0,,,2015.0,,YEAR_ONLY
25.9645,94.632583,LandslideGuard_Project_Master,,,2015.0,,,2015.0,,YEAR_ONLY
25.969628,94.634169,LandslideGuard_Project_Master,,,2015.0,,,2015.0,,YEAR_ONLY
25.969225,94.634053,LandslideGuard_Project_Master,,,2015.0,,,2015.0,,YEAR_ONLY
26.002188,94.623681,LandslideGuard_Project_Master,,,,,,,,NO_TEMPORAL_DATA
25.964283,94.619592,LandslideGuard_Project_Master,,,2015.0,,,2015.0,,YEAR_ONLY
25.963,94.614097,LandslideGuard_Project_Master,,,2015.0,,,2015.0,,YEAR_ONLY
25.955769,94.605419,LandslideGuard_Project_Master,,,2015.0,,,2015.0,,YEAR_ONLY
25.958047,94.597519,LandslideGuard_Project_Master,,,2015.0,,,2015.0,,YEAR_ONLY
25.998183,94.5975,LandslideGuard_Project_Master,,,2016.0,,,2016.0,,YEAR_ONLY
25.981228,94.572292,LandslideGuard_Project_Master,,,2016.0,,,2016.0,,YEAR_ONLY
25.9899,94.5679,LandslideGuard_Project_Master,,,2016.0,,,2016.0,,YEAR_ONLY
25.966581,94.565806,LandslideGuard_Project_Master,,,2016.0,,,2016.0,,YEAR_ONLY
25.968006,94.574256,LandslideGuard_Project_Master,,,2016.0,,,2016.0,,YEAR_ONLY
25.970531,94.574903,LandslideGuard_Project_Master,,,2016.0,,,2016.0,,YEAR_ONLY
25.980008,94.580747,LandslideGuard_Project_Master,,,2016.0,,,2016.0,,YEAR_ONLY
25.976625,94.579939,LandslideGuard_Project_Master,,,2016.0,,,2016.0,,YEAR_ONLY
25.971736,94.576933,LandslideGuard_Project_Master,,,2016.0,,,2016.0,,YEAR_ONLY
25.965394,94.571428,LandslideGuard_Project_Master,,,2016.0,,,2016.0,,YEAR_ONLY
25.964631,94.574406,LandslideGuard_Project_Master,,,2016.0,,,2016.0,,YEAR_ONLY
25.922767,94.565056,LandslideGuard_Project_Master,,,2016.0,,,2016.0,,YEAR_ONLY
25.970169,94.503803,LandslideGuard_Project_Master,,,2016.0,,,2016.0,,YEAR_ONLY
25.97175,94.504619,LandslideGuard_Project_Master,,,2016.0,,,2016.0,,YEAR_ONLY
25.972636,94.511444,LandslideGuard_Project_Master,,,2016.0,,,2016.0,,YEAR_ONLY
25.971569,94.511647,LandslideGuard_Project_Master,,,2016.0,,,2016.0,,YEAR_ONLY
25.972325,94.509267,LandslideGuard_Project_Master,,,2016.0,,,2016.0,,YEAR_ONLY
25.966742,94.502006,LandslideGuard_Project_Master,,,2016.0,,,2016.0,,YEAR_ONLY
25.978975,94.512064,LandslideGuard_Project_Master,,,2016.0,,,2016.0,,YEAR_ONLY
25.998217,94.504756,LandslideGuard_Project_Master,,,2016.0,,,2016.0,,YEAR_ONLY
25.990339,94.507711,LandslideGuard_Project_Master,,,2015.0,,,2015.0,,YEAR_ONLY
25.990158,94.508392,LandslideGuard_Project_Master,,,2016.0,,,2016.0,,YEAR_ONLY
25.993981,94.474467,LandslideGuard_Project_Master,,,,,,,,NO_TEMPORAL_DATA
25.965083,94.426806,LandslideGuard_Project_Master,,,,,,,,NO_TEMPORAL_DATA
25.952722,94.430278,LandslideGuard_Project_Master,,,,,,,,NO_TEMPORAL_DATA
25.91775,94.415028,LandslideGuard_Project_Master,,,,,,,,NO_TEMPORAL_DATA
25.918194,94.409611,LandslideGuard_Project_Master,,,,,,,,NO_TEMPORAL_DATA
25.910917,94.416361,LandslideGuard_Project_Master,,,,,,,,NO_TEMPORAL_DATA
25.905953,94.427414,LandslideGuard_Project_Master,,,,,,,,NO_TEMPORAL_DATA
25.90665,94.428758,LandslideGuard_Project_Master,,,,,,,,NO_TEMPORAL_DATA
25.906472,94.428039,LandslideGuard_Project_Master,,,,,,,,NO_TEMPORAL_DATA
25.907417,94.429519,LandslideGuard_Project_Master,,,,,,,,NO_TEMPORAL_DATA
25.917361,94.452556,LandslideGuard_Project_Master,,,,,,,,NO_TEMPORAL_DATA
25.909153,94.477497,LandslideGuard_Project_Master,,,,,,,,NO_TEMPORAL_DATA
25.876778,94.462028,LandslideGuard_Project_Master,,,,,,,,NO_TEMPORAL_DATA
25.862222,94.450333,LandslideGuard_Project_Master,,,,,,,,NO_TEMPORAL_DATA
25.893042,94.45835,LandslideGuard_Project_Master,,,,,,,,NO_TEMPORAL_DATA
25.854278,94.432472,LandslideGuard_Project_Master,,,,,,,,NO_TEMPORAL_DATA
25.841667,94.436472,LandslideGuard_Project_Master,,,,,,,,NO_TEMPORAL_DATA
25.839361,94.430583,LandslideGuard_Project_Master,,,,,,,,NO_TEMPORAL_DATA
25.835778,94.429778,LandslideGuard_Project_Master,,,,,,,,NO_TEMPORAL_DATA
25.809861,94.428972,LandslideGuard_Project_Master,,,,,,,,NO_TEMPORAL_DATA
25.810964,94.527417,LandslideGuard_Project_Master,,,2016.0,,,2016.0,,YEAR_ONLY
25.833644,94.518333,LandslideGuard_Project_Master,,,2016.0,,,2016.0,,YEAR_ONLY
25.836419,94.526964,LandslideGuard_Project_Master,,,2016.0,,,2016.0,,YEAR_ONLY
25.850458,94.530347,LandslideGuard_Project_Master,,,2016.0,,,2016.0,,YEAR_ONLY
25.851617,94.528211,LandslideGuard_Project_Master,,,2016.0,,,2016.0,,YEAR_ONLY
25.842742,94.503003,LandslideGuard_Project_Master,,,2016.0,,,2016.0,,YEAR_ONLY
25.857789,94.523589,LandslideGuard_Project_Master,,,2016.0,,,2016.0,,YEAR_ONLY
25.886089,94.542711,LandslideGuard_Project_Master,,,2016.0,,,2016.0,,YEAR_ONLY
25.711278,94.579944,LandslideGuard_Project_Master,,,,,,,,NO_TEMPORAL_DATA
25.786433,94.519583,LandslideGuard_Project_Master,,,2016.0,,,2016.0,,YEAR_ONLY
25.751567,94.48315,LandslideGuard_Project_Master,,,,,,,,NO_TEMPORAL_DATA
25.756889,94.478472,LandslideGuard_Project_Master,,,,,,,,NO_TEMPORAL_DATA
25.763833,94.479889,LandslideGuard_Project_Master,,,,,,,,NO_TEMPORAL_DATA
25.756972,94.476694,LandslideGuard_Project_Master,,,,,,,,NO_TEMPORAL_DATA
25.756417,94.476083,LandslideGuard_Project_Master,,,,,,,,NO_TEMPORAL_DATA
25.786861,94.446,LandslideGuard_Project_Master,,,,,,,,NO_TEMPORAL_DATA
25.796056,94.4315,LandslideGuard_Project_Master,,,,,,,,NO_TEMPORAL_DATA
25.788389,94.434111,LandslideGuard_Project_Master,,,,,,,,NO_TEMPORAL_DATA
25.802361,94.430556,LandslideGuard_Project_Master,,,,,,,,NO_TEMPORAL_DATA
25.794083,94.415944,LandslideGuard_Project_Master,,,,,,,,NO_TEMPORAL_DATA
25.726,94.435,LandslideGuard_Project_Master,,,2012.0,,,2012.0,,YEAR_ONLY
25.750978,94.483064,LandslideGuard_Project_Master,,,,,,,,NO_TEMPORAL_DATA
25.707,94.466,LandslideGuard_Project_Master,,,2010.0,,,2010.0,,YEAR_ONLY
25.706,94.468,LandslideGuard_Project_Master,,,2012.0,,,2012.0,,YEAR_ONLY
25.706,94.466,LandslideGuard_Project_Master,,,2010.0,,,2010.0,,YEAR_ONLY
25.6702,94.456,LandslideGuard_Project_Master,,,,,,,,NO_TEMPORAL_DATA
25.668,94.464,LandslideGuard_Project_Master,,,,,,,,NO_TEMPORAL_DATA
25.662,94.453,LandslideGuard_Project_Master,,,2012.0,,,2012.0,,YEAR_ONLY
25.679,94.458,LandslideGuard_Project_Master,,,2009.0,,,2009.0,,YEAR_ONLY
25.696,94.461,LandslideGuard_Project_Master,,,,,,,,NO_TEMPORAL_DATA
25.697,94.464,LandslideGuard_Project_Master,,,,,,,,NO_TEMPORAL_DATA
25.695,94.459,LandslideGuard_Project_Master,,,2014.0,,,2014.0,,YEAR_ONLY
25.692,94.444,LandslideGuard_Project_Master,,,,,,,,NO_TEMPORAL_DATA
25.696,94.426,LandslideGuard_Project_Master,,,,,,,,NO_TEMPORAL_DATA
25.6975,94.43,LandslideGuard_Project_Master,,,,,,,,NO_TEMPORAL_DATA
25.699,94.427,LandslideGuard_Project_Master,,,2012.0,,,2012.0,,YEAR_ONLY
25.675,94.397,LandslideGuard_Project_Master,,,,,,,,NO_TEMPORAL_DATA
25.67,94.397,LandslideGuard_Project_Master,,,,,,,,NO_TEMPORAL_DATA
25.657,94.439,LandslideGuard_Project_Master,,,2012.0,,,2012.0,,YEAR_ONLY
25.655,94.438,LandslideGuard_Project_Master,,,2010.0,,,2010.0,,YEAR_ONLY
25.654,94.438,LandslideGuard_Project_Master,,,2010.0,,,2010.0,,YEAR_ONLY
25.649,94.441,LandslideGuard_Project_Master,,,,,,,,NO_TEMPORAL_DATA
25.602,94.427,LandslideGuard_Project_Master,,,,,,,,NO_TEMPORAL_DATA
25.603,94.426,LandslideGuard_Project_Master,,,,,,,,NO_TEMPORAL_DATA
25.646,94.479,LandslideGuard_Project_Master,,,,,,,,NO_TEMPORAL_DATA
25.647,94.481,LandslideGuard_Project_Master,,,,,,,,NO_TEMPORAL_DATA
25.62,94.485,LandslideGuard_Project_Master,,,,,,,,NO_TEMPORAL_DATA
25.616,94.484,LandslideGuard_Project_Master,,,2015.0,,,2015.0,,YEAR_ONLY
25.618,94.468,LandslideGuard_Project_Master,,,,,,,,NO_TEMPORAL_DATA
25.614,94.493,LandslideGuard_Project_Master,,,2009.0,,,2009.0,,YEAR_ONLY
25.614,94.496,LandslideGuard_Project_Master,,,,,,,,NO_TEMPORAL_DATA
25.624639,94.503278,LandslideGuard_Project_Master,,,,,,,,NO_TEMPORAL_DATA
25.650556,94.5095,LandslideGuard_Project_Master,,,,,,,,NO_TEMPORAL_DATA
25.650111,94.510556,LandslideGuard_Project_Master,,,,,,,,NO_TEMPORAL_DATA
25.651,94.514833,LandslideGuard_Project_Master,,,,,,,,NO_TEMPORAL_DATA
25.651528,94.52225,LandslideGuard_Project_Master,,,,,,,,NO_TEMPORAL_DATA
25.668417,94.543194,LandslideGuard_Project_Master,,,,,,,,NO_TEMPORAL_DATA
25.610083,94.591889,LandslideGuard_Project_Master,,,,,,,,NO_TEMPORAL_DATA
25.613472,94.583333,LandslideGuard_Project_Master,,,,,,,,NO_TEMPORAL_DATA
25.600306,94.613222,LandslideGuard_Project_Master,,,,,,,,NO_TEMPORAL_DATA
25.599722,94.612972,LandslideGuard_Project_Master,,,,,,,,NO_TEMPORAL_DATA
25.599056,94.617222,LandslideGuard_Project_Master,,,,,,,,NO_TEMPORAL_DATA
25.692222,94.584722,LandslideGuard_Project_Master,,,,,,,,NO_TEMPORAL_DATA
25.747892,94.633072,LandslideGuard_Project_Master,,,,,,,,NO_TEMPORAL_DATA
25.764292,94.714094,LandslideGuard_Project_Master,,,2015.0,,,2015.0,,YEAR_ONLY
25.767683,94.709381,LandslideGuard_Project_Master,,,2016.0,,,2016.0,,YEAR_ONLY
25.7578,94.7058,LandslideGuard_Project_Master,,,2016.0,,,2016.0,,YEAR_ONLY
25.69925,94.761833,LandslideGuard_Project_Master,,,,,,,,NO_TEMPORAL_DATA
25.682333,94.760111,LandslideGuard_Project_Master,,,,,,,,NO_TEMPORAL_DATA
25.674944,94.762694,LandslideGuard_Project_Master,,,,,,,,NO_TEMPORAL_DATA
25.673292,94.7597,LandslideGuard_Project_Master,,,,,,,,NO_TEMPORAL_DATA
25.660583,94.755389,LandslideGuard_Project_Master,,,,,,,,NO_TEMPORAL_DATA
25.660194,94.7535,LandslideGuard_Project_Master,,,,,,,,NO_TEMPORAL_DATA
25.657361,94.750278,LandslideGuard_Project_Master,,,,,,,,NO_TEMPORAL_DATA
25.65975,94.747083,LandslideGuard_Project_Master,,,,,,,,NO_TEMPORAL_DATA
25.652361,94.735889,LandslideGuard_Project_Master,,,,,,,,NO_TEMPORAL_DATA
25.653361,94.734333,LandslideGuard_Project_Master,,,,,,,,NO_TEMPORAL_DATA
25.673472,94.716222,LandslideGuard_Project_Master,,,,,,,,NO_TEMPORAL_DATA
25.667,94.718944,LandslideGuard_Project_Master,,,,,,,,NO_TEMPORAL_DATA
25.662222,94.719444,LandslideGuard_Project_Master,,,,,,,,NO_TEMPORAL_DATA
25.641,94.730878,LandslideGuard_Project_Master,,,,,,,,NO_TEMPORAL_DATA
25.640389,94.732444,LandslideGuard_Project_Master,,,,,,,,NO_TEMPORAL_DATA
25.649428,94.737028,LandslideGuard_Project_Master,,,,,,,,NO_TEMPORAL_DATA
25.633944,94.733056,LandslideGuard_Project_Master,,,,,,,,NO_TEMPORAL_DATA
25.631833,94.750139,LandslideGuard_Project_Master,,,,,,,,NO_TEMPORAL_DATA
25.631122,94.748497,LandslideGuard_Project_Master,,,,,,,,NO_TEMPORAL_DATA
25.6375,94.757556,LandslideGuard_Project_Master,,,,,,,,NO_TEMPORAL_DATA
25.640056,94.765278,LandslideGuard_Project_Master,,,,,,,,NO_TEMPORAL_DATA
25.613,94.745889,LandslideGuard_Project_Master,,,,,,,,NO_TEMPORAL_DATA
25.611028,94.747167,LandslideGuard_Project_Master,,,,,,,,NO_TEMPORAL_DATA
25.604444,94.76,LandslideGuard_Project_Master,,,,,,,,NO_TEMPORAL_DATA
25.604611,94.768083,LandslideGuard_Project_Master,,,,,,,,NO_TEMPORAL_DATA
25.605061,94.772156,LandslideGuard_Project_Master,,,,,,,,NO_TEMPORAL_DATA
25.6055,94.800833,LandslideGuard_Project_Master,,,,,,,,NO_TEMPORAL_DATA
25.609472,94.806111,LandslideGuard_Project_Master,,,,,,,,NO_TEMPORAL_DATA
25.620269,94.801031,LandslideGuard_Project_Master,,,,,,,,NO_TEMPORAL_DATA
25.646389,94.766389,LandslideGuard_Project_Master,,,,,,,,NO_TEMPORAL_DATA
25.652639,94.7705,LandslideGuard_Project_Master,,,,,,,,NO_TEMPORAL_DATA
25.700278,94.767222,LandslideGuard_Project_Master,,,,,,,,NO_TEMPORAL_DATA
25.699556,94.775583,LandslideGuard_Project_Master,,,,,,,,NO_TEMPORAL_DATA
25.700506,94.775633,LandslideGuard_Project_Master,,,,,,,,NO_TEMPORAL_DATA
25.680917,94.792014,LandslideGuard_Project_Master,,,,,,,,NO_TEMPORAL_DATA
25.680167,94.837944,LandslideGuard_Project_Master,,,,,,,,NO_TEMPORAL_DATA
25.626833,94.847053,LandslideGuard_Project_Master,,,,,,,,NO_TEMPORAL_DATA
25.623364,94.819272,LandslideGuard_Project_Master,,,,,,,,NO_TEMPORAL_DATA
25.602208,94.823292,LandslideGuard_Project_Master,,,,,,,,NO_TEMPORAL_DATA
25.601028,94.829722,LandslideGuard_Project_Master,,,,,,,,NO_TEMPORAL_DATA
25.604389,94.839583,LandslideGuard_Project_Master,,,,,,,,NO_TEMPORAL_DATA
25.6,94.841389,LandslideGuard_Project_Master,,,,,,,,NO_TEMPORAL_DATA
25.605458,94.839083,LandslideGuard_Project_Master,,,,,,,,NO_TEMPORAL_DATA
25.607778,94.837944,LandslideGuard_Project_Master,,,,,,,,NO_TEMPORAL_DATA
25.602511,94.891208,LandslideGuard_Project_Master,,,,,,,,NO_TEMPORAL_DATA
25.786061,94.931447,LandslideGuard_Project_Master,,,2015.0,,,2015.0,,YEAR_ONLY
25.801608,94.935386,LandslideGuard_Project_Master,,,2016.0,,,2016.0,,YEAR_ONLY
25.786594,94.922778,LandslideGuard_Project_Master,,,2016.0,,,2016.0,,YEAR_ONLY
25.789933,94.849811,LandslideGuard_Project_Master,,,2016.0,,,2016.0,,YEAR_ONLY
25.789861,94.850694,LandslideGuard_Project_Master,,,2015.0,,,2015.0,,YEAR_ONLY
25.788847,94.856314,LandslideGuard_Project_Master,,,2015.0,,,2015.0,,YEAR_ONLY
25.788911,94.855664,LandslideGuard_Project_Master,,,2015.0,,,2015.0,,YEAR_ONLY
25.783939,94.856411,LandslideGuard_Project_Master,,,2015.0,,,2015.0,,YEAR_ONLY
25.786692,94.829933,LandslideGuard_Project_Master,,,2015.0,,,2015.0,,YEAR_ONLY
25.787211,94.834275,LandslideGuard_Project_Master,,,2016.0,,,2016.0,,YEAR_ONLY
25.755936,94.846033,LandslideGuard_Project_Master,,,2016.0,,,2016.0,,YEAR_ONLY
25.751456,94.850217,LandslideGuard_Project_Master,,,2016.0,,,2016.0,,YEAR_ONLY
25.742178,94.842917,LandslideGuard_Project_Master,,,,,,,,NO_TEMPORAL_DATA
25.728964,94.795497,LandslideGuard_Project_Master,,,,,,,,NO_TEMPORAL_DATA
25.729639,94.795675,LandslideGuard_Project_Master,,,,,,,,NO_TEMPORAL_DATA
25.715956,94.810833,LandslideGuard_Project_Master,,,,,,,,NO_TEMPORAL_DATA
25.721861,94.780667,LandslideGuard_Project_Master,,,,,,,,NO_TEMPORAL_DATA
25.700944,94.775361,LandslideGuard_Project_Master,,,,,,,,NO_TEMPORAL_DATA
25.700692,94.775594,LandslideGuard_Project_Master,,,,,,,,NO_TEMPORAL_DATA
25.7345,94.777417,LandslideGuard_Project_Master,,,,,,,,NO_TEMPORAL_DATA
25.737289,94.787844,LandslideGuard_Project_Master,,,,,,,,NO_TEMPORAL_DATA
25.733444,94.780361,LandslideGuard_Project_Master,,,,,,,,NO_TEMPORAL_DATA
25.784961,94.789617,LandslideGuard_Project_Master,,,2016.0,,,2016.0,,YEAR_ONLY
25.786311,94.796825,LandslideGuard_Project_Master,,,2015.0,,,2015.0,,YEAR_ONLY
25.786425,94.796303,LandslideGuard_Project_Master,,,2015.0,,,2015.0,,YEAR_ONLY
25.797781,94.770447,LandslideGuard_Project_Master,,,2016.0,,,2016.0,,YEAR_ONLY
25.827608,94.783028,LandslideGuard_Project_Master,,,2016.0,,,2016.0,,YEAR_ONLY
25.820689,94.767353,LandslideGuard_Project_Master,,,2016.0,,,2016.0,,YEAR_ONLY
25.842531,94.787211,LandslideGuard_Project_Master,,,2016.0,,,2016.0,,YEAR_ONLY
25.842897,94.786861,LandslideGuard_Project_Master,,,2016.0,,,2016.0,,YEAR_ONLY
25.838592,94.788669,LandslideGuard_Project_Master,,,2016.0,,,2016.0,,YEAR_ONLY
25.838681,94.788925,LandslideGuard_Project_Master,,,2016.0,,,2016.0,,YEAR_ONLY
25.829728,94.792592,LandslideGuard_Project_Master,,,2016.0,,,2016.0,,YEAR_ONLY
25.834436,94.795519,LandslideGuard_Project_Master,,,2016.0,,,2016.0,,YEAR_ONLY
25.818947,94.8075,LandslideGuard_Project_Master,,,2016.0,,,2016.0,,YEAR_ONLY
25.814525,94.806114,LandslideGuard_Project_Master,,,2016.0,,,2016.0,,YEAR_ONLY
25.820367,94.820367,LandslideGuard_Project_Master,,,2016.0,,,2016.0,,YEAR_ONLY
25.861553,94.820553,LandslideGuard_Project_Master,,,2016.0,,,2016.0,,YEAR_ONLY
25.901125,94.82785,LandslideGuard_Project_Master,,,2016.0,,,2016.0,,YEAR_ONLY
25.893797,94.821944,LandslideGuard_Project_Master,,,2016.0,,,2016.0,,YEAR_ONLY
25.887525,94.797508,LandslideGuard_Project_Master,,,2016.0,,,2016.0,,YEAR_ONLY
25.887917,94.795558,LandslideGuard_Project_Master,,,2016.0,,,2016.0,,YEAR_ONLY
25.884003,94.792711,LandslideGuard_Project_Master,,,2016.0,,,2016.0,,YEAR_ONLY
25.889897,94.811111,LandslideGuard_Project_Master,,,2016.0,,,2016.0,,YEAR_ONLY
25.88667,94.78639,LandslideGuard_Project_Master,,,,,,,,NO_TEMPORAL_DATA
25.887303,94.788144,LandslideGuard_Project_Master,,,2016.0,,,2016.0,,YEAR_ONLY
25.9,94.78917,LandslideGuard_Project_Master,,,,,,,,NO_TEMPORAL_DATA
25.905494,94.769017,LandslideGuard_Project_Master,,,2016.0,,,2016.0,,YEAR_ONLY
25.905561,94.768481,LandslideGuard_Project_Master,,,2016.0,,,2016.0,,YEAR_ONLY
25.911931,94.793292,LandslideGuard_Project_Master,,,2016.0,,,2016.0,,YEAR_ONLY
25.940053,94.797197,LandslideGuard_Project_Master,,,2016.0,,,2016.0,,YEAR_ONLY
25.944008,94.789414,LandslideGuard_Project_Master,,,2016.0,,,2016.0,,YEAR_ONLY
25.944475,94.7888,LandslideGuard_Project_Master,,,2016.0,,,2016.0,,YEAR_ONLY
25.938447,94.7843,LandslideGuard_Project_Master,,,2016.0,,,2016.0,,YEAR_ONLY
25.934647,94.787967,LandslideGuard_Project_Master,,,2016.0,,,2016.0,,YEAR_ONLY
25.962689,94.816972,LandslideGuard_Project_Master,,,2016.0,,,2016.0,,YEAR_ONLY
25.962494,94.818667,LandslideGuard_Project_Master,,,2016.0,,,2016.0,,YEAR_ONLY
25.971456,94.818392,LandslideGuard_Project_Master,,,2016.0,,,2016.0,,YEAR_ONLY
25.915925,94.824992,LandslideGuard_Project_Master,,,2016.0,,,2016.0,,YEAR_ONLY
25.915344,94.828308,LandslideGuard_Project_Master,,,2016.0,,,2016.0,,YEAR_ONLY
25.915092,94.844003,LandslideGuard_Project_Master,,,2016.0,,,2016.0,,YEAR_ONLY
25.914247,94.841489,LandslideGuard_Project_Master,,,2016.0,,,2016.0,,YEAR_ONLY
25.919689,94.839167,LandslideGuard_Project_Master,,,2016.0,,,2016.0,,YEAR_ONLY
25.920811,94.838889,LandslideGuard_Project_Master,,,2016.0,,,2016.0,,YEAR_ONLY
25.872444,94.950069,LandslideGuard_Project_Master,,,2015.0,,,2015.0,,YEAR_ONLY
25.878525,94.947372,LandslideGuard_Project_Master,,,2015.0,,,2015.0,,YEAR_ONLY
25.878183,94.946942,LandslideGuard_Project_Master,,,2015.0,,,2015.0,,YEAR_ONLY
25.883108,94.919106,LandslideGuard_Project_Master,,,2015.0,,,2015.0,,YEAR_ONLY
25.828928,94.898075,LandslideGuard_Project_Master,,,2016.0,,,2016.0,,YEAR_ONLY
25.820664,94.912642,LandslideGuard_Project_Master,,,2012.0,,,2012.0,,YEAR_ONLY
25.827397,94.907311,LandslideGuard_Project_Master,,,2016.0,,,2016.0,,YEAR_ONLY
25.827106,94.907639,LandslideGuard_Project_Master,,,2016.0,,,2016.0,,YEAR_ONLY
25.848194,94.916169,LandslideGuard_Project_Master,,,2016.0,,,2016.0,,YEAR_ONLY
25.849947,94.916697,LandslideGuard_Project_Master,,,2015.0,,,2015.0,,YEAR_ONLY
25.804908,94.932467,LandslideGuard_Project_Master,,,2015.0,,,2015.0,,YEAR_ONLY
25.814822,94.950353,LandslideGuard_Project_Master,,,2016.0,,,2016.0,,YEAR_ONLY
25.814625,94.971819,LandslideGuard_Project_Master,,,2015.0,,,2015.0,,YEAR_ONLY
25.814897,94.970297,LandslideGuard_Project_Master,,,2015.0,,,2015.0,,YEAR_ONLY
25.813064,94.971453,LandslideGuard_Project_Master,,,2015.0,,,2015.0,,YEAR_ONLY
25.814272,94.968933,LandslideGuard_Project_Master,,,2014.0,,,2014.0,,YEAR_ONLY
25.813294,94.968222,LandslideGuard_Project_Master,,,2014.0,,,2014.0,,YEAR_ONLY
25.817164,94.975969,LandslideGuard_Project_Master,,,2015.0,,,2015.0,,YEAR_ONLY
25.881489,94.962525,LandslideGuard_Project_Master,,,2015.0,,,2015.0,,YEAR_ONLY
25.792131,94.95655,LandslideGuard_Project_Master,,,2015.0,,,2015.0,,YEAR_ONLY
25.789856,94.95825,LandslideGuard_Project_Master,,,2015.0,,,2015.0,,YEAR_ONLY
25.793333,94.958014,LandslideGuard_Project_Master,,,2015.0,,,2015.0,,YEAR_ONLY
25.788378,94.96105,LandslideGuard_Project_Master,,,2016.0,,,2016.0,,YEAR_ONLY
25.570222,94.877278,LandslideGuard_Project_Master,,,,,,,,NO_TEMPORAL_DATA
25.581,94.863694,LandslideGuard_Project_Master,,,,,,,,NO_TEMPORAL_DATA
25.588806,94.859428,LandslideGuard_Project_Master,,,,,,,,NO_TEMPORAL_DATA
25.593333,94.855194,LandslideGuard_Project_Master,,,,,,,,NO_TEMPORAL_DATA
25.595083,94.857778,LandslideGuard_Project_Master,,,,,,,,NO_TEMPORAL_DATA
25.587778,94.858722,LandslideGuard_Project_Master,,,,,,,,NO_TEMPORAL_DATA
25.586389,94.858222,LandslideGuard_Project_Master,,,,,,,,NO_TEMPORAL_DATA
25.586389,94.858222,LandslideGuard_Project_Master,,,,,,,,NO_TEMPORAL_DATA
25.594639,94.842444,LandslideGuard_Project_Master,,,,,,,,NO_TEMPORAL_DATA
25.597167,94.842028,LandslideGuard_Project_Master,,,,,,,,NO_TEMPORAL_DATA
25.590139,94.846333,LandslideGuard_Project_Master,,,,,,,,NO_TEMPORAL_DATA
25.585472,94.846833,LandslideGuard_Project_Master,,,,,,,,NO_TEMPORAL_DATA
25.584147,94.8582,LandslideGuard_Project_Master,,,,,,,,NO_TEMPORAL_DATA
25.583833,94.858,LandslideGuard_Project_Master,,,,,,,,NO_TEMPORAL_DATA
25.581944,94.858139,LandslideGuard_Project_Master,,,,,,,,NO_TEMPORAL_DATA
25.593778,94.822389,LandslideGuard_Project_Master,,,,,,,,NO_TEMPORAL_DATA
25.593944,94.810925,LandslideGuard_Project_Master,,,,,,,,NO_TEMPORAL_DATA
25.584519,94.792344,LandslideGuard_Project_Master,,,,,,,,NO_TEMPORAL_DATA
25.596111,94.785444,LandslideGuard_Project_Master,,,,,,,,NO_TEMPORAL_DATA
25.588389,94.78825,LandslideGuard_Project_Master,,,,,,,,NO_TEMPORAL_DATA
25.597778,94.767,LandslideGuard_Project_Master,,,,,,,,NO_TEMPORAL_DATA
25.582694,94.785139,LandslideGuard_Project_Master,,,,,,,,NO_TEMPORAL_DATA
25.581806,94.784833,LandslideGuard_Project_Master,,,,,,,,NO_TEMPORAL_DATA
25.583694,94.785639,LandslideGuard_Project_Master,,,,,,,,NO_TEMPORAL_DATA
25.576444,94.785556,LandslideGuard_Project_Master,,,,,,,,NO_TEMPORAL_DATA
25.572058,94.784969,LandslideGuard_Project_Master,,,,,,,,NO_TEMPORAL_DATA
25.568528,94.784806,LandslideGuard_Project_Master,,,,,,,,NO_TEMPORAL_DATA
25.561389,94.783889,LandslideGuard_Project_Master,,,,,,,,NO_TEMPORAL_DATA
25.561306,94.780778,LandslideGuard_Project_Master,,,,,,,,NO_TEMPORAL_DATA
25.561903,94.778178,LandslideGuard_Project_Master,,,,,,,,NO_TEMPORAL_DATA
25.568611,94.783078,LandslideGuard_Project_Master,,,,,,,,NO_TEMPORAL_DATA
25.566944,94.773222,LandslideGuard_Project_Master,,,,,,,,NO_TEMPORAL_DATA
25.560844,94.773214,LandslideGuard_Project_Master,,,,,,,,NO_TEMPORAL_DATA
25.559211,94.769978,LandslideGuard_Project_Master,,,,,,,,NO_TEMPORAL_DATA
25.555056,94.768611,LandslideGuard_Project_Master,,,,,,,,NO_TEMPORAL_DATA
25.092033,94.640664,LandslideGuard_Project_Master,,,,,,,,NO_TEMPORAL_DATA
25.065889,94.632139,LandslideGuard_Project_Master,,,,,,,,NO_TEMPORAL_DATA
25.067194,94.632972,LandslideGuard_Project_Master,,,,,,,,NO_TEMPORAL_DATA
25.066861,94.6325,LandslideGuard_Project_Master,,,,,,,,NO_TEMPORAL_DATA
25.064833,94.643917,LandslideGuard_Project_Master,,,,,,,,NO_TEMPORAL_DATA
25.064444,94.620278,LandslideGuard_Project_Master,,,,,,,,NO_TEMPORAL_DATA
25.055186,94.599525,LandslideGuard_Project_Master,,,,,,,,NO_TEMPORAL_DATA
25.056,94.600667,LandslideGuard_Project_Master,,,,,,,,NO_TEMPORAL_DATA
25.059861,94.584889,LandslideGuard_Project_Master,,,,,,,,NO_TEMPORAL_DATA
25.059361,94.586361,LandslideGuard_Project_Master,,,,,,,,NO_TEMPORAL_DATA
25.063167,94.614389,LandslideGuard_Project_Master,,,,,,,,NO_TEMPORAL_DATA
25.063861,94.614972,LandslideGuard_Project_Master,,,,,,,,NO_TEMPORAL_DATA
25.063778,94.615,LandslideGuard_Project_Master,,,,,,,,NO_TEMPORAL_DATA
25.062222,94.61475,LandslideGuard_Project_Master,,,,,,,,NO_TEMPORAL_DATA
24.991833,94.603306,LandslideGuard_Project_Master,,,,,,,,NO_TEMPORAL_DATA
24.812611,94.581278,LandslideGuard_Project_Master,,,,,,,,NO_TEMPORAL_DATA
24.884889,94.613222,LandslideGuard_Project_Master,,,,,,,,NO_TEMPORAL_DATA
24.884389,94.601306,LandslideGuard_Project_Master,,,,,,,,NO_TEMPORAL_DATA
24.870806,94.591111,LandslideGuard_Project_Master,,,,,,,,NO_TEMPORAL_DATA
24.8705,94.589944,LandslideGuard_Project_Master,,,,,,,,NO_TEMPORAL_DATA
24.870028,94.588778,LandslideGuard_Project_Master,,,,,,,,NO_TEMPORAL_DATA
24.869917,94.592417,LandslideGuard_Project_Master,,,,,,,,NO_TEMPORAL_DATA
24.888528,94.601694,LandslideGuard_Project_Master,,,,,,,,NO_TEMPORAL_DATA
24.8905,94.607056,LandslideGuard_Project_Master,,,,,,,,NO_TEMPORAL_DATA
24.887722,94.610194,LandslideGuard_Project_Master,,,,,,,,NO_TEMPORAL_DATA
24.985833,94.60825,LandslideGuard_Project_Master,,,,,,,,NO_TEMPORAL_DATA
24.98025,94.613972,LandslideGuard_Project_Master,,,,,,,,NO_TEMPORAL_DATA
24.978139,94.614861,LandslideGuard_Project_Master,,,,,,,,NO_TEMPORAL_DATA
24.964694,94.6175,LandslideGuard_Project_Master,,,,,,,,NO_TEMPORAL_DATA
24.970167,94.618,LandslideGuard_Project_Master,,,,,,,,NO_TEMPORAL_DATA
24.958833,94.618917,LandslideGuard_Project_Master,,,,,,,,NO_TEMPORAL_DATA
24.938361,94.549556,LandslideGuard_Project_Master,,,,,,,,NO_TEMPORAL_DATA
24.939167,94.548889,LandslideGuard_Project_Master,,,,,,,,NO_TEMPORAL_DATA
24.938806,94.549278,LandslideGuard_Project_Master,,,,,,,,NO_TEMPORAL_DATA
24.94225,94.541056,LandslideGuard_Project_Master,,,,,,,,NO_TEMPORAL_DATA
24.944083,94.538667,LandslideGuard_Project_Master,,,,,,,,NO_TEMPORAL_DATA
24.948083,94.535556,LandslideGuard_Project_Master,,,,,,,,NO_TEMPORAL_DATA
24.957333,94.50075,LandslideGuard_Project_Master,,,,,,,,NO_TEMPORAL_DATA
24.954887,94.493465,LandslideGuard_Project_Master,,,,,,,,NO_TEMPORAL_DATA
24.95625,94.520083,LandslideGuard_Project_Master,,,,,,,,NO_TEMPORAL_DATA
24.956083,94.522278,LandslideGuard_Project_Master,,,,,,,,NO_TEMPORAL_DATA
24.952,94.529028,LandslideGuard_Project_Master,,,,,,,,NO_TEMPORAL_DATA
24.948056,94.534778,LandslideGuard_Project_Master,,,,,,,,NO_TEMPORAL_DATA
24.920056,94.568778,LandslideGuard_Project_Master,,,,,,,,NO_TEMPORAL_DATA
24.919917,94.567111,LandslideGuard_Project_Master,,,,,,,,NO_TEMPORAL_DATA
24.921167,94.563361,LandslideGuard_Project_Master,,,,,,,,NO_TEMPORAL_DATA
24.924528,94.559833,LandslideGuard_Project_Master,,,,,,,,NO_TEMPORAL_DATA
24.917611,94.576556,LandslideGuard_Project_Master,,,,,,,,NO_TEMPORAL_DATA
24.915806,94.578222,LandslideGuard_Project_Master,,,,,,,,NO_TEMPORAL_DATA
24.9155,94.578333,LandslideGuard_Project_Master,,,,,,,,NO_TEMPORAL_DATA
24.871889,94.580417,LandslideGuard_Project_Master,,,,,,,,NO_TEMPORAL_DATA
24.867139,94.566889,LandslideGuard_Project_Master,,,,,,,,NO_TEMPORAL_DATA
24.8155,94.572222,LandslideGuard_Project_Master,,,,,,,,NO_TEMPORAL_DATA
24.814778,94.549639,LandslideGuard_Project_Master,,,,,,,,NO_TEMPORAL_DATA
24.81425,94.552028,LandslideGuard_Project_Master,,,,,,,,NO_TEMPORAL_DATA
24.826361,94.5255,LandslideGuard_Project_Master,,,,,,,,NO_TEMPORAL_DATA
24.817028,94.534528,LandslideGuard_Project_Master,,,,,,,,NO_TEMPORAL_DATA
24.806417,94.505778,LandslideGuard_Project_Master,,,,,,,,NO_TEMPORAL_DATA
24.821028,94.50425,LandslideGuard_Project_Master,,,,,,,,NO_TEMPORAL_DATA
24.820833,94.504167,LandslideGuard_Project_Master,,,,,,,,NO_TEMPORAL_DATA
24.817944,94.504472,LandslideGuard_Project_Master,,,,,,,,NO_TEMPORAL_DATA
24.841944,94.512972,LandslideGuard_Project_Master,,,,,,,,NO_TEMPORAL_DATA
24.835611,94.519722,LandslideGuard_Project_Master,,,,,,,,NO_TEMPORAL_DATA
24.797,94.409028,LandslideGuard_Project_Master,,,,,,,,NO_TEMPORAL_DATA
24.796722,94.40925,LandslideGuard_Project_Master,,,,,,,,NO_TEMPORAL_DATA
24.796417,94.398786,LandslideGuard_Project_Master,,,,,,,,NO_TEMPORAL_DATA
24.798077,94.406137,LandslideGuard_Project_Master,,,,,,,,NO_TEMPORAL_DATA
24.932631,94.417417,LandslideGuard_Project_Master,,,,,,,,NO_TEMPORAL_DATA
24.906333,94.482917,LandslideGuard_Project_Master,,,,,,,,NO_TEMPORAL_DATA
24.909889,94.486778,LandslideGuard_Project_Master,,,,,,,,NO_TEMPORAL_DATA
24.916083,94.486889,LandslideGuard_Project_Master,,,,,,,,NO_TEMPORAL_DATA
24.934336,94.460091,LandslideGuard_Project_Master,,,,,,,,NO_TEMPORAL_DATA
24.919751,94.461919,LandslideGuard_Project_Master,,,,,,,,NO_TEMPORAL_DATA
24.91475,94.464944,LandslideGuard_Project_Master,,,,,,,,NO_TEMPORAL_DATA
24.943258,94.457787,LandslideGuard_Project_Master,,,,,,,,NO_TEMPORAL_DATA
24.949274,94.473427,LandslideGuard_Project_Master,,,,,,,,NO_TEMPORAL_DATA
24.948667,94.4835,LandslideGuard_Project_Master,,,,,,,,NO_TEMPORAL_DATA
24.958261,94.473862,LandslideGuard_Project_Master,,,,,,,,NO_TEMPORAL_DATA
24.957303,94.473342,LandslideGuard_Project_Master,,,,,,,,NO_TEMPORAL_DATA
24.957209,94.473616,LandslideGuard_Project_Master,,,,,,,,NO_TEMPORAL_DATA
24.969479,94.483082,LandslideGuard_Project_Master,,,,,,,,NO_TEMPORAL_DATA
25.033778,94.43625,LandslideGuard_Project_Master,,,,,,,,NO_TEMPORAL_DATA
25.033278,94.431806,LandslideGuard_Project_Master,,,,,,,,NO_TEMPORAL_DATA
25.027333,94.423583,LandslideGuard_Project_Master,,,,,,,,NO_TEMPORAL_DATA
25.020361,94.4095,LandslideGuard_Project_Master,,,,,,,,NO_TEMPORAL_DATA
25.023111,94.449361,LandslideGuard_Project_Master,,,,,,,,NO_TEMPORAL_DATA
25.023056,94.449306,LandslideGuard_Project_Master,,,,,,,,NO_TEMPORAL_DATA
25.012111,94.464833,LandslideGuard_Project_Master,,,,,,,,NO_TEMPORAL_DATA
25.007917,94.452972,LandslideGuard_Project_Master,,,,,,,,NO_TEMPORAL_DATA
25.060389,94.535472,LandslideGuard_Project_Master,,,,,,,,NO_TEMPORAL_DATA
25.051944,94.551111,LandslideGuard_Project_Master,,,,,,,,NO_TEMPORAL_DATA
25.052833,94.551083,LandslideGuard_Project_Master,,,,,,,,NO_TEMPORAL_DATA
25.054,94.550972,LandslideGuard_Project_Master,,,,,,,,NO_TEMPORAL_DATA
25.054917,94.551306,LandslideGuard_Project_Master,,,,,,,,NO_TEMPORAL_DATA
25.0565,94.551528,LandslideGuard_Project_Master,,,,,,,,NO_TEMPORAL_DATA
25.061472,94.549694,LandslideGuard_Project_Master,,,,,,,,NO_TEMPORAL_DATA
25.059556,94.550611,LandslideGuard_Project_Master,,,,,,,,NO_TEMPORAL_DATA
25.058833,94.55125,LandslideGuard_Project_Master,,,,,,,,NO_TEMPORAL_DATA
25.05125,94.556111,LandslideGuard_Project_Master,,,,,,,,NO_TEMPORAL_DATA
25.050694,94.555139,LandslideGuard_Project_Master,,,,,,,,NO_TEMPORAL_DATA
25.050417,94.551167,LandslideGuard_Project_Master,,,,,,,,NO_TEMPORAL_DATA
25.049,94.551028,LandslideGuard_Project_Master,,,,,,,,NO_TEMPORAL_DATA
25.062833,94.577722,LandslideGuard_Project_Master,,,,,,,,NO_TEMPORAL_DATA
25.055278,94.567861,LandslideGuard_Project_Master,,,,,,,,NO_TEMPORAL_DATA
25.055278,94.56436,LandslideGuard_Project_Master,,,,,,,,NO_TEMPORAL_DATA
25.082306,94.551722,LandslideGuard_Project_Master,,,,,,,,NO_TEMPORAL_DATA
25.082778,94.550694,LandslideGuard_Project_Master,,,,,,,,NO_TEMPORAL_DATA
25.079361,94.549667,LandslideGuard_Project_Master,,,,,,,,NO_TEMPORAL_DATA
25.081361,94.552278,LandslideGuard_Project_Master,,,,,,,,NO_TEMPORAL_DATA
25.065056,94.544583,LandslideGuard_Project_Master,,,,,,,,NO_TEMPORAL_DATA
25.069806,94.541667,LandslideGuard_Project_Master,,,,,,,,NO_TEMPORAL_DATA
25.069306,94.536528,LandslideGuard_Project_Master,,,,,,,,NO_TEMPORAL_DATA
25.069306,94.536528,LandslideGuard_Project_Master,,,,,,,,NO_TEMPORAL_DATA
25.064639,94.534,LandslideGuard_Project_Master,,,,,,,,NO_TEMPORAL_DATA
25.054722,94.526528,LandslideGuard_Project_Master,,,,,,,,NO_TEMPORAL_DATA
25.054944,94.530528,LandslideGuard_Project_Master,,,,,,,,NO_TEMPORAL_DATA
25.057167,94.532194,LandslideGuard_Project_Master,,,,,,,,NO_TEMPORAL_DATA
25.057361,94.533083,LandslideGuard_Project_Master,,,,,,,,NO_TEMPORAL_DATA
25.081611,94.506333,LandslideGuard_Project_Master,,,,,,,,NO_TEMPORAL_DATA
25.08325,94.503639,LandslideGuard_Project_Master,,,,,,,,NO_TEMPORAL_DATA
25.083694,94.502278,LandslideGuard_Project_Master,,,,,,,,NO_TEMPORAL_DATA
25.10125,94.510806,LandslideGuard_Project_Master,,,,,,,,NO_TEMPORAL_DATA
25.103111,94.532083,LandslideGuard_Project_Master,,,,,,,,NO_TEMPORAL_DATA
25.103528,94.531722,LandslideGuard_Project_Master,,,,,,,,NO_TEMPORAL_DATA
25.101972,94.5125,LandslideGuard_Project_Master,,,,,,,,NO_TEMPORAL_DATA
25.09825,94.513778,LandslideGuard_Project_Master,,,,,,,,NO_TEMPORAL_DATA
25.096083,94.515806,LandslideGuard_Project_Master,,,,,,,,NO_TEMPORAL_DATA
25.093167,94.516611,LandslideGuard_Project_Master,,,,,,,,NO_TEMPORAL_DATA
25.094333,94.522528,LandslideGuard_Project_Master,,,,,,,,NO_TEMPORAL_DATA
25.095611,94.522944,LandslideGuard_Project_Master,,,,,,,,NO_TEMPORAL_DATA
25.100889,94.526556,LandslideGuard_Project_Master,,,,,,,,NO_TEMPORAL_DATA
25.096417,94.531778,LandslideGuard_Project_Master,,,,,,,,NO_TEMPORAL_DATA
25.096611,94.551028,LandslideGuard_Project_Master,,,,,,,,NO_TEMPORAL_DATA
25.0948,94.547461,LandslideGuard_Project_Master,,,,,,,,NO_TEMPORAL_DATA
25.095056,94.547722,LandslideGuard_Project_Master,,,,,,,,NO_TEMPORAL_DATA
25.091742,94.550444,LandslideGuard_Project_Master,,,,,,,,NO_TEMPORAL_DATA
25.091667,94.550056,LandslideGuard_Project_Master,,,,,,,,NO_TEMPORAL_DATA
25.091858,94.550786,LandslideGuard_Project_Master,,,,,,,,NO_TEMPORAL_DATA
25.179194,94.526528,LandslideGuard_Project_Master,,,,,,,,NO_TEMPORAL_DATA
25.179306,94.526333,LandslideGuard_Project_Master,,,,,,,,NO_TEMPORAL_DATA
25.181194,94.524861,LandslideGuard_Project_Master,,,,,,,,NO_TEMPORAL_DATA
25.180611,94.525278,LandslideGuard_Project_Master,,,,,,,,NO_TEMPORAL_DATA
25.181222,94.524611,LandslideGuard_Project_Master,,,,,,,,NO_TEMPORAL_DATA
25.181528,94.523694,LandslideGuard_Project_Master,,,,,,,,NO_TEMPORAL_DATA
25.182472,94.523722,LandslideGuard_Project_Master,,,,,,,,NO_TEMPORAL_DATA
25.182417,94.523556,LandslideGuard_Project_Master,,,,,,,,NO_TEMPORAL_DATA
25.182306,94.523333,LandslideGuard_Project_Master,,,,,,,,NO_TEMPORAL_DATA
25.188611,94.520917,LandslideGuard_Project_Master,,,,,,,,NO_TEMPORAL_DATA
25.185889,94.520944,LandslideGuard_Project_Master,,,,,,,,NO_TEMPORAL_DATA
25.186389,94.52025,LandslideGuard_Project_Master,,,,,,,,NO_TEMPORAL_DATA
25.18425,94.522667,LandslideGuard_Project_Master,,,,,,,,NO_TEMPORAL_DATA
25.184194,94.522694,LandslideGuard_Project_Master,,,,,,,,NO_TEMPORAL_DATA
25.182222,94.522333,LandslideGuard_Project_Master,,,,,,,,NO_TEMPORAL_DATA
25.181917,94.522306,LandslideGuard_Project_Master,,,,,,,,NO_TEMPORAL_DATA
25.181806,94.522556,LandslideGuard_Project_Master,,,,,,,,NO_TEMPORAL_DATA
25.178417,94.52725,LandslideGuard_Project_Master,,,,,,,,NO_TEMPORAL_DATA
25.178194,94.527444,LandslideGuard_Project_Master,,,,,,,,NO_TEMPORAL_DATA
25.182861,94.505167,LandslideGuard_Project_Master,,,,,,,,NO_TEMPORAL_DATA
25.180889,94.504611,LandslideGuard_Project_Master,,,,,,,,NO_TEMPORAL_DATA
25.181722,94.504917,LandslideGuard_Project_Master,,,,,,,,NO_TEMPORAL_DATA
25.155194,94.461278,LandslideGuard_Project_Master,,,,,,,,NO_TEMPORAL_DATA
25.153722,94.461917,LandslideGuard_Project_Master,,,,,,,,NO_TEMPORAL_DATA
25.158361,94.461472,LandslideGuard_Project_Master,,,,,,,,NO_TEMPORAL_DATA
25.099194,94.460722,LandslideGuard_Project_Master,,,,,,,,NO_TEMPORAL_DATA
25.126167,94.456278,LandslideGuard_Project_Master,,,,,,,,NO_TEMPORAL_DATA
25.126222,94.456278,LandslideGuard_Project_Master,,,,,,,,NO_TEMPORAL_DATA
25.134611,94.460722,LandslideGuard_Project_Master,,,,,,,,NO_TEMPORAL_DATA
25.127722,94.449417,LandslideGuard_Project_Master,,,,,,,,NO_TEMPORAL_DATA
25.128417,94.440639,LandslideGuard_Project_Master,,,,,,,,NO_TEMPORAL_DATA
25.128194,94.440417,LandslideGuard_Project_Master,,,,,,,,NO_TEMPORAL_DATA
25.392389,94.454333,LandslideGuard_Project_Master,,,,,,,,NO_TEMPORAL_DATA
25.389639,94.457028,LandslideGuard_Project_Master,,,,,,,,NO_TEMPORAL_DATA
25.315861,94.504139,LandslideGuard_Project_Master,,,,,,,,NO_TEMPORAL_DATA
25.316056,94.504306,LandslideGuard_Project_Master,,,,,,,,NO_TEMPORAL_DATA
25.316639,94.504278,LandslideGuard_Project_Master,,,,,,,,NO_TEMPORAL_DATA
25.315444,94.504417,LandslideGuard_Project_Master,,,,,,,,NO_TEMPORAL_DATA
25.314972,94.5065,LandslideGuard_Project_Master,,,,,,,,NO_TEMPORAL_DATA
25.312667,94.509111,LandslideGuard_Project_Master,,,,,,,,NO_TEMPORAL_DATA
25.313,94.50975,LandslideGuard_Project_Master,,,,,,,,NO_TEMPORAL_DATA
25.325194,94.511861,LandslideGuard_Project_Master,,,,,,,,NO_TEMPORAL_DATA
25.325778,94.515694,LandslideGuard_Project_Master,,,,,,,,NO_TEMPORAL_DATA
25.324194,94.520278,LandslideGuard_Project_Master,,,,,,,,NO_TEMPORAL_DATA
25.321861,94.523839,LandslideGuard_Project_Master,,,,,,,,NO_TEMPORAL_DATA
25.323556,94.525583,LandslideGuard_Project_Master,,,,,,,,NO_TEMPORAL_DATA
25.329306,94.524639,LandslideGuard_Project_Master,,,,,,,,NO_TEMPORAL_DATA
25.3375,94.527806,LandslideGuard_Project_Master,,,,,,,,NO_TEMPORAL_DATA
25.3375,94.52825,LandslideGuard_Project_Master,,,,,,,,NO_TEMPORAL_DATA
25.332083,94.526639,LandslideGuard_Project_Master,,,,,,,,NO_TEMPORAL_DATA
25.326722,94.510083,LandslideGuard_Project_Master,,,,,,,,NO_TEMPORAL_DATA
25.325889,94.511306,LandslideGuard_Project_Master,,,,,,,,NO_TEMPORAL_DATA
25.324861,94.509861,LandslideGuard_Project_Master,,,,,,,,NO_TEMPORAL_DATA
25.320194,94.504472,LandslideGuard_Project_Master,,,,,,,,NO_TEMPORAL_DATA
25.319389,94.50425,LandslideGuard_Project_Master,,,,,,,,NO_TEMPORAL_DATA
25.360389,94.529917,LandslideGuard_Project_Master,,,,,,,,NO_TEMPORAL_DATA
25.359278,94.527806,LandslideGuard_Project_Master,,,,,,,,NO_TEMPORAL_DATA
25.356583,94.525306,LandslideGuard_Project_Master,,,,,,,,NO_TEMPORAL_DATA
25.356306,94.525222,LandslideGuard_Project_Master,,,,,,,,NO_TEMPORAL_DATA
25.388056,94.550083,LandslideGuard_Project_Master,,,,,,,,NO_TEMPORAL_DATA
25.394667,94.548917,LandslideGuard_Project_Master,,,,,,,,NO_TEMPORAL_DATA
25.373639,94.555333,LandslideGuard_Project_Master,,,,,,,,NO_TEMPORAL_DATA
25.261806,94.546944,LandslideGuard_Project_Master,,,,,,,,NO_TEMPORAL_DATA
25.259222,94.547417,LandslideGuard_Project_Master,,,,,,,,NO_TEMPORAL_DATA
25.259972,94.543806,LandslideGuard_Project_Master,,,,,,,,NO_TEMPORAL_DATA
25.263722,94.544833,LandslideGuard_Project_Master,,,,,,,,NO_TEMPORAL_DATA
25.264278,94.543611,LandslideGuard_Project_Master,,,,,,,,NO_TEMPORAL_DATA
25.265389,94.541472,LandslideGuard_Project_Master,,,,,,,,NO_TEMPORAL_DATA
25.27325,94.555417,LandslideGuard_Project_Master,,,,,,,,NO_TEMPORAL_DATA
25.276222,94.555889,LandslideGuard_Project_Master,,,,,,,,NO_TEMPORAL_DATA
25.287306,94.539833,LandslideGuard_Project_Master,,,,,,,,NO_TEMPORAL_DATA
25.288417,94.539528,LandslideGuard_Project_Master,,,,,,,,NO_TEMPORAL_DATA
25.289139,94.539417,LandslideGuard_Project_Master,,,,,,,,NO_TEMPORAL_DATA
25.286944,94.531361,LandslideGuard_Project_Master,,,,,,,,NO_TEMPORAL_DATA
25.287722,94.530583,LandslideGuard_Project_Master,,,,,,,,NO_TEMPORAL_DATA
25.287611,94.5295,LandslideGuard_Project_Master,,,,,,,,NO_TEMPORAL_DATA
25.289806,94.525639,LandslideGuard_Project_Master,,,,,,,,NO_TEMPORAL_DATA
25.289889,94.525306,LandslideGuard_Project_Master,,,,,,,,NO_TEMPORAL_DATA
25.289944,94.525111,LandslideGuard_Project_Master,,,,,,,,NO_TEMPORAL_DATA
25.28925,94.526861,LandslideGuard_Project_Master,,,,,,,,NO_TEMPORAL_DATA
25.288056,94.527806,LandslideGuard_Project_Master,,,,,,,,NO_TEMPORAL_DATA
25.28775,94.527667,LandslideGuard_Project_Master,,,,,,,,NO_TEMPORAL_DATA
25.287333,94.528333,LandslideGuard_Project_Master,,,,,,,,NO_TEMPORAL_DATA
25.287361,94.528472,LandslideGuard_Project_Master,,,,,,,,NO_TEMPORAL_DATA
25.394917,94.630111,LandslideGuard_Project_Master,,,,,,,,NO_TEMPORAL_DATA
25.394361,94.628222,LandslideGuard_Project_Master,,,,,,,,NO_TEMPORAL_DATA
25.407667,94.587222,LandslideGuard_Project_Master,,,,,,,,NO_TEMPORAL_DATA
25.408417,94.587083,LandslideGuard_Project_Master,,,,,,,,NO_TEMPORAL_DATA
25.409222,94.589389,LandslideGuard_Project_Master,,,,,,,,NO_TEMPORAL_DATA
25.409139,94.592139,LandslideGuard_Project_Master,,,,,,,,NO_TEMPORAL_DATA
25.409306,94.596417,LandslideGuard_Project_Master,,,,,,,,NO_TEMPORAL_DATA
25.407972,94.596917,LandslideGuard_Project_Master,,,,,,,,NO_TEMPORAL_DATA
25.410667,94.598361,LandslideGuard_Project_Master,,,,,,,,NO_TEMPORAL_DATA
25.410278,94.600389,LandslideGuard_Project_Master,,,,,,,,NO_TEMPORAL_DATA
25.409417,94.599722,LandslideGuard_Project_Master,,,,,,,,NO_TEMPORAL_DATA
25.409167,94.599278,LandslideGuard_Project_Master,,,,,,,,NO_TEMPORAL_DATA
25.400639,94.620639,LandslideGuard_Project_Master,,,,,,,,NO_TEMPORAL_DATA
25.553833,94.762389,LandslideGuard_Project_Master,,,,,,,,NO_TEMPORAL_DATA
25.554167,94.760944,LandslideGuard_Project_Master,,,,,,,,NO_TEMPORAL_DATA
25.555969,94.764325,LandslideGuard_Project_Master,,,,,,,,NO_TEMPORAL_DATA
25.566583,94.763722,LandslideGuard_Project_Master,,,,,,,,NO_TEMPORAL_DATA
25.589222,94.766083,LandslideGuard_Project_Master,,,,,,,,NO_TEMPORAL_DATA
25.5925,94.628472,LandslideGuard_Project_Master,,,,,,,,NO_TEMPORAL_DATA
25.507611,94.661028,LandslideGuard_Project_Master,,,,,,,,NO_TEMPORAL_DATA
25.502583,94.661194,LandslideGuard_Project_Master,,,,,,,,NO_TEMPORAL_DATA
25.502917,94.661194,LandslideGuard_Project_Master,,,,,,,,NO_TEMPORAL_DATA
25.505833,94.653806,LandslideGuard_Project_Master,,,,,,,,NO_TEMPORAL_DATA
25.515222,94.660694,LandslideGuard_Project_Master,,,,,,,,NO_TEMPORAL_DATA
25.562667,94.608,LandslideGuard_Project_Master,,,,,,,,NO_TEMPORAL_DATA
25.581333,94.627306,LandslideGuard_Project_Master,,,,,,,,NO_TEMPORAL_DATA
25.593472,94.596944,LandslideGuard_Project_Master,,,,,,,,NO_TEMPORAL_DATA
25.591833,94.595278,LandslideGuard_Project_Master,,,,,,,,NO_TEMPORAL_DATA
25.587167,94.514361,LandslideGuard_Project_Master,,,,,,,,NO_TEMPORAL_DATA
25.497078,94.553583,LandslideGuard_Project_Master,,,,,,,,NO_TEMPORAL_DATA
25.499542,94.552992,LandslideGuard_Project_Master,,,,,,,,NO_TEMPORAL_DATA
25.493694,94.555833,LandslideGuard_Project_Master,,,,,,,,NO_TEMPORAL_DATA
25.49625,94.554722,LandslideGuard_Project_Master,,,,,,,,NO_TEMPORAL_DATA
25.492333,94.555444,LandslideGuard_Project_Master,,,,,,,,NO_TEMPORAL_DATA
25.489611,94.553306,LandslideGuard_Project_Master,,,,,,,,NO_TEMPORAL_DATA
25.485861,94.544528,LandslideGuard_Project_Master,,,,,,,,NO_TEMPORAL_DATA
25.478194,94.535111,LandslideGuard_Project_Master,,,,,,,,NO_TEMPORAL_DATA
25.471806,94.543,LandslideGuard_Project_Master,,,,,,,,NO_TEMPORAL_DATA
25.466278,94.552528,LandslideGuard_Project_Master,,,,,,,,NO_TEMPORAL_DATA
25.466083,94.552889,LandslideGuard_Project_Master,,,,,,,,NO_TEMPORAL_DATA
25.467169,94.54755,LandslideGuard_Project_Master,,,,,,,,NO_TEMPORAL_DATA
25.466528,94.552028,LandslideGuard_Project_Master,,,,,,,,NO_TEMPORAL_DATA
25.467167,94.551528,LandslideGuard_Project_Master,,,,,,,,NO_TEMPORAL_DATA
25.467772,94.549483,LandslideGuard_Project_Master,,,,,,,,NO_TEMPORAL_DATA
25.468389,94.544917,LandslideGuard_Project_Master,,,,,,,,NO_TEMPORAL_DATA
25.468,94.545083,LandslideGuard_Project_Master,,,,,,,,NO_TEMPORAL_DATA
25.465167,94.543694,LandslideGuard_Project_Master,,,,,,,,NO_TEMPORAL_DATA
25.466611,94.537861,LandslideGuard_Project_Master,,,,,,,,NO_TEMPORAL_DATA
25.45475,94.552583,LandslideGuard_Project_Master,,,,,,,,NO_TEMPORAL_DATA
25.442278,94.563833,LandslideGuard_Project_Master,,,,,,,,NO_TEMPORAL_DATA
25.431361,94.560861,LandslideGuard_Project_Master,,,,,,,,NO_TEMPORAL_DATA
25.432833,94.575444,LandslideGuard_Project_Master,,,,,,,,NO_TEMPORAL_DATA
25.420722,94.577722,LandslideGuard_Project_Master,,,,,,,,NO_TEMPORAL_DATA
25.419639,94.578556,LandslideGuard_Project_Master,,,,,,,,NO_TEMPORAL_DATA
25.419,94.578639,LandslideGuard_Project_Master,,,,,,,,NO_TEMPORAL_DATA
25.418361,94.578528,LandslideGuard_Project_Master,,,,,,,,NO_TEMPORAL_DATA
25.416,94.579028,LandslideGuard_Project_Master,,,,,,,,NO_TEMPORAL_DATA
25.417167,94.578556,LandslideGuard_Project_Master,,,,,,,,NO_TEMPORAL_DATA
25.416778,94.577472,LandslideGuard_Project_Master,,,,,,,,NO_TEMPORAL_DATA
25.419444,94.5775,LandslideGuard_Project_Master,,,,,,,,NO_TEMPORAL_DATA
25.42025,94.578222,LandslideGuard_Project_Master,,,,,,,,NO_TEMPORAL_DATA
25.414028,94.58,LandslideGuard_Project_Master,,,,,,,,NO_TEMPORAL_DATA
25.410389,94.579361,LandslideGuard_Project_Master,,,,,,,,NO_TEMPORAL_DATA
25.415639,94.559361,LandslideGuard_Project_Master,,,,,,,,NO_TEMPORAL_DATA
25.415583,94.558778,LandslideGuard_Project_Master,,,,,,,,NO_TEMPORAL_DATA
25.397944,94.551083,LandslideGuard_Project_Master,,,,,,,,NO_TEMPORAL_DATA
25.39625,94.548444,LandslideGuard_Project_Master,,,,,,,,NO_TEMPORAL_DATA
25.410333,94.542028,LandslideGuard_Project_Master,,,,,,,,NO_TEMPORAL_DATA
25.413,94.541333,LandslideGuard_Project_Master,,,,,,,,NO_TEMPORAL_DATA
25.429639,94.556472,LandslideGuard_Project_Master,,,,,,,,NO_TEMPORAL_DATA
25.413086,94.526303,LandslideGuard_Project_Master,,,,,,,,NO_TEMPORAL_DATA
25.410694,94.500056,LandslideGuard_Project_Master,,,,,,,,NO_TEMPORAL_DATA
25.476722,94.534806,LandslideGuard_Project_Master,,,,,,,,NO_TEMPORAL_DATA
25.477056,94.534528,LandslideGuard_Project_Master,,,,,,,,NO_TEMPORAL_DATA
25.480722,94.532861,LandslideGuard_Project_Master,,,,,,,,NO_TEMPORAL_DATA
25.483694,94.530194,LandslideGuard_Project_Master,,,,,,,,NO_TEMPORAL_DATA
25.396222,94.450472,LandslideGuard_Project_Master,,,,,,,,NO_TEMPORAL_DATA
25.552,94.362,LandslideGuard_Project_Master,,,2010.0,,,2010.0,,YEAR_ONLY
25.552,94.36,LandslideGuard_Project_Master,,,2010.0,,,2010.0,,YEAR_ONLY
25.576,94.351,LandslideGuard_Project_Master,,,2010.0,,,2010.0,,YEAR_ONLY
25.58194,94.35,LandslideGuard_Project_Master,,,,,,,,NO_TEMPORAL_DATA
25.574,94.332,LandslideGuard_Project_Master,,,,,,,,NO_TEMPORAL_DATA
25.594,94.314,LandslideGuard_Project_Master,,,2015.0,,,2015.0,,YEAR_ONLY
25.598,94.31,LandslideGuard_Project_Master,,,,,,,,NO_TEMPORAL_DATA
25.543,94.357,LandslideGuard_Project_Master,,,2010.0,,,2010.0,,YEAR_ONLY
25.5,94.389,LandslideGuard_Project_Master,,,2012.0,,,2012.0,,YEAR_ONLY
25.536,94.236,LandslideGuard_Project_Master,,,,,,,,NO_TEMPORAL_DATA
25.53633,94.23894,LandslideGuard_Project_Master,,,,,,,,NO_TEMPORAL_DATA
25.546,94.274,LandslideGuard_Project_Master,,,2013.0,,,2013.0,,YEAR_ONLY
25.546,94.27,LandslideGuard_Project_Master,,,2014.0,,,2014.0,,YEAR_ONLY
25.566,94.26,LandslideGuard_Project_Master,,,,,,,,NO_TEMPORAL_DATA
25.566,94.258,LandslideGuard_Project_Master,,,,,,,,NO_TEMPORAL_DATA
25.549,94.286,LandslideGuard_Project_Master,,,2015.0,,,2015.0,,YEAR_ONLY
25.559,94.284,LandslideGuard_Project_Master,,,,,,,,NO_TEMPORAL_DATA
25.552,94.289,LandslideGuard_Project_Master,,,,,,,,NO_TEMPORAL_DATA
25.561,94.294,LandslideGuard_Project_Master,,,,,,,,NO_TEMPORAL_DATA
25.569,94.283,LandslideGuard_Project_Master,,,,,,,,NO_TEMPORAL_DATA
25.574,94.295,LandslideGuard_Project_Master,,,,,,,,NO_TEMPORAL_DATA
25.588,94.292,LandslideGuard_Project_Master,,,,,,,,NO_TEMPORAL_DATA
25.586,94.288,LandslideGuard_Project_Master,,,2013.0,,,2013.0,,YEAR_ONLY
25.571,94.253,LandslideGuard_Project_Master,,,2014.0,,,2014.0,,YEAR_ONLY
25.572,94.25,LandslideGuard_Project_Master,,,,,,,,NO_TEMPORAL_DATA
25.572,94.25,LandslideGuard_Project_Master,,,,,,,,NO_TEMPORAL_DATA
25.559,94.251,LandslideGuard_Project_Master,,,,,,,,NO_TEMPORAL_DATA
25.559,94.249,LandslideGuard_Project_Master,,,,,,,,NO_TEMPORAL_DATA
25.55408,94.23669,LandslideGuard_Project_Master,,,,,,,,NO_TEMPORAL_DATA
25.569,94.234,LandslideGuard_Project_Master,,,,,,,,NO_TEMPORAL_DATA
25.594,94.166,LandslideGuard_Project_Master,,,,,,,,NO_TEMPORAL_DATA
25.57086,94.17047,LandslideGuard_Project_Master,,,,,,,,NO_TEMPORAL_DATA
25.57244,94.17178,LandslideGuard_Project_Master,,,,,,,,NO_TEMPORAL_DATA
25.572,94.168,LandslideGuard_Project_Master,,,2013.0,,,2013.0,,YEAR_ONLY
25.571,94.166,LandslideGuard_Project_Master,,,2013.0,,,2013.0,,YEAR_ONLY
25.566,94.168,LandslideGuard_Project_Master,,,2013.0,,,2013.0,,YEAR_ONLY
25.563,94.165,LandslideGuard_Project_Master,,,2014.0,,,2014.0,,YEAR_ONLY
25.562,94.168,LandslideGuard_Project_Master,,,2013.0,,,2013.0,,YEAR_ONLY
25.56544,94.17208,LandslideGuard_Project_Master,,,,,,,,NO_TEMPORAL_DATA
25.548,94.188,LandslideGuard_Project_Master,,,,,,,,NO_TEMPORAL_DATA
25.54831,94.19192,LandslideGuard_Project_Master,,,,,,,,NO_TEMPORAL_DATA
25.53128,94.16536,LandslideGuard_Project_Master,,,,,,,,NO_TEMPORAL_DATA
25.54039,94.16989,LandslideGuard_Project_Master,,,,,,,,NO_TEMPORAL_DATA
25.525,94.146,LandslideGuard_Project_Master,,,,,,,,NO_TEMPORAL_DATA
25.52103,94.13783,LandslideGuard_Project_Master,,,,,,,,NO_TEMPORAL_DATA
25.521,94.134,LandslideGuard_Project_Master,,,,,,,,NO_TEMPORAL_DATA
25.514,94.137,LandslideGuard_Project_Master,,,2002.0,,,2002.0,,YEAR_ONLY
25.51378,94.14089,LandslideGuard_Project_Master,,,,,,,,NO_TEMPORAL_DATA
25.508,94.135,LandslideGuard_Project_Master,,,,,,,,NO_TEMPORAL_DATA
25.523,94.135,LandslideGuard_Project_Master,,,,,,,,NO_TEMPORAL_DATA
25.538,94.135,LandslideGuard_Project_Master,,,1940.0,,,1940.0,,YEAR_ONLY
25.565,94.138,LandslideGuard_Project_Master,,,,,,,,NO_TEMPORAL_DATA
25.565,94.138,LandslideGuard_Project_Master,,,,,,,,NO_TEMPORAL_DATA
25.563,94.14,LandslideGuard_Project_Master,,,,,,,,NO_TEMPORAL_DATA
25.56,94.151,LandslideGuard_Project_Master,,,,,,,,NO_TEMPORAL_DATA
25.56,94.153,LandslideGuard_Project_Master,,,,,,,,NO_TEMPORAL_DATA
25.554,94.148,LandslideGuard_Project_Master,,,2009.0,,,2009.0,,YEAR_ONLY
25.553,94.148,LandslideGuard_Project_Master,,,,,,,,NO_TEMPORAL_DATA
25.552,94.149,LandslideGuard_Project_Master,,,,,,,,NO_TEMPORAL_DATA
25.55697,94.15322,LandslideGuard_Project_Master,,,,,,,,NO_TEMPORAL_DATA
25.566,94.162,LandslideGuard_Project_Master,,,,,,,,NO_TEMPORAL_DATA
25.567,94.164,LandslideGuard_Project_Master,,,,,,,,NO_TEMPORAL_DATA
25.563,94.147,LandslideGuard_Project_Master,,,2009.0,,,2009.0,,YEAR_ONLY
25.56292,94.14544,LandslideGuard_Project_Master,,,,,,,,NO_TEMPORAL_DATA
25.561,94.143,LandslideGuard_Project_Master,,,,,,,,NO_TEMPORAL_DATA
25.585,94.137,LandslideGuard_Project_Master,,,,,,,,NO_TEMPORAL_DATA
25.582,94.141,LandslideGuard_Project_Master,,,,,,,,NO_TEMPORAL_DATA
25.448506,94.031956,LandslideGuard_Project_Master,,,,,,,,NO_TEMPORAL_DATA
25.447664,94.041483,LandslideGuard_Project_Master,,,,,,,,NO_TEMPORAL_DATA
25.453942,94.048881,LandslideGuard_Project_Master,,,,,,,,NO_TEMPORAL_DATA
25.450653,94.046667,LandslideGuard_Project_Master,,,,,,,,NO_TEMPORAL_DATA
25.446611,94.049511,LandslideGuard_Project_Master,,,2012.0,,,2012.0,,YEAR_ONLY
25.447378,94.049444,LandslideGuard_Project_Master,,,2015.0,,,2015.0,,YEAR_ONLY
25.451814,94.049944,LandslideGuard_Project_Master,,,2011.0,,,2011.0,,YEAR_ONLY
25.435444,94.061928,LandslideGuard_Project_Master,,,2014.0,,,2014.0,,YEAR_ONLY
25.4351,94.071111,LandslideGuard_Project_Master,,,2014.0,,,2014.0,,YEAR_ONLY
25.433231,94.070986,LandslideGuard_Project_Master,,,2014.0,,,2014.0,,YEAR_ONLY
25.421656,94.071,LandslideGuard_Project_Master,,,2015.0,,,2015.0,,YEAR_ONLY
25.421028,94.070472,LandslideGuard_Project_Master,,,2014.0,,,2014.0,,YEAR_ONLY
25.427231,94.048914,LandslideGuard_Project_Master,,,2015.0,,,2015.0,,YEAR_ONLY
25.42955,94.053333,LandslideGuard_Project_Master,,,2014.0,,,2014.0,,YEAR_ONLY
25.444322,94.046858,LandslideGuard_Project_Master,,,2015.0,,,2015.0,,YEAR_ONLY
25.440961,94.046264,LandslideGuard_Project_Master,,,2011.0,,,2011.0,,YEAR_ONLY
25.437203,94.042989,LandslideGuard_Project_Master,,,,,,,,NO_TEMPORAL_DATA
25.444722,94.0414,LandslideGuard_Project_Master,,,,,,,,NO_TEMPORAL_DATA
25.443264,94.0392,LandslideGuard_Project_Master,,,,,,,,NO_TEMPORAL_DATA
25.439367,94.025864,LandslideGuard_Project_Master,,,2015.0,,,2015.0,,YEAR_ONLY
25.428889,94.043861,LandslideGuard_Project_Master,,,2014.0,,,2014.0,,YEAR_ONLY
25.430853,94.043697,LandslideGuard_Project_Master,,,,,,,,NO_TEMPORAL_DATA
25.416389,94.067894,LandslideGuard_Project_Master,,,,,,,,NO_TEMPORAL_DATA
25.417653,94.084694,LandslideGuard_Project_Master,,,,,,,,NO_TEMPORAL_DATA
25.416483,94.079214,LandslideGuard_Project_Master,,,,,,,,NO_TEMPORAL_DATA
25.416419,94.077794,LandslideGuard_Project_Master,,,,,,,,NO_TEMPORAL_DATA
25.417778,94.077222,LandslideGuard_Project_Master,,,2015.0,,,2015.0,,YEAR_ONLY
25.421111,94.077,LandslideGuard_Project_Master,,,2015.0,,,2015.0,,YEAR_ONLY
25.429097,94.108439,LandslideGuard_Project_Master,,,,,,,,NO_TEMPORAL_DATA
25.454017,94.124572,LandslideGuard_Project_Master,,,,,,,,NO_TEMPORAL_DATA
25.452369,94.128022,LandslideGuard_Project_Master,,,,,,,,NO_TEMPORAL_DATA
25.450353,94.129017,LandslideGuard_Project_Master,,,,,,,,NO_TEMPORAL_DATA
25.47217,94.15433,LandslideGuard_Project_Master,,,,,,,,NO_TEMPORAL_DATA
25.346964,94.198264,LandslideGuard_Project_Master,,,,,,,,NO_TEMPORAL_DATA
25.344389,94.199722,LandslideGuard_Project_Master,,,2014.0,,,2014.0,,YEAR_ONLY
25.337428,94.184525,LandslideGuard_Project_Master,,,2014.0,,,2014.0,,YEAR_ONLY
25.335364,94.169247,LandslideGuard_Project_Master,,,2015.0,,,2015.0,,YEAR_ONLY
25.340433,94.166631,LandslideGuard_Project_Master,,,2015.0,,,2015.0,,YEAR_ONLY
25.339872,94.168736,LandslideGuard_Project_Master,,,2015.0,,,2015.0,,YEAR_ONLY
25.342472,94.161667,LandslideGuard_Project_Master,,,2015.0,,,2015.0,,YEAR_ONLY
25.340833,94.160528,LandslideGuard_Project_Master,,,2015.0,,,2015.0,,YEAR_ONLY
25.338556,94.158806,LandslideGuard_Project_Master,,,2015.0,,,2015.0,,YEAR_ONLY
25.346653,94.159475,LandslideGuard_Project_Master,,,,,,,,NO_TEMPORAL_DATA
25.379611,94.146667,LandslideGuard_Project_Master,,,2014.0,,,2014.0,,YEAR_ONLY
25.321019,94.067142,LandslideGuard_Project_Master,,,,,,,,NO_TEMPORAL_DATA
25.322717,94.067492,LandslideGuard_Project_Master,,,,,,,,NO_TEMPORAL_DATA
25.337239,94.039708,LandslideGuard_Project_Master,,,2015.0,,,2015.0,,YEAR_ONLY
25.297797,94.044722,LandslideGuard_Project_Master,,,2015.0,,,2015.0,,YEAR_ONLY
25.311458,94.058922,LandslideGuard_Project_Master,,,,,,,,NO_TEMPORAL_DATA
25.317878,94.069389,LandslideGuard_Project_Master,,,,,,,,NO_TEMPORAL_DATA
25.317628,94.070336,LandslideGuard_Project_Master,,,,,,,,NO_TEMPORAL_DATA
25.318628,94.092053,LandslideGuard_Project_Master,,,2015.0,,,2015.0,,YEAR_ONLY
25.318206,94.091428,LandslideGuard_Project_Master,,,2015.0,,,2015.0,,YEAR_ONLY
25.332489,94.080258,LandslideGuard_Project_Master,,,2014.0,,,2014.0,,YEAR_ONLY
25.334333,94.08275,LandslideGuard_Project_Master,,,,,,,,NO_TEMPORAL_DATA
25.322822,94.088994,LandslideGuard_Project_Master,,,,,,,,NO_TEMPORAL_DATA
25.324731,94.086558,LandslideGuard_Project_Master,,,,,,,,NO_TEMPORAL_DATA
25.265492,94.098872,LandslideGuard_Project_Master,,,2015.0,,,2015.0,,YEAR_ONLY
25.257919,94.091564,LandslideGuard_Project_Master,,,2015.0,,,2015.0,,YEAR_ONLY
25.262947,94.079353,LandslideGuard_Project_Master,,,2015.0,,,2015.0,,YEAR_ONLY
25.261617,94.079422,LandslideGuard_Project_Master,,,2015.0,,,2015.0,,YEAR_ONLY
25.289833,94.036647,LandslideGuard_Project_Master,,,2015.0,,,2015.0,,YEAR_ONLY
25.286369,94.036492,LandslideGuard_Project_Master,,,2015.0,,,2015.0,,YEAR_ONLY
25.279389,94.032194,LandslideGuard_Project_Master,,,2015.0,,,2015.0,,YEAR_ONLY
25.268942,94.044694,LandslideGuard_Project_Master,,,2015.0,,,2015.0,,YEAR_ONLY
25.268703,94.045883,LandslideGuard_Project_Master,,,,,,,,NO_TEMPORAL_DATA
25.269014,94.046367,LandslideGuard_Project_Master,,,,,,,,NO_TEMPORAL_DATA
25.268825,94.048439,LandslideGuard_Project_Master,,,,,,,,NO_TEMPORAL_DATA
25.268519,94.047614,LandslideGuard_Project_Master,,,,,,,,NO_TEMPORAL_DATA
25.259722,94.03715,LandslideGuard_Project_Master,,,,,,,,NO_TEMPORAL_DATA
25.264639,94.062167,LandslideGuard_Project_Master,,,,,,,,NO_TEMPORAL_DATA
25.265578,94.064836,LandslideGuard_Project_Master,,,2015.0,,,2015.0,,YEAR_ONLY
25.236142,94.101983,LandslideGuard_Project_Master,,,,,,,,NO_TEMPORAL_DATA
25.2375,94.113889,LandslideGuard_Project_Master,,,2015.0,,,2015.0,,YEAR_ONLY
25.240539,94.114492,LandslideGuard_Project_Master,,,2015.0,,,2015.0,,YEAR_ONLY
25.218022,94.107603,LandslideGuard_Project_Master,,,2015.0,,,2015.0,,YEAR_ONLY
25.198756,94.136078,LandslideGuard_Project_Master,,,,,,,,NO_TEMPORAL_DATA
25.200853,94.134506,LandslideGuard_Project_Master,,,2015.0,,,2015.0,,YEAR_ONLY
25.255931,94.1254,LandslideGuard_Project_Master,,,,,,,,NO_TEMPORAL_DATA
25.346747,94.215264,LandslideGuard_Project_Master,,,,,,,,NO_TEMPORAL_DATA
25.350764,94.222161,LandslideGuard_Project_Master,,,2015.0,,,2015.0,,YEAR_ONLY
25.350061,94.220711,LandslideGuard_Project_Master,,,2015.0,,,2015.0,,YEAR_ONLY
25.351311,94.222514,LandslideGuard_Project_Master,,,2015.0,,,2015.0,,YEAR_ONLY
25.363278,94.228389,LandslideGuard_Project_Master,,,2015.0,,,2015.0,,YEAR_ONLY
25.379878,94.214606,LandslideGuard_Project_Master,,,2015.0,,,2015.0,,YEAR_ONLY
25.381389,94.279306,LandslideGuard_Project_Master,,,,,,,,NO_TEMPORAL_DATA
25.392444,94.29875,LandslideGuard_Project_Master,,,,,,,,NO_TEMPORAL_DATA
25.34725,94.334444,LandslideGuard_Project_Master,,,,,,,,NO_TEMPORAL_DATA
25.289444,94.309472,LandslideGuard_Project_Master,,,,,,,,NO_TEMPORAL_DATA
25.166833,94.354889,LandslideGuard_Project_Master,,,,,,,,NO_TEMPORAL_DATA
25.16525,94.354611,LandslideGuard_Project_Master,,,,,,,,NO_TEMPORAL_DATA
25.090556,94.387389,LandslideGuard_Project_Master,,,,,,,,NO_TEMPORAL_DATA
25.095611,94.384778,LandslideGuard_Project_Master,,,,,,,,NO_TEMPORAL_DATA
25.098667,94.390222,LandslideGuard_Project_Master,,,,,,,,NO_TEMPORAL_DATA
25.095972,94.375944,LandslideGuard_Project_Master,,,,,,,,NO_TEMPORAL_DATA
25.092111,94.370444,LandslideGuard_Project_Master,,,,,,,,NO_TEMPORAL_DATA
25.114444,94.354694,LandslideGuard_Project_Master,,,,,,,,NO_TEMPORAL_DATA
25.113278,94.352722,LandslideGuard_Project_Master,,,,,,,,NO_TEMPORAL_DATA
25.116778,94.353917,LandslideGuard_Project_Master,,,,,,,,NO_TEMPORAL_DATA
25.116333,94.356833,LandslideGuard_Project_Master,,,,,,,,NO_TEMPORAL_DATA
25.131917,94.338583,LandslideGuard_Project_Master,,,,,,,,NO_TEMPORAL_DATA
25.127556,94.338583,LandslideGuard_Project_Master,,,,,,,,NO_TEMPORAL_DATA
25.128222,94.321722,LandslideGuard_Project_Master,,,,,,,,NO_TEMPORAL_DATA
25.131889,94.322667,LandslideGuard_Project_Master,,,,,,,,NO_TEMPORAL_DATA
25.151917,94.312167,LandslideGuard_Project_Master,,,,,,,,NO_TEMPORAL_DATA
25.145583,94.320444,LandslideGuard_Project_Master,,,,,,,,NO_TEMPORAL_DATA
25.14275,94.320139,LandslideGuard_Project_Master,,,,,,,,NO_TEMPORAL_DATA
25.172194,94.3485,LandslideGuard_Project_Master,,,,,,,,NO_TEMPORAL_DATA
25.172806,94.347694,LandslideGuard_Project_Master,,,,,,,,NO_TEMPORAL_DATA
25.174667,94.347306,LandslideGuard_Project_Master,,,,,,,,NO_TEMPORAL_DATA
25.181639,94.342667,LandslideGuard_Project_Master,,,,,,,,NO_TEMPORAL_DATA
25.186167,94.342889,LandslideGuard_Project_Master,,,,,,,,NO_TEMPORAL_DATA
25.181583,94.304444,LandslideGuard_Project_Master,,,,,,,,NO_TEMPORAL_DATA
25.185167,94.308972,LandslideGuard_Project_Master,,,,,,,,NO_TEMPORAL_DATA
25.168528,94.288333,LandslideGuard_Project_Master,,,,,,,,NO_TEMPORAL_DATA
25.167528,94.294861,LandslideGuard_Project_Master,,,,,,,,NO_TEMPORAL_DATA
25.176639,94.297361,LandslideGuard_Project_Master,,,,,,,,NO_TEMPORAL_DATA
25.079667,94.296361,LandslideGuard_Project_Master,,,,,,,,NO_TEMPORAL_DATA
25.079944,94.294667,LandslideGuard_Project_Master,,,,,,,,NO_TEMPORAL_DATA
25.079806,94.294111,LandslideGuard_Project_Master,,,,,,,,NO_TEMPORAL_DATA
25.044111,94.233778,LandslideGuard_Project_Master,,,2015.0,,,2015.0,,YEAR_ONLY
25.042333,94.241111,LandslideGuard_Project_Master,,,2015.0,,,2015.0,,YEAR_ONLY
24.992889,94.230583,LandslideGuard_Project_Master,,,,,,,,NO_TEMPORAL_DATA
24.989944,94.233611,LandslideGuard_Project_Master,,,,,,,,NO_TEMPORAL_DATA
24.991444,94.2345,LandslideGuard_Project_Master,,,,,,,,NO_TEMPORAL_DATA
25.010139,94.317306,LandslideGuard_Project_Master,,,,,,,,NO_TEMPORAL_DATA
25.002611,94.330278,LandslideGuard_Project_Master,,,,,,,,NO_TEMPORAL_DATA
25.019139,94.332472,LandslideGuard_Project_Master,,,,,,,,NO_TEMPORAL_DATA
25.034611,94.31925,LandslideGuard_Project_Master,,,,,,,,NO_TEMPORAL_DATA
25.027528,94.316806,LandslideGuard_Project_Master,,,,,,,,NO_TEMPORAL_DATA
25.063972,94.336,LandslideGuard_Project_Master,,,,,,,,NO_TEMPORAL_DATA
25.048417,94.332389,LandslideGuard_Project_Master,,,,,,,,NO_TEMPORAL_DATA
25.077417,94.352444,LandslideGuard_Project_Master,,,,,,,,NO_TEMPORAL_DATA
24.9252,94.3371,LandslideGuard_Project_Master,,,,,,,,NO_TEMPORAL_DATA
24.925194,94.337056,LandslideGuard_Project_Master,,,,,,,,NO_TEMPORAL_DATA
24.910619,94.321092,LandslideGuard_Project_Master,,,,,,,,NO_TEMPORAL_DATA
24.909542,94.316778,LandslideGuard_Project_Master,,,,,,,,NO_TEMPORAL_DATA
24.889031,94.306125,LandslideGuard_Project_Master,,,,,,,,NO_TEMPORAL_DATA
24.890806,94.319308,LandslideGuard_Project_Master,,,,,,,,NO_TEMPORAL_DATA
24.894359,94.320541,LandslideGuard_Project_Master,,,,,,,,NO_TEMPORAL_DATA
24.894944,94.323111,LandslideGuard_Project_Master,,,,,,,,NO_TEMPORAL_DATA
24.897722,94.328472,LandslideGuard_Project_Master,,,,,,,,NO_TEMPORAL_DATA
24.898438,94.328686,LandslideGuard_Project_Master,,,,,,,,NO_TEMPORAL_DATA
24.908778,94.333417,LandslideGuard_Project_Master,,,,,,,,NO_TEMPORAL_DATA
24.908389,94.335056,LandslideGuard_Project_Master,,,,,,,,NO_TEMPORAL_DATA
24.90725,94.335333,LandslideGuard_Project_Master,,,,,,,,NO_TEMPORAL_DATA
24.901444,94.338306,LandslideGuard_Project_Master,,,,,,,,NO_TEMPORAL_DATA
24.901194,94.342444,LandslideGuard_Project_Master,,,,,,,,NO_TEMPORAL_DATA
24.901861,94.341944,LandslideGuard_Project_Master,,,,,,,,NO_TEMPORAL_DATA
24.852222,94.369333,LandslideGuard_Project_Master,,,,,,,,NO_TEMPORAL_DATA
24.853139,94.369875,LandslideGuard_Project_Master,,,,,,,,NO_TEMPORAL_DATA
24.851806,94.366083,LandslideGuard_Project_Master,,,,,,,,NO_TEMPORAL_DATA
24.852,94.366303,LandslideGuard_Project_Master,,,,,,,,NO_TEMPORAL_DATA
24.849667,94.365306,LandslideGuard_Project_Master,,,,,,,,NO_TEMPORAL_DATA
24.851194,94.361722,LandslideGuard_Project_Master,,,,,,,,NO_TEMPORAL_DATA
24.8415,94.361167,LandslideGuard_Project_Master,,,,,,,,NO_TEMPORAL_DATA
24.842778,94.357583,LandslideGuard_Project_Master,,,,,,,,NO_TEMPORAL_DATA
24.847417,94.358028,LandslideGuard_Project_Master,,,,,,,,NO_TEMPORAL_DATA
24.847611,94.357889,LandslideGuard_Project_Master,,,,,,,,NO_TEMPORAL_DATA
24.836588,94.354848,LandslideGuard_Project_Master,,,,,,,,NO_TEMPORAL_DATA
24.839028,94.357083,LandslideGuard_Project_Master,,,,,,,,NO_TEMPORAL_DATA
24.8385,94.357083,LandslideGuard_Project_Master,,,,,,,,NO_TEMPORAL_DATA
24.838167,94.357139,LandslideGuard_Project_Master,,,,,,,,NO_TEMPORAL_DATA
24.834921,94.365211,LandslideGuard_Project_Master,,,,,,,,NO_TEMPORAL_DATA
24.83636,94.37622,LandslideGuard_Project_Master,,,,,,,,NO_TEMPORAL_DATA
24.806278,94.377056,LandslideGuard_Project_Master,,,,,,,,NO_TEMPORAL_DATA
24.808874,94.368466,LandslideGuard_Project_Master,,,,,,,,NO_TEMPORAL_DATA
24.819694,94.352611,LandslideGuard_Project_Master,,,,,,,,NO_TEMPORAL_DATA
24.820222,94.352889,LandslideGuard_Project_Master,,,,,,,,NO_TEMPORAL_DATA
24.818713,94.355182,LandslideGuard_Project_Master,,,,,,,,NO_TEMPORAL_DATA
24.812017,94.356051,LandslideGuard_Project_Master,,,,,,,,NO_TEMPORAL_DATA
24.811301,94.355581,LandslideGuard_Project_Master,,,,,,,,NO_TEMPORAL_DATA
24.830202,94.357821,LandslideGuard_Project_Master,,,,,,,,NO_TEMPORAL_DATA
24.823296,94.358767,LandslideGuard_Project_Master,,,,,,,,NO_TEMPORAL_DATA
24.834083,94.353028,LandslideGuard_Project_Master,,,,,,,,NO_TEMPORAL_DATA
24.833278,94.349639,LandslideGuard_Project_Master,,,,,,,,NO_TEMPORAL_DATA
24.833889,94.346417,LandslideGuard_Project_Master,,,,,,,,NO_TEMPORAL_DATA
24.825889,94.348861,LandslideGuard_Project_Master,,,,,,,,NO_TEMPORAL_DATA
24.83125,94.339194,LandslideGuard_Project_Master,,,,,,,,NO_TEMPORAL_DATA
24.831859,94.335718,LandslideGuard_Project_Master,,,,,,,,NO_TEMPORAL_DATA
24.831028,94.334833,LandslideGuard_Project_Master,,,,,,,,NO_TEMPORAL_DATA
24.831167,94.334111,LandslideGuard_Project_Master,,,,,,,,NO_TEMPORAL_DATA
24.832817,94.330448,LandslideGuard_Project_Master,,,,,,,,NO_TEMPORAL_DATA
24.831526,94.32757,LandslideGuard_Project_Master,,,,,,,,NO_TEMPORAL_DATA
24.805342,94.322356,LandslideGuard_Project_Master,,,,,,,,NO_TEMPORAL_DATA
24.814386,94.32344,LandslideGuard_Project_Master,,,,,,,,NO_TEMPORAL_DATA
24.824278,94.322472,LandslideGuard_Project_Master,,,,,,,,NO_TEMPORAL_DATA
24.823283,94.322722,LandslideGuard_Project_Master,,,,,,,,NO_TEMPORAL_DATA
24.847436,94.325861,LandslideGuard_Project_Master,,,,,,,,NO_TEMPORAL_DATA
24.846167,94.323778,LandslideGuard_Project_Master,,,,,,,,NO_TEMPORAL_DATA
24.842538,94.325233,LandslideGuard_Project_Master,,,,,,,,NO_TEMPORAL_DATA
24.837576,94.337593,LandslideGuard_Project_Master,,,,,,,,NO_TEMPORAL_DATA
24.835145,94.340419,LandslideGuard_Project_Master,,,,,,,,NO_TEMPORAL_DATA
24.883132,94.31281,LandslideGuard_Project_Master,,,,,,,,NO_TEMPORAL_DATA
24.8852,94.313301,LandslideGuard_Project_Master,,,,,,,,NO_TEMPORAL_DATA
24.833889,94.220167,LandslideGuard_Project_Master,,,,,,,,NO_TEMPORAL_DATA
24.858778,94.233139,LandslideGuard_Project_Master,,,,,,,,NO_TEMPORAL_DATA
24.839306,94.22575,LandslideGuard_Project_Master,,,,,,,,NO_TEMPORAL_DATA
24.839722,94.224944,LandslideGuard_Project_Master,,,,,,,,NO_TEMPORAL_DATA
24.869028,94.234611,LandslideGuard_Project_Master,,,,,,,,NO_TEMPORAL_DATA
24.871528,94.234056,LandslideGuard_Project_Master,,,,,,,,NO_TEMPORAL_DATA
24.8745,94.235833,LandslideGuard_Project_Master,,,,,,,,NO_TEMPORAL_DATA
24.931167,94.227111,LandslideGuard_Project_Master,,,,,,,,NO_TEMPORAL_DATA
24.931333,94.228917,LandslideGuard_Project_Master,,,,,,,,NO_TEMPORAL_DATA
24.913611,94.242028,LandslideGuard_Project_Master,,,,,,,,NO_TEMPORAL_DATA
24.914778,94.242583,LandslideGuard_Project_Master,,,,,,,,NO_TEMPORAL_DATA
24.911194,94.242111,LandslideGuard_Project_Master,,,,,,,,NO_TEMPORAL_DATA
24.895806,94.243944,LandslideGuard_Project_Master,,,,,,,,NO_TEMPORAL_DATA
24.895,94.242972,LandslideGuard_Project_Master,,,,,,,,NO_TEMPORAL_DATA
24.892028,94.238389,LandslideGuard_Project_Master,,,,,,,,NO_TEMPORAL_DATA
24.94125,94.220861,LandslideGuard_Project_Master,,,,,,,,NO_TEMPORAL_DATA
24.940333,94.202556,LandslideGuard_Project_Master,,,,,,,,NO_TEMPORAL_DATA
24.940944,94.201889,LandslideGuard_Project_Master,,,,,,,,NO_TEMPORAL_DATA
24.946944,94.191194,LandslideGuard_Project_Master,,,,,,,,NO_TEMPORAL_DATA
24.9475,94.188889,LandslideGuard_Project_Master,,,,,,,,NO_TEMPORAL_DATA
24.947972,94.187972,LandslideGuard_Project_Master,,,,,,,,NO_TEMPORAL_DATA
24.950583,94.177778,LandslideGuard_Project_Master,,,,,,,,NO_TEMPORAL_DATA
24.951444,94.179278,LandslideGuard_Project_Master,,,,,,,,NO_TEMPORAL_DATA
24.950583,94.186028,LandslideGuard_Project_Master,,,,,,,,NO_TEMPORAL_DATA
24.93875,94.181861,LandslideGuard_Project_Master,,,,,,,,NO_TEMPORAL_DATA
24.969056,94.173528,LandslideGuard_Project_Master,,,,,,,,NO_TEMPORAL_DATA
24.982917,94.162639,LandslideGuard_Project_Master,,,,,,,,NO_TEMPORAL_DATA
24.983722,94.158306,LandslideGuard_Project_Master,,,,,,,,NO_TEMPORAL_DATA
24.983528,94.158333,LandslideGuard_Project_Master,,,,,,,,NO_TEMPORAL_DATA
24.9755,94.155,LandslideGuard_Project_Master,,,,,,,,NO_TEMPORAL_DATA
24.940972,94.151528,LandslideGuard_Project_Master,,,,,,,,NO_TEMPORAL_DATA
24.940611,94.1515,LandslideGuard_Project_Master,,,,,,,,NO_TEMPORAL_DATA
24.955167,94.157778,LandslideGuard_Project_Master,,,,,,,,NO_TEMPORAL_DATA
24.956472,94.155694,LandslideGuard_Project_Master,,,,,,,,NO_TEMPORAL_DATA
24.955972,94.157889,LandslideGuard_Project_Master,,,,,,,,NO_TEMPORAL_DATA
24.957833,94.162444,LandslideGuard_Project_Master,,,,,,,,NO_TEMPORAL_DATA
24.949167,94.155389,LandslideGuard_Project_Master,,,,,,,,NO_TEMPORAL_DATA
24.948444,94.1555,LandslideGuard_Project_Master,,,,,,,,NO_TEMPORAL_DATA
24.946889,94.155111,LandslideGuard_Project_Master,,,,,,,,NO_TEMPORAL_DATA
24.936361,94.160028,LandslideGuard_Project_Master,,,,,,,,NO_TEMPORAL_DATA
24.930278,94.149361,LandslideGuard_Project_Master,,,,,,,,NO_TEMPORAL_DATA
24.930944,94.151639,LandslideGuard_Project_Master,,,,,,,,NO_TEMPORAL_DATA
24.934833,94.184944,LandslideGuard_Project_Master,,,,,,,,NO_TEMPORAL_DATA
24.82058,94.137,LandslideGuard_Project_Master,,,,,,,,NO_TEMPORAL_DATA
24.833944,94.08125,LandslideGuard_Project_Master,,,,,,,,NO_TEMPORAL_DATA
25.086525,94.078197,LandslideGuard_Project_Master,,,2015.0,,,2015.0,,YEAR_ONLY
25.085833,94.107222,LandslideGuard_Project_Master,,,2015.0,,,2015.0,,YEAR_ONLY
25.080161,94.114939,LandslideGuard_Project_Master,,,2014.0,,,2014.0,,YEAR_ONLY
24.994278,94.205917,LandslideGuard_Project_Master,,,,,,,,NO_TEMPORAL_DATA
25.038753,94.152236,LandslideGuard_Project_Master,,,2015.0,,,2015.0,,YEAR_ONLY
25.173056,94.136261,LandslideGuard_Project_Master,,,2015.0,,,2015.0,,YEAR_ONLY
25.188578,94.139278,LandslideGuard_Project_Master,,,2015.0,,,2015.0,,YEAR_ONLY
25.13109,93.97215,LandslideGuard_Project_Master,,,2017.0,,,2017.0,,YEAR_ONLY
25.146306,93.942167,LandslideGuard_Project_Master,,,,,,,,NO_TEMPORAL_DATA
25.146528,93.941722,LandslideGuard_Project_Master,,,,,,,,NO_TEMPORAL_DATA
25.126361,93.901333,LandslideGuard_Project_Master,,,,,,,,NO_TEMPORAL_DATA
25.124639,93.92575,LandslideGuard_Project_Master,,,,,,,,NO_TEMPORAL_DATA
25.028456,94.015522,LandslideGuard_Project_Master,,,2014.0,,,2014.0,,YEAR_ONLY
25.016375,94.021711,LandslideGuard_Project_Master,,,2015.0,,,2015.0,,YEAR_ONLY
24.996444,94.021444,LandslideGuard_Project_Master,,,,,,,,NO_TEMPORAL_DATA
24.997972,94.020444,LandslideGuard_Project_Master,,,,,,,,NO_TEMPORAL_DATA
24.940583,94.008889,LandslideGuard_Project_Master,,,,,,,,NO_TEMPORAL_DATA
24.940611,94.009083,LandslideGuard_Project_Master,,,,,,,,NO_TEMPORAL_DATA
24.9179,94.0,LandslideGuard_Project_Master,,,,,,,,NO_TEMPORAL_DATA
24.84,93.9,LandslideGuard_Project_Master,,,,,,,,NO_TEMPORAL_DATA
24.84,93.91,LandslideGuard_Project_Master,,,2017.0,,,2017.0,,YEAR_ONLY
24.82,93.89,LandslideGuard_Project_Master,,,,,,,,NO_TEMPORAL_DATA
24.83,93.9,LandslideGuard_Project_Master,,,2014.0,,,2014.0,,YEAR_ONLY
24.83,93.88,LandslideGuard_Project_Master,,,,,,,,NO_TEMPORAL_DATA
24.927139,93.789333,LandslideGuard_Project_Master,,,,,,,,NO_TEMPORAL_DATA
24.930056,93.797167,LandslideGuard_Project_Master,,,,,,,,NO_TEMPORAL_DATA
24.784556,93.777972,LandslideGuard_Project_Master,,,,,,,,NO_TEMPORAL_DATA
24.7895,93.774222,LandslideGuard_Project_Master,,,,,,,,NO_TEMPORAL_DATA
24.788639,93.772167,LandslideGuard_Project_Master,,,,,,,,NO_TEMPORAL_DATA
24.864833,93.772583,LandslideGuard_Project_Master,,,,,,,,NO_TEMPORAL_DATA
24.871694,93.776861,LandslideGuard_Project_Master,,,,,,,,NO_TEMPORAL_DATA
24.866972,93.7745,LandslideGuard_Project_Master,,,,,,,,NO_TEMPORAL_DATA
24.869889,93.779444,LandslideGuard_Project_Master,,,,,,,,NO_TEMPORAL_DATA
24.871861,93.778111,LandslideGuard_Project_Master,,,,,,,,NO_TEMPORAL_DATA
24.872917,93.779167,LandslideGuard_Project_Master,,,,,,,,NO_TEMPORAL_DATA
24.871361,93.778667,LandslideGuard_Project_Master,,,,,,,,NO_TEMPORAL_DATA
24.809917,93.736111,LandslideGuard_Project_Master,,,,,,,,NO_TEMPORAL_DATA
24.815833,93.740194,LandslideGuard_Project_Master,,,,,,,,NO_TEMPORAL_DATA
24.797278,93.737778,LandslideGuard_Project_Master,,,,,,,,NO_TEMPORAL_DATA
24.796944,93.737583,LandslideGuard_Project_Master,,,,,,,,NO_TEMPORAL_DATA
24.785889,93.736861,LandslideGuard_Project_Master,,,,,,,,NO_TEMPORAL_DATA
24.796319,93.737025,LandslideGuard_Project_Master,,,,,,,,NO_TEMPORAL_DATA
24.7955,93.736056,LandslideGuard_Project_Master,,,,,,,,NO_TEMPORAL_DATA
24.791306,93.735667,LandslideGuard_Project_Master,,,,,,,,NO_TEMPORAL_DATA
24.791389,93.735417,LandslideGuard_Project_Master,,,,,,,,NO_TEMPORAL_DATA
24.798,93.736,LandslideGuard_Project_Master,,,,,,,,NO_TEMPORAL_DATA
24.798028,93.735972,LandslideGuard_Project_Master,,,,,,,,NO_TEMPORAL_DATA
24.801681,93.736408,LandslideGuard_Project_Master,,,,,,,,NO_TEMPORAL_DATA
24.80425,93.732861,LandslideGuard_Project_Master,,,,,,,,NO_TEMPORAL_DATA
24.806064,93.735478,LandslideGuard_Project_Master,,,,,,,,NO_TEMPORAL_DATA
24.808639,93.735722,LandslideGuard_Project_Master,,,,,,,,NO_TEMPORAL_DATA
24.808611,93.729078,LandslideGuard_Project_Master,,,,,,,,NO_TEMPORAL_DATA
24.798042,93.722439,LandslideGuard_Project_Master,,,,,,,,NO_TEMPORAL_DATA
24.79825,93.724083,LandslideGuard_Project_Master,,,,,,,,NO_TEMPORAL_DATA
24.800778,93.702611,LandslideGuard_Project_Master,,,,,,,,NO_TEMPORAL_DATA
24.799689,93.706336,LandslideGuard_Project_Master,,,,,,,,NO_TEMPORAL_DATA
24.829225,93.720472,LandslideGuard_Project_Master,,,,,,,,NO_TEMPORAL_DATA
24.834386,93.715025,LandslideGuard_Project_Master,,,,,,,,NO_TEMPORAL_DATA
24.822953,93.710756,LandslideGuard_Project_Master,,,,,,,,NO_TEMPORAL_DATA
24.818936,93.688939,LandslideGuard_Project_Master,,,,,,,,NO_TEMPORAL_DATA
24.817939,93.688678,LandslideGuard_Project_Master,,,,,,,,NO_TEMPORAL_DATA
24.815617,93.686672,LandslideGuard_Project_Master,,,,,,,,NO_TEMPORAL_DATA
24.800125,93.700025,LandslideGuard_Project_Master,,,,,,,,NO_TEMPORAL_DATA
24.802417,93.699175,LandslideGuard_Project_Master,,,,,,,,NO_TEMPORAL_DATA
24.78725,93.696694,LandslideGuard_Project_Master,,,,,,,,NO_TEMPORAL_DATA
24.800556,93.674222,LandslideGuard_Project_Master,,,,,,,,NO_TEMPORAL_DATA
24.787667,93.666667,LandslideGuard_Project_Master,,,,,,,,NO_TEMPORAL_DATA
24.784611,93.659528,LandslideGuard_Project_Master,,,,,,,,NO_TEMPORAL_DATA
24.792333,93.658222,LandslideGuard_Project_Master,,,,,,,,NO_TEMPORAL_DATA
24.790386,93.657044,LandslideGuard_Project_Master,,,,,,,,NO_TEMPORAL_DATA
24.794722,93.655778,LandslideGuard_Project_Master,,,,,,,,NO_TEMPORAL_DATA
24.804586,93.655719,LandslideGuard_Project_Master,,,,,,,,NO_TEMPORAL_DATA
24.890167,93.707572,LandslideGuard_Project_Master,,,,,,,,NO_TEMPORAL_DATA
24.943778,93.706472,LandslideGuard_Project_Master,,,,,,,,NO_TEMPORAL_DATA
24.965053,93.731514,LandslideGuard_Project_Master,,,,,,,,NO_TEMPORAL_DATA
24.974128,93.666128,LandslideGuard_Project_Master,,,,,,,,NO_TEMPORAL_DATA
24.987986,93.671258,LandslideGuard_Project_Master,,,,,,,,NO_TEMPORAL_DATA
25.110417,93.791806,LandslideGuard_Project_Master,,,,,,,,NO_TEMPORAL_DATA
25.167917,93.749083,LandslideGuard_Project_Master,,,,,,,,NO_TEMPORAL_DATA
25.168028,93.748972,LandslideGuard_Project_Master,,,,,,,,NO_TEMPORAL_DATA
25.167806,93.749222,LandslideGuard_Project_Master,,,,,,,,NO_TEMPORAL_DATA
25.16875,93.742306,LandslideGuard_Project_Master,,,,,,,,NO_TEMPORAL_DATA
25.168806,93.742111,LandslideGuard_Project_Master,,,,,,,,NO_TEMPORAL_DATA
25.169028,93.741083,LandslideGuard_Project_Master,,,,,,,,NO_TEMPORAL_DATA
25.169,93.74075,LandslideGuard_Project_Master,,,,,,,,NO_TEMPORAL_DATA
25.168928,93.739886,LandslideGuard_Project_Master,,,,,,,,NO_TEMPORAL_DATA
25.167444,93.735472,LandslideGuard_Project_Master,,,,,,,,NO_TEMPORAL_DATA
25.15775,93.72275,LandslideGuard_Project_Master,,,,,,,,NO_TEMPORAL_DATA
25.156722,93.723889,LandslideGuard_Project_Master,,,,,,,,NO_TEMPORAL_DATA
25.159386,93.720417,LandslideGuard_Project_Master,,,,,,,,NO_TEMPORAL_DATA
25.158828,93.720131,LandslideGuard_Project_Master,,,,,,,,NO_TEMPORAL_DATA
25.162583,93.703972,LandslideGuard_Project_Master,,,,,,,,NO_TEMPORAL_DATA
25.160583,93.7055,LandslideGuard_Project_Master,,,,,,,,NO_TEMPORAL_DATA
25.159778,93.7065,LandslideGuard_Project_Master,,,,,,,,NO_TEMPORAL_DATA
25.156833,93.703222,LandslideGuard_Project_Master,,,,,,,,NO_TEMPORAL_DATA
25.159,93.712056,LandslideGuard_Project_Master,,,,,,,,NO_TEMPORAL_DATA
25.154917,93.711278,LandslideGuard_Project_Master,,,,,,,,NO_TEMPORAL_DATA
25.153472,93.712444,LandslideGuard_Project_Master,,,,,,,,NO_TEMPORAL_DATA
25.152389,93.712833,LandslideGuard_Project_Master,,,,,,,,NO_TEMPORAL_DATA
25.152167,93.713083,LandslideGuard_Project_Master,,,,,,,,NO_TEMPORAL_DATA
25.161667,93.730361,LandslideGuard_Project_Master,,,,,,,,NO_TEMPORAL_DATA
25.161861,93.729917,LandslideGuard_Project_Master,,,,,,,,NO_TEMPORAL_DATA
25.161361,93.732333,LandslideGuard_Project_Master,,,,,,,,NO_TEMPORAL_DATA
25.162028,93.733306,LandslideGuard_Project_Master,,,,,,,,NO_TEMPORAL_DATA
25.161694,93.731306,LandslideGuard_Project_Master,,,,,,,,NO_TEMPORAL_DATA
25.164222,93.736361,LandslideGuard_Project_Master,,,,,,,,NO_TEMPORAL_DATA
25.163917,93.73625,LandslideGuard_Project_Master,,,,,,,,NO_TEMPORAL_DATA
25.163528,93.736222,LandslideGuard_Project_Master,,,,,,,,NO_TEMPORAL_DATA
25.163167,93.735556,LandslideGuard_Project_Master,,,,,,,,NO_TEMPORAL_DATA
25.123361,93.656306,LandslideGuard_Project_Master,,,,,,,,NO_TEMPORAL_DATA
25.124917,93.657333,LandslideGuard_Project_Master,,,,,,,,NO_TEMPORAL_DATA
25.136222,93.667639,LandslideGuard_Project_Master,,,,,,,,NO_TEMPORAL_DATA
25.135861,93.6675,LandslideGuard_Project_Master,,,,,,,,NO_TEMPORAL_DATA
25.138306,93.669028,LandslideGuard_Project_Master,,,,,,,,NO_TEMPORAL_DATA
25.139167,93.669444,LandslideGuard_Project_Master,,,,,,,,NO_TEMPORAL_DATA
25.139639,93.669639,LandslideGuard_Project_Master,,,,,,,,NO_TEMPORAL_DATA
25.135333,93.667,LandslideGuard_Project_Master,,,,,,,,NO_TEMPORAL_DATA
25.134944,93.666667,LandslideGuard_Project_Master,,,,,,,,NO_TEMPORAL_DATA
25.1345,93.666417,LandslideGuard_Project_Master,,,,,,,,NO_TEMPORAL_DATA
25.130722,93.663583,LandslideGuard_Project_Master,,,,,,,,NO_TEMPORAL_DATA
25.129639,93.661806,LandslideGuard_Project_Master,,,,,,,,NO_TEMPORAL_DATA
25.130361,93.6625,LandslideGuard_Project_Master,,,,,,,,NO_TEMPORAL_DATA
25.155611,93.676639,LandslideGuard_Project_Master,,,,,,,,NO_TEMPORAL_DATA
25.155861,93.677306,LandslideGuard_Project_Master,,,,,,,,NO_TEMPORAL_DATA
25.152472,93.673667,LandslideGuard_Project_Master,,,,,,,,NO_TEMPORAL_DATA
25.152361,93.67325,LandslideGuard_Project_Master,,,,,,,,NO_TEMPORAL_DATA
25.151417,93.672833,LandslideGuard_Project_Master,,,,,,,,NO_TEMPORAL_DATA
25.14625,93.671194,LandslideGuard_Project_Master,,,,,,,,NO_TEMPORAL_DATA
25.159028,93.699833,LandslideGuard_Project_Master,,,,,,,,NO_TEMPORAL_DATA
25.163722,93.700556,LandslideGuard_Project_Master,,,,,,,,NO_TEMPORAL_DATA
25.165833,93.699611,LandslideGuard_Project_Master,,,,,,,,NO_TEMPORAL_DATA
25.165222,93.697722,LandslideGuard_Project_Master,,,,,,,,NO_TEMPORAL_DATA
25.16485,93.697303,LandslideGuard_Project_Master,,,,,,,,NO_TEMPORAL_DATA
25.164847,93.696828,LandslideGuard_Project_Master,,,,,,,,NO_TEMPORAL_DATA
25.165472,93.695528,LandslideGuard_Project_Master,,,,,,,,NO_TEMPORAL_DATA
25.165222,93.69575,LandslideGuard_Project_Master,,,,,,,,NO_TEMPORAL_DATA
25.164472,93.693944,LandslideGuard_Project_Master,,,,,,,,NO_TEMPORAL_DATA
25.162306,93.691111,LandslideGuard_Project_Master,,,,,,,,NO_TEMPORAL_DATA
25.164278,93.691361,LandslideGuard_Project_Master,,,,,,,,NO_TEMPORAL_DATA
25.163333,93.691194,LandslideGuard_Project_Master,,,,,,,,NO_TEMPORAL_DATA
25.164056,93.692861,LandslideGuard_Project_Master,,,,,,,,NO_TEMPORAL_DATA
25.160389,93.688167,LandslideGuard_Project_Master,,,,,,,,NO_TEMPORAL_DATA
25.160333,93.688528,LandslideGuard_Project_Master,,,,,,,,NO_TEMPORAL_DATA
25.160306,93.689306,LandslideGuard_Project_Master,,,,,,,,NO_TEMPORAL_DATA
25.157667,93.6845,LandslideGuard_Project_Master,,,,,,,,NO_TEMPORAL_DATA
25.158667,93.685222,LandslideGuard_Project_Master,,,,,,,,NO_TEMPORAL_DATA
25.158083,93.684944,LandslideGuard_Project_Master,,,,,,,,NO_TEMPORAL_DATA
25.157092,93.682686,LandslideGuard_Project_Master,,,,,,,,NO_TEMPORAL_DATA
25.157528,93.68425,LandslideGuard_Project_Master,,,,,,,,NO_TEMPORAL_DATA
25.155917,93.681583,LandslideGuard_Project_Master,,,,,,,,NO_TEMPORAL_DATA
25.156306,93.678917,LandslideGuard_Project_Master,,,,,,,,NO_TEMPORAL_DATA
25.238611,94.009189,LandslideGuard_Project_Master,,,2015.0,,,2015.0,,YEAR_ONLY
25.245869,94.014442,LandslideGuard_Project_Master,,,2015.0,,,2015.0,,YEAR_ONLY
25.269097,94.022569,LandslideGuard_Project_Master,,,,,,,,NO_TEMPORAL_DATA
25.304917,94.011444,LandslideGuard_Project_Master,,,2015.0,,,2015.0,,YEAR_ONLY
25.302639,94.014617,LandslideGuard_Project_Master,,,,,,,,NO_TEMPORAL_DATA
25.444333,94.006631,LandslideGuard_Project_Master,,,2015.0,,,2015.0,,YEAR_ONLY
25.448389,94.003139,LandslideGuard_Project_Master,,,2011.0,,,2011.0,,YEAR_ONLY
25.452417,94.018919,LandslideGuard_Project_Master,,,2015.0,,,2015.0,,YEAR_ONLY
25.529,93.952,LandslideGuard_Project_Master,,,2015.0,,,2015.0,,YEAR_ONLY
25.527,93.953,LandslideGuard_Project_Master,,,2010.0,,,2010.0,,YEAR_ONLY
25.523,93.955,LandslideGuard_Project_Master,,,2010.0,,,2010.0,,YEAR_ONLY
25.521,93.964,LandslideGuard_Project_Master,,,,,,,,NO_TEMPORAL_DATA
25.52,93.958,LandslideGuard_Project_Master,,,2013.0,,,2013.0,,YEAR_ONLY
25.517,93.957,LandslideGuard_Project_Master,,,2010.0,,,2010.0,,YEAR_ONLY
25.532,93.927,LandslideGuard_Project_Master,,,2010.0,,,2010.0,,YEAR_ONLY
25.523,93.898,LandslideGuard_Project_Master,,,,,,,,NO_TEMPORAL_DATA
25.523,93.899,LandslideGuard_Project_Master,,,,,,,,NO_TEMPORAL_DATA
25.529,93.87,LandslideGuard_Project_Master,,,2010.0,,,2010.0,,YEAR_ONLY
25.528,93.871,LandslideGuard_Project_Master,,,2010.0,,,2010.0,,YEAR_ONLY
25.528,93.872,LandslideGuard_Project_Master,,,2013.0,,,2013.0,,YEAR_ONLY
25.523,93.873,LandslideGuard_Project_Master,,,,,,,,NO_TEMPORAL_DATA
25.566,93.863,LandslideGuard_Project_Master,,,,,,,,NO_TEMPORAL_DATA
25.561,93.858,LandslideGuard_Project_Master,,,,,,,,NO_TEMPORAL_DATA
25.571,93.871,LandslideGuard_Project_Master,,,2013.0,,,2013.0,,YEAR_ONLY
25.569,93.872,LandslideGuard_Project_Master,,,2013.0,,,2013.0,,YEAR_ONLY
25.57,93.871,LandslideGuard_Project_Master,,,2013.0,,,2013.0,,YEAR_ONLY
25.579,93.87,LandslideGuard_Project_Master,,,,,,,,NO_TEMPORAL_DATA
25.576,93.878,LandslideGuard_Project_Master,,,,,,,,NO_TEMPORAL_DATA
25.598,93.848,LandslideGuard_Project_Master,,,2013.0,,,2013.0,,YEAR_ONLY
25.578,93.805,LandslideGuard_Project_Master,,,2015.0,,,2015.0,,YEAR_ONLY
25.576,93.783,LandslideGuard_Project_Master,,,,,,,,NO_TEMPORAL_DATA
25.575,93.777,LandslideGuard_Project_Master,,,2010.0,,,2010.0,,YEAR_ONLY
25.572,93.787,LandslideGuard_Project_Master,,,2010.0,,,2010.0,,YEAR_ONLY
25.531,93.762,LandslideGuard_Project_Master,,,,,,,,NO_TEMPORAL_DATA
25.526,93.766,LandslideGuard_Project_Master,,,2015.0,,,2015.0,,YEAR_ONLY
25.472781,93.727319,LandslideGuard_Project_Master,,,,,,,,NO_TEMPORAL_DATA
25.472506,93.727181,LandslideGuard_Project_Master,,,,,,,,NO_TEMPORAL_DATA
25.471556,93.726778,LandslideGuard_Project_Master,,,,,,,,NO_TEMPORAL_DATA
25.472217,93.726992,LandslideGuard_Project_Master,,,,,,,,NO_TEMPORAL_DATA
25.5,93.67,LandslideGuard_Project_Master,,,2017.0,,,2017.0,,YEAR_ONLY
25.51,93.67,LandslideGuard_Project_Master,,,2019.0,,,2019.0,,YEAR_ONLY
25.51,93.67,LandslideGuard_Project_Master,,,2019.0,,,2019.0,,YEAR_ONLY
25.51,93.67,LandslideGuard_Project_Master,,,2019.0,,,2019.0,,YEAR_ONLY
25.51,93.67,LandslideGuard_Project_Master,,,2019.0,,,2019.0,,YEAR_ONLY
25.51,93.67,LandslideGuard_Project_Master,,,2019.0,,,2019.0,,YEAR_ONLY
25.51,93.7,LandslideGuard_Project_Master,,,2018.0,,,2018.0,,YEAR_ONLY
25.51,93.7,LandslideGuard_Project_Master,,,2019.0,,,2019.0,,YEAR_ONLY
25.51,93.68,LandslideGuard_Project_Master,,,2019.0,,,2019.0,,YEAR_ONLY
25.51,93.68,LandslideGuard_Project_Master,,,2019.0,,,2019.0,,YEAR_ONLY
25.51,93.71,LandslideGuard_Project_Master,,,2019.0,,,2019.0,,YEAR_ONLY
25.51,93.71,LandslideGuard_Project_Master,,,2019.0,,,2019.0,,YEAR_ONLY
25.52,93.72,LandslideGuard_Project_Master,,,2019.0,,,2019.0,,YEAR_ONLY
25.51,93.72,LandslideGuard_Project_Master,,,2019.0,,,2019.0,,YEAR_ONLY
25.52,93.73,LandslideGuard_Project_Master,,,,,,,,NO_TEMPORAL_DATA
25.52,93.73,LandslideGuard_Project_Master,,,2019.0,,,2019.0,,YEAR_ONLY
25.53,93.73,LandslideGuard_Project_Master,,,,,,,,NO_TEMPORAL_DATA
25.53,93.73,LandslideGuard_Project_Master,,,,,,,,NO_TEMPORAL_DATA
25.53,93.74,LandslideGuard_Project_Master,,,,,,,,NO_TEMPORAL_DATA
25.53,93.74,LandslideGuard_Project_Master,,,,,,,,NO_TEMPORAL_DATA
25.53,93.74,LandslideGuard_Project_Master,,,2017.0,,,2017.0,,YEAR_ONLY
25.53,93.74,LandslideGuard_Project_Master,,,,,,,,NO_TEMPORAL_DATA
25.54,93.74,LandslideGuard_Project_Master,,,,,,,,NO_TEMPORAL_DATA
25.54,93.74,LandslideGuard_Project_Master,,,2018.0,,,2018.0,,YEAR_ONLY
25.53,93.72,LandslideGuard_Project_Master,,,,,,,,NO_TEMPORAL_DATA
25.726,93.773,LandslideGuard_Project_Master,,,2010.0,,,2010.0,,YEAR_ONLY
25.74,93.775,LandslideGuard_Project_Master,,,2013.0,,,2013.0,,YEAR_ONLY
25.745,93.782,LandslideGuard_Project_Master,,,2015.0,,,2015.0,,YEAR_ONLY
25.745,93.784,LandslideGuard_Project_Master,,,2015.0,,,2015.0,,YEAR_ONLY
25.724,93.777,LandslideGuard_Project_Master,,,,,,,,NO_TEMPORAL_DATA
25.723,93.778,LandslideGuard_Project_Master,,,,,,,,NO_TEMPORAL_DATA
25.743,93.798,LandslideGuard_Project_Master,,,,,,,,NO_TEMPORAL_DATA
25.76939,93.80278,LandslideGuard_Project_Master,,,,,,,,NO_TEMPORAL_DATA
25.77,93.81,LandslideGuard_Project_Master,,,2018.0,,,2018.0,,YEAR_ONLY
25.77,93.81,LandslideGuard_Project_Master,,,2017.0,,,2017.0,,YEAR_ONLY
25.77,93.81,LandslideGuard_Project_Master,,,2018.0,,,2018.0,,YEAR_ONLY
25.77,93.81,LandslideGuard_Project_Master,,,2018.0,,,2018.0,,YEAR_ONLY
25.77,93.82,LandslideGuard_Project_Master,,,2018.0,,,2018.0,,YEAR_ONLY
25.77,93.82,LandslideGuard_Project_Master,,,2019.0,,,2019.0,,YEAR_ONLY
25.77,93.82,LandslideGuard_Project_Master,,,2019.0,,,2019.0,,YEAR_ONLY
25.77,93.82,LandslideGuard_Project_Master,,,2019.0,,,2019.0,,YEAR_ONLY
25.78,93.82,LandslideGuard_Project_Master,,,,,,,,NO_TEMPORAL_DATA
25.78,93.82,LandslideGuard_Project_Master,,,,,,,,NO_TEMPORAL_DATA
25.8,93.83,LandslideGuard_Project_Master,,,2017.0,,,2017.0,,YEAR_ONLY
25.8,93.81,LandslideGuard_Project_Master,,,2018.0,,,2018.0,,YEAR_ONLY
25.78417,93.80028,LandslideGuard_Project_Master,,,,,,,,NO_TEMPORAL_DATA
25.78214,93.80528,LandslideGuard_Project_Master,,,,,,,,NO_TEMPORAL_DATA
25.78,93.8,LandslideGuard_Project_Master,,,2018.0,,,2018.0,,YEAR_ONLY
25.78,93.8,LandslideGuard_Project_Master,,,2018.0,,,2018.0,,YEAR_ONLY
25.79,93.8,LandslideGuard_Project_Master,,,2018.0,,,2018.0,,YEAR_ONLY
25.79,93.8,LandslideGuard_Project_Master,,,2018.0,,,2018.0,,YEAR_ONLY
25.79,93.8,LandslideGuard_Project_Master,,,2018.0,,,2018.0,,YEAR_ONLY
25.8,93.8,LandslideGuard_Project_Master,,,2018.0,,,2018.0,,YEAR_ONLY
25.79,93.78,LandslideGuard_Project_Master,,,2018.0,,,2018.0,,YEAR_ONLY
25.7517,93.73449,LandslideGuard_Project_Master,,,,,,,,NO_TEMPORAL_DATA
25.71,93.74,LandslideGuard_Project_Master,,,2017.0,,,2017.0,,YEAR_ONLY
25.71,93.74,LandslideGuard_Project_Master,,,2017.0,,,2017.0,,YEAR_ONLY
25.84516,93.68408,LandslideGuard_Project_Master,,,,,,,,NO_TEMPORAL_DATA
25.84541,93.68312,LandslideGuard_Project_Master,,,,,,,,NO_TEMPORAL_DATA
25.8465,93.687,LandslideGuard_Project_Master,,,,,,,,NO_TEMPORAL_DATA
25.84782,93.70174,LandslideGuard_Project_Master,,,,,,,,NO_TEMPORAL_DATA
25.95514,93.72997,LandslideGuard_Project_Master,,,,,,,,NO_TEMPORAL_DATA
26.0054,93.9794,LandslideGuard_Project_Master,,,,,,,,NO_TEMPORAL_DATA
26.0044,93.9789,LandslideGuard_Project_Master,,,,,,,,NO_TEMPORAL_DATA
26.0039,93.9807,LandslideGuard_Project_Master,,,,,,,,NO_TEMPORAL_DATA
26.0043,93.9803,LandslideGuard_Project_Master,,,,,,,,NO_TEMPORAL_DATA
26.0051,93.9795,LandslideGuard_Project_Master,,,,,,,,NO_TEMPORAL_DATA
26.0046,93.9814,LandslideGuard_Project_Master,,,,,,,,NO_TEMPORAL_DATA
26.0045,93.9828,LandslideGuard_Project_Master,,,,,,,,NO_TEMPORAL_DATA
26.0034,93.9855,LandslideGuard_Project_Master,,,,,,,,NO_TEMPORAL_DATA
26.0037,93.9862,LandslideGuard_Project_Master,,,,,,,,NO_TEMPORAL_DATA
26.0038,93.9873,LandslideGuard_Project_Master,,,,,,,,NO_TEMPORAL_DATA
26.0049,93.9901,LandslideGuard_Project_Master,,,,,,,,NO_TEMPORAL_DATA
26.0049,93.9914,LandslideGuard_Project_Master,,,,,,,,NO_TEMPORAL_DATA
26.0052,93.9927,LandslideGuard_Project_Master,,,,,,,,NO_TEMPORAL_DATA
26.006028,94.003194,LandslideGuard_Project_Master,,,,,,,,NO_TEMPORAL_DATA
25.985317,94.021903,LandslideGuard_Project_Master,,,,,,,,NO_TEMPORAL_DATA
25.949278,94.025528,LandslideGuard_Project_Master,,,,,,,,NO_TEMPORAL_DATA
25.948833,94.025667,LandslideGuard_Project_Master,,,,,,,,NO_TEMPORAL_DATA
25.951139,94.024194,LandslideGuard_Project_Master,,,,,,,,NO_TEMPORAL_DATA
25.951583,94.023667,LandslideGuard_Project_Master,,,,,,,,NO_TEMPORAL_DATA
25.952861,94.021028,LandslideGuard_Project_Master,,,,,,,,NO_TEMPORAL_DATA
25.954389,94.022778,LandslideGuard_Project_Master,,,,,,,,NO_TEMPORAL_DATA
25.950944,94.019611,LandslideGuard_Project_Master,,,,,,,,NO_TEMPORAL_DATA
25.948222,94.014361,LandslideGuard_Project_Master,,,,,,,,NO_TEMPORAL_DATA
25.945639,94.016417,LandslideGuard_Project_Master,,,,,,,,NO_TEMPORAL_DATA
25.947583,94.023861,LandslideGuard_Project_Master,,,,,,,,NO_TEMPORAL_DATA
25.944361,94.023222,LandslideGuard_Project_Master,,,,,,,,NO_TEMPORAL_DATA
25.85475,94.002778,LandslideGuard_Project_Master,,,,,,,,NO_TEMPORAL_DATA
25.86,93.99,LandslideGuard_Project_Master,,,2019.0,,,2019.0,,YEAR_ONLY
25.84,93.98,LandslideGuard_Project_Master,,,2014.0,,,2014.0,,YEAR_ONLY
25.84,93.98,LandslideGuard_Project_Master,,,2015.0,,,2015.0,,YEAR_ONLY
25.84,93.98,LandslideGuard_Project_Master,,,2015.0,,,2015.0,,YEAR_ONLY
25.839722,94.011167,LandslideGuard_Project_Master,,,,,,,,NO_TEMPORAL_DATA
25.839583,94.007194,LandslideGuard_Project_Master,,,,,,,,NO_TEMPORAL_DATA
25.840139,94.006528,LandslideGuard_Project_Master,,,,,,,,NO_TEMPORAL_DATA
25.851889,94.005056,LandslideGuard_Project_Master,,,,,,,,NO_TEMPORAL_DATA
25.843528,94.011806,LandslideGuard_Project_Master,,,,,,,,NO_TEMPORAL_DATA
25.8,94.0,LandslideGuard_Project_Master,,,2017.0,,,2017.0,,YEAR_ONLY
25.77,93.98,LandslideGuard_Project_Master,,,2019.0,,,2019.0,,YEAR_ONLY
25.736,94.012,LandslideGuard_Project_Master,,,2014.0,,,2014.0,,YEAR_ONLY
25.738,94.008,LandslideGuard_Project_Master,,,,,,,,NO_TEMPORAL_DATA
25.733,94.022,LandslideGuard_Project_Master,,,1995.0,,,1995.0,,YEAR_ONLY
25.735,94.02,LandslideGuard_Project_Master,,,,,,,,NO_TEMPORAL_DATA
25.74697,93.98167,LandslideGuard_Project_Master,,,,,,,,NO_TEMPORAL_DATA
25.75,93.97,LandslideGuard_Project_Master,,,2018.0,,,2018.0,,YEAR_ONLY
25.712,93.949,LandslideGuard_Project_Master,,,,,,,,NO_TEMPORAL_DATA
25.76,93.94,LandslideGuard_Project_Master,,,2018.0,,,2018.0,,YEAR_ONLY
25.77,93.94,LandslideGuard_Project_Master,,,2018.0,,,2018.0,,YEAR_ONLY
25.77,93.94,LandslideGuard_Project_Master,,,2018.0,,,2018.0,,YEAR_ONLY
25.76,93.95,LandslideGuard_Project_Master,,,2018.0,,,2018.0,,YEAR_ONLY
25.76,93.95,LandslideGuard_Project_Master,,,2019.0,,,2019.0,,YEAR_ONLY
25.76,93.96,LandslideGuard_Project_Master,,,2017.0,,,2017.0,,YEAR_ONLY
25.78,93.92,LandslideGuard_Project_Master,,,2018.0,,,2018.0,,YEAR_ONLY
25.78,93.93,LandslideGuard_Project_Master,,,2019.0,,,2019.0,,YEAR_ONLY
25.78,93.93,LandslideGuard_Project_Master,,,2018.0,,,2018.0,,YEAR_ONLY
25.78,93.93,LandslideGuard_Project_Master,,,2019.0,,,2019.0,,YEAR_ONLY
25.77,93.93,LandslideGuard_Project_Master,,,2018.0,,,2018.0,,YEAR_ONLY
25.77,93.93,LandslideGuard_Project_Master,,,2018.0,,,2018.0,,YEAR_ONLY
25.77,93.9,LandslideGuard_Project_Master,,,2019.0,,,2019.0,,YEAR_ONLY
25.77,93.9,LandslideGuard_Project_Master,,,2018.0,,,2018.0,,YEAR_ONLY
25.77,93.9,LandslideGuard_Project_Master,,,,,,,,NO_TEMPORAL_DATA
25.77,93.9,LandslideGuard_Project_Master,,,2018.0,,,2018.0,,YEAR_ONLY
25.77,93.9,LandslideGuard_Project_Master,,,2018.0,,,2018.0,,YEAR_ONLY
25.77,93.9,LandslideGuard_Project_Master,,,2018.0,,,2018.0,,YEAR_ONLY
25.77,93.91,LandslideGuard_Project_Master,,,2018.0,,,2018.0,,YEAR_ONLY
25.77,93.91,LandslideGuard_Project_Master,,,2018.0,,,2018.0,,YEAR_ONLY
25.77,93.91,LandslideGuard_Project_Master,,,2018.0,,,2018.0,,YEAR_ONLY
25.77,93.91,LandslideGuard_Project_Master,,,2018.0,,,2018.0,,YEAR_ONLY
25.696,93.924,LandslideGuard_Project_Master,,,,,,,,NO_TEMPORAL_DATA
25.697,93.916,LandslideGuard_Project_Master,,,2010.0,,,2010.0,,YEAR_ONLY
25.688,93.907,LandslideGuard_Project_Master,,,2015.0,,,2015.0,,YEAR_ONLY
25.646,93.843,LandslideGuard_Project_Master,,,,,,,,NO_TEMPORAL_DATA
25.629,93.855,LandslideGuard_Project_Master,,,2010.0,,,2010.0,,YEAR_ONLY
25.615,93.944,LandslideGuard_Project_Master,,,2014.0,,,2014.0,,YEAR_ONLY
25.617,93.941,LandslideGuard_Project_Master,,,2013.0,,,2013.0,,YEAR_ONLY
25.677,94.0202,LandslideGuard_Project_Master,,,,,,,,NO_TEMPORAL_DATA
25.67661,94.02364,LandslideGuard_Project_Master,,,,,,,,NO_TEMPORAL_DATA
25.63,94.014,LandslideGuard_Project_Master,,,2014.0,,,2014.0,,YEAR_ONLY
25.645,93.992,LandslideGuard_Project_Master,,,2015.0,,,2015.0,,YEAR_ONLY
25.631,93.999,LandslideGuard_Project_Master,,,2015.0,,,2015.0,,YEAR_ONLY
25.645,94.034,LandslideGuard_Project_Master,,,2013.0,,,2013.0,,YEAR_ONLY
25.646,94.033,LandslideGuard_Project_Master,,,2013.0,,,2013.0,,YEAR_ONLY
25.605,94.051,LandslideGuard_Project_Master,,,,,,,,NO_TEMPORAL_DATA
25.61597,94.09208,LandslideGuard_Project_Master,,,,,,,,NO_TEMPORAL_DATA
25.617,94.113,LandslideGuard_Project_Master,,,,,,,,NO_TEMPORAL_DATA
25.621,94.11806,LandslideGuard_Project_Master,,,,,,,,NO_TEMPORAL_DATA
25.622,94.114,LandslideGuard_Project_Master,,,,,,,,NO_TEMPORAL_DATA
25.623,94.113,LandslideGuard_Project_Master,,,1962.0,,,1962.0,,YEAR_ONLY
25.63,94.103,LandslideGuard_Project_Master,,,,,,,,NO_TEMPORAL_DATA
25.638,94.109,LandslideGuard_Project_Master,,,1990.0,,,1990.0,,YEAR_ONLY
25.63861,94.115,LandslideGuard_Project_Master,,,,,,,,NO_TEMPORAL_DATA
25.644,94.107,LandslideGuard_Project_Master,,,,,,,,NO_TEMPORAL_DATA
25.675,94.075,LandslideGuard_Project_Master,,,,,,,,NO_TEMPORAL_DATA
25.673,94.077,LandslideGuard_Project_Master,,,,,,,,NO_TEMPORAL_DATA
25.674,94.081,LandslideGuard_Project_Master,,,,,,,,NO_TEMPORAL_DATA
25.667,94.089,LandslideGuard_Project_Master,,,1989.0,,,1989.0,,YEAR_ONLY
25.667,94.089,LandslideGuard_Project_Master,,,1968.0,,,1968.0,,YEAR_ONLY
25.674,94.085,LandslideGuard_Project_Master,,,,,,,,NO_TEMPORAL_DATA
25.67286,94.08883,LandslideGuard_Project_Master,,,,,,,,NO_TEMPORAL_DATA
25.669,94.091,LandslideGuard_Project_Master,,,,,,,,NO_TEMPORAL_DATA
25.669,94.091,LandslideGuard_Project_Master,,,,,,,,NO_TEMPORAL_DATA
25.667,94.094,LandslideGuard_Project_Master,,,2010.0,,,2010.0,,YEAR_ONLY
25.666,94.09,LandslideGuard_Project_Master,,,1968.0,,,1968.0,,YEAR_ONLY
25.666,94.09,LandslideGuard_Project_Master,,,1989.0,,,1989.0,,YEAR_ONLY
25.65967,94.09297,LandslideGuard_Project_Master,,,,,,,,NO_TEMPORAL_DATA
25.65653,94.09061,LandslideGuard_Project_Master,,,,,,,,NO_TEMPORAL_DATA
25.65747,94.08611,LandslideGuard_Project_Master,,,,,,,,NO_TEMPORAL_DATA
25.659,94.089,LandslideGuard_Project_Master,,,,,,,,NO_TEMPORAL_DATA
25.651,94.097,LandslideGuard_Project_Master,,,,,,,,NO_TEMPORAL_DATA
25.66,94.096,LandslideGuard_Project_Master,,,2013.0,,,2013.0,,YEAR_ONLY
25.662,94.096,LandslideGuard_Project_Master,,,,,,,,NO_TEMPORAL_DATA
25.657,94.102,LandslideGuard_Project_Master,,,,,,,,NO_TEMPORAL_DATA
25.66083,94.10278,LandslideGuard_Project_Master,,,,,,,,NO_TEMPORAL_DATA
25.659,94.112,LandslideGuard_Project_Master,,,1990.0,,,1990.0,,YEAR_ONLY
25.659,94.107,LandslideGuard_Project_Master,,,,,,,,NO_TEMPORAL_DATA
25.662,94.108,LandslideGuard_Project_Master,,,,,,,,NO_TEMPORAL_DATA
25.668,94.107,LandslideGuard_Project_Master,,,1965.0,,,1965.0,,YEAR_ONLY
25.66667,94.10972,LandslideGuard_Project_Master,,,,,,,,NO_TEMPORAL_DATA
25.663,94.113,LandslideGuard_Project_Master,,,,,,,,NO_TEMPORAL_DATA
25.66264,94.11353,LandslideGuard_Project_Master,,,,,,,,NO_TEMPORAL_DATA
25.67,94.113,LandslideGuard_Project_Master,,,2009.0,,,2009.0,,YEAR_ONLY
25.66977,94.11269,LandslideGuard_Project_Master,,,,,,,,NO_TEMPORAL_DATA
25.669,94.114,LandslideGuard_Project_Master,,,,,,,,NO_TEMPORAL_DATA
25.669,94.114,LandslideGuard_Project_Master,,,,,,,,NO_TEMPORAL_DATA
25.67222,94.11083,LandslideGuard_Project_Master,,,,,,,,NO_TEMPORAL_DATA
25.672,94.111,LandslideGuard_Project_Master,,,,,,,,NO_TEMPORAL_DATA
25.67,94.109,LandslideGuard_Project_Master,,,1965.0,,,1965.0,,YEAR_ONLY
25.66917,94.10722,LandslideGuard_Project_Master,,,,,,,,NO_TEMPORAL_DATA
25.672,94.106,LandslideGuard_Project_Master,,,1965.0,,,1965.0,,YEAR_ONLY
25.673,94.101,LandslideGuard_Project_Master,,,2010.0,,,2010.0,,YEAR_ONLY
25.672,94.101,LandslideGuard_Project_Master,,,2014.0,,,2014.0,,YEAR_ONLY
25.669,94.104,LandslideGuard_Project_Master,,,1999.0,,,1999.0,,YEAR_ONLY
25.663,94.10439,LandslideGuard_Project_Master,,,,,,,,NO_TEMPORAL_DATA
25.665,94.104,LandslideGuard_Project_Master,,,1989.0,,,1989.0,,YEAR_ONLY
25.665,94.104,LandslideGuard_Project_Master,,,1989.0,,,1989.0,,YEAR_ONLY
25.664,94.101,LandslideGuard_Project_Master,,,2013.0,,,2013.0,,YEAR_ONLY
25.663,94.097,LandslideGuard_Project_Master,,,2006.0,,,2006.0,,YEAR_ONLY
25.665,94.096,LandslideGuard_Project_Master,,,1968.0,,,1968.0,,YEAR_ONLY
25.666,94.098,LandslideGuard_Project_Master,,,,,,,,NO_TEMPORAL_DATA
25.679,94.096,LandslideGuard_Project_Master,,,2013.0,,,2013.0,,YEAR_ONLY
25.682,94.096,LandslideGuard_Project_Master,,,2011.0,,,2011.0,,YEAR_ONLY
25.683,94.099,LandslideGuard_Project_Master,,,2006.0,,,2006.0,,YEAR_ONLY
25.678,94.101,LandslideGuard_Project_Master,,,2014.0,,,2014.0,,YEAR_ONLY
25.677,94.104,LandslideGuard_Project_Master,,,1988.0,,,1988.0,,YEAR_ONLY
25.678,94.109,LandslideGuard_Project_Master,,,1956.0,,,1956.0,,YEAR_ONLY
25.679,94.108,LandslideGuard_Project_Master,,,1964.0,,,1964.0,,YEAR_ONLY
25.68,94.117,LandslideGuard_Project_Master,,,,,,,,NO_TEMPORAL_DATA
25.694,94.107,LandslideGuard_Project_Master,,,2013.0,,,2013.0,,YEAR_ONLY
25.692,94.11,LandslideGuard_Project_Master,,,2011.0,,,2011.0,,YEAR_ONLY
25.69506,94.11203,LandslideGuard_Project_Master,,,,,,,,NO_TEMPORAL_DATA
25.69583,94.10833,LandslideGuard_Project_Master,,,,,,,,NO_TEMPORAL_DATA
25.695,94.108,LandslideGuard_Project_Master,,,2009.0,,,2009.0,,YEAR_ONLY
25.696,94.104,LandslideGuard_Project_Master,,,2011.0,,,2011.0,,YEAR_ONLY
25.697,94.105,LandslideGuard_Project_Master,,,,,,,,NO_TEMPORAL_DATA
25.694,94.103,LandslideGuard_Project_Master,,,,,,,,NO_TEMPORAL_DATA
25.688667,94.097333,LandslideGuard_Project_Master,,,1986.0,,,1986.0,,YEAR_ONLY
25.698,94.085,LandslideGuard_Project_Master,,,2011.0,,,2011.0,,YEAR_ONLY
25.682,94.094,LandslideGuard_Project_Master,,,2013.0,,,2013.0,,YEAR_ONLY
25.676,94.083,LandslideGuard_Project_Master,,,,,,,,NO_TEMPORAL_DATA
25.677,94.081,LandslideGuard_Project_Master,,,,,,,,NO_TEMPORAL_DATA
25.677,94.08,LandslideGuard_Project_Master,,,2010.0,,,2010.0,,YEAR_ONLY
25.68044,94.07336,LandslideGuard_Project_Master,,,,,,,,NO_TEMPORAL_DATA
25.696,94.079,LandslideGuard_Project_Master,,,2012.0,,,2012.0,,YEAR_ONLY
25.696,94.08,LandslideGuard_Project_Master,,,,,,,,NO_TEMPORAL_DATA
25.695,94.077,LandslideGuard_Project_Master,,,2006.0,,,2006.0,,YEAR_ONLY
25.692,94.068,LandslideGuard_Project_Master,,,,,,,,NO_TEMPORAL_DATA
25.692,94.065,LandslideGuard_Project_Master,,,,,,,,NO_TEMPORAL_DATA
25.685,94.059,LandslideGuard_Project_Master,,,1940.0,,,1940.0,,YEAR_ONLY
25.68658,94.05319,LandslideGuard_Project_Master,,,,,,,,NO_TEMPORAL_DATA
25.682,94.052,LandslideGuard_Project_Master,,,,,,,,NO_TEMPORAL_DATA
25.683,94.054,LandslideGuard_Project_Master,,,,,,,,NO_TEMPORAL_DATA
25.687,94.062,LandslideGuard_Project_Master,,,,,,,,NO_TEMPORAL_DATA
25.68667,94.06361,LandslideGuard_Project_Master,,,,,,,,NO_TEMPORAL_DATA
25.679,94.07,LandslideGuard_Project_Master,,,1940.0,,,1940.0,,YEAR_ONLY
25.6715,94.06942,LandslideGuard_Project_Master,,,,,,,,NO_TEMPORAL_DATA
25.67,94.062,LandslideGuard_Project_Master,,,2010.0,,,2010.0,,YEAR_ONLY
25.66969,94.06267,LandslideGuard_Project_Master,,,,,,,,NO_TEMPORAL_DATA
25.661,94.055,LandslideGuard_Project_Master,,,,,,,,NO_TEMPORAL_DATA
25.65778,94.05683,LandslideGuard_Project_Master,,,,,,,,NO_TEMPORAL_DATA
25.661,94.054,LandslideGuard_Project_Master,,,2011.0,,,2011.0,,YEAR_ONLY
25.668,94.051,LandslideGuard_Project_Master,,,2013.0,,,2013.0,,YEAR_ONLY
25.667,94.051,LandslideGuard_Project_Master,,,2013.0,,,2013.0,,YEAR_ONLY
25.66806,94.05525,LandslideGuard_Project_Master,,,,,,,,NO_TEMPORAL_DATA
25.669,94.051,LandslideGuard_Project_Master,,,2013.0,,,2013.0,,YEAR_ONLY
25.66897,94.04664,LandslideGuard_Project_Master,,,,,,,,NO_TEMPORAL_DATA
25.65072,94.03294,LandslideGuard_Project_Master,,,,,,,,NO_TEMPORAL_DATA
25.65275,94.032,LandslideGuard_Project_Master,,,,,,,,NO_TEMPORAL_DATA
25.65,94.03,LandslideGuard_Project_Master,,,,,,,,NO_TEMPORAL_DATA
25.652,94.03,LandslideGuard_Project_Master,,,,,,,,NO_TEMPORAL_DATA
25.667,94.035,LandslideGuard_Project_Master,,,,,,,,NO_TEMPORAL_DATA
25.68625,94.043194,LandslideGuard_Project_Master,,,2015.0,,,2015.0,,YEAR_ONLY
25.686,94.043,LandslideGuard_Project_Master,,,2013.0,,,2013.0,,YEAR_ONLY
25.683,94.038,LandslideGuard_Project_Master,,,2016.0,,,2016.0,,YEAR_ONLY
25.693,94.043,LandslideGuard_Project_Master,,,2012.0,,,2012.0,,YEAR_ONLY
25.725,94.031,LandslideGuard_Project_Master,,,,,,,,NO_TEMPORAL_DATA
25.721,94.039,LandslideGuard_Project_Master,,,,,,,,NO_TEMPORAL_DATA
25.708,94.04,LandslideGuard_Project_Master,,,,,,,,NO_TEMPORAL_DATA
25.713,94.06,LandslideGuard_Project_Master,,,,,,,,NO_TEMPORAL_DATA
25.711,94.069,LandslideGuard_Project_Master,,,,,,,,NO_TEMPORAL_DATA
25.759556,94.026056,LandslideGuard_Project_Master,,,,,,,,NO_TEMPORAL_DATA
25.761278,94.032417,LandslideGuard_Project_Master,,,,,,,,NO_TEMPORAL_DATA
25.769417,94.037639,LandslideGuard_Project_Master,,,,,,,,NO_TEMPORAL_DATA
25.760583,94.064583,LandslideGuard_Project_Master,,,,,,,,NO_TEMPORAL_DATA
25.761278,94.072194,LandslideGuard_Project_Master,,,,,,,,NO_TEMPORAL_DATA
25.758944,94.078028,LandslideGuard_Project_Master,,,,,,,,NO_TEMPORAL_DATA
25.773583,94.086833,LandslideGuard_Project_Master,,,,,,,,NO_TEMPORAL_DATA
25.773306,94.084861,LandslideGuard_Project_Master,,,,,,,,NO_TEMPORAL_DATA
25.767167,94.078556,LandslideGuard_Project_Master,,,,,,,,NO_TEMPORAL_DATA
25.771028,94.076167,LandslideGuard_Project_Master,,,,,,,,NO_TEMPORAL_DATA
25.779944,94.116556,LandslideGuard_Project_Master,,,,,,,,NO_TEMPORAL_DATA
25.779111,94.115583,LandslideGuard_Project_Master,,,,,,,,NO_TEMPORAL_DATA
25.728,94.112,LandslideGuard_Project_Master,,,,,,,,NO_TEMPORAL_DATA
25.72739,94.10103,LandslideGuard_Project_Master,,,,,,,,NO_TEMPORAL_DATA
25.72628,94.10003,LandslideGuard_Project_Master,,,,,,,,NO_TEMPORAL_DATA
25.728,94.098,LandslideGuard_Project_Master,,,2014.0,,,2014.0,,YEAR_ONLY
25.74467,94.08672,LandslideGuard_Project_Master,,,,,,,,NO_TEMPORAL_DATA
25.746,94.078,LandslideGuard_Project_Master,,,2011.0,,,2011.0,,YEAR_ONLY
25.749,94.078,LandslideGuard_Project_Master,,,2013.0,,,2013.0,,YEAR_ONLY
25.747,94.075,LandslideGuard_Project_Master,,,,,,,,NO_TEMPORAL_DATA
25.748,94.077,LandslideGuard_Project_Master,,,2013.0,,,2013.0,,YEAR_ONLY
25.726,94.076,LandslideGuard_Project_Master,,,,,,,,NO_TEMPORAL_DATA
25.729,94.083,LandslideGuard_Project_Master,,,,,,,,NO_TEMPORAL_DATA
25.72894,94.0855,LandslideGuard_Project_Master,,,,,,,,NO_TEMPORAL_DATA
25.731,94.087,LandslideGuard_Project_Master,,,2010.0,,,2010.0,,YEAR_ONLY
25.73572,94.08703,LandslideGuard_Project_Master,,,,,,,,NO_TEMPORAL_DATA
25.71611,94.08883,LandslideGuard_Project_Master,,,,,,,,NO_TEMPORAL_DATA
25.714,94.087,LandslideGuard_Project_Master,,,2014.0,,,2014.0,,YEAR_ONLY
25.714,94.086,LandslideGuard_Project_Master,,,2009.0,,,2009.0,,YEAR_ONLY
25.716,94.085,LandslideGuard_Project_Master,,,2010.0,,,2010.0,,YEAR_ONLY
25.717,94.086,LandslideGuard_Project_Master,,,,,,,,NO_TEMPORAL_DATA
25.72,94.085,LandslideGuard_Project_Master,,,2014.0,,,2014.0,,YEAR_ONLY
25.721,94.084,LandslideGuard_Project_Master,,,2009.0,,,2009.0,,YEAR_ONLY
25.72194,94.0855,LandslideGuard_Project_Master,,,,,,,,NO_TEMPORAL_DATA
25.722,94.081,LandslideGuard_Project_Master,,,,,,,,NO_TEMPORAL_DATA
25.722,94.082,LandslideGuard_Project_Master,,,2009.0,,,2009.0,,YEAR_ONLY
25.701,94.089,LandslideGuard_Project_Master,,,,,,,,NO_TEMPORAL_DATA
25.713,94.088,LandslideGuard_Project_Master,,,2014.0,,,2014.0,,YEAR_ONLY
25.713,94.088,LandslideGuard_Project_Master,,,2011.0,,,2011.0,,YEAR_ONLY
25.711,94.09,LandslideGuard_Project_Master,,,2014.0,,,2014.0,,YEAR_ONLY
25.71281,94.09194,LandslideGuard_Project_Master,,,,,,,,NO_TEMPORAL_DATA
25.71092,94.09306,LandslideGuard_Project_Master,,,,,,,,NO_TEMPORAL_DATA
25.719,94.105,LandslideGuard_Project_Master,,,,,,,,NO_TEMPORAL_DATA
25.71906,94.10883,LandslideGuard_Project_Master,,,,,,,,NO_TEMPORAL_DATA
25.72,94.109,LandslideGuard_Project_Master,,,,,,,,NO_TEMPORAL_DATA
25.704,94.118,LandslideGuard_Project_Master,,,,,,,,NO_TEMPORAL_DATA
25.703,94.137,LandslideGuard_Project_Master,,,,,,,,NO_TEMPORAL_DATA
25.70106,94.14167,LandslideGuard_Project_Master,,,,,,,,NO_TEMPORAL_DATA
25.755206,94.179975,LandslideGuard_Project_Master,,,,,,,,NO_TEMPORAL_DATA
25.767692,94.185106,LandslideGuard_Project_Master,,,,,,,,NO_TEMPORAL_DATA
25.781919,94.171169,LandslideGuard_Project_Master,,,,,,,,NO_TEMPORAL_DATA
25.750944,94.199444,LandslideGuard_Project_Master,,,,,,,,NO_TEMPORAL_DATA
25.750583,94.180833,LandslideGuard_Project_Master,,,,,,,,NO_TEMPORAL_DATA
25.750922,94.178869,LandslideGuard_Project_Master,,,,,,,,NO_TEMPORAL_DATA
25.671,94.21,LandslideGuard_Project_Master,,,2013.0,,,2013.0,,YEAR_ONLY
25.671,94.209,LandslideGuard_Project_Master,,,2013.0,,,2013.0,,YEAR_ONLY
25.667,94.21,LandslideGuard_Project_Master,,,2013.0,,,2013.0,,YEAR_ONLY
25.669,94.192,LandslideGuard_Project_Master,,,2013.0,,,2013.0,,YEAR_ONLY
25.688,94.137,LandslideGuard_Project_Master,,,2012.0,,,2012.0,,YEAR_ONLY
25.691,94.121,LandslideGuard_Project_Master,,,2014.0,,,2014.0,,YEAR_ONLY
25.688,94.12,LandslideGuard_Project_Master,,,2014.0,,,2014.0,,YEAR_ONLY
25.688,94.121,LandslideGuard_Project_Master,,,2011.0,,,2011.0,,YEAR_ONLY
25.68375,94.12436,LandslideGuard_Project_Master,,,,,,,,NO_TEMPORAL_DATA
25.68703,94.12442,LandslideGuard_Project_Master,,,,,,,,NO_TEMPORAL_DATA
25.68525,94.12347,LandslideGuard_Project_Master,,,,,,,,NO_TEMPORAL_DATA
25.687,94.12,LandslideGuard_Project_Master,,,,,,,,NO_TEMPORAL_DATA
25.686,94.119,LandslideGuard_Project_Master,,,,,,,,NO_TEMPORAL_DATA
25.685,94.12,LandslideGuard_Project_Master,,,2013.0,,,2013.0,,YEAR_ONLY
25.684,94.119,LandslideGuard_Project_Master,,,2013.0,,,2013.0,,YEAR_ONLY
25.683,94.119,LandslideGuard_Project_Master,,,,,,,,NO_TEMPORAL_DATA
25.682,94.12,LandslideGuard_Project_Master,,,1988.0,,,1988.0,,YEAR_ONLY
25.678,94.122,LandslideGuard_Project_Master,,,1988.0,,,1988.0,,YEAR_ONLY
25.682,94.131,LandslideGuard_Project_Master,,,2010.0,,,2010.0,,YEAR_ONLY
25.68772,94.14044,LandslideGuard_Project_Master,,,,,,,,NO_TEMPORAL_DATA
25.671,94.14,LandslideGuard_Project_Master,,,2011.0,,,2011.0,,YEAR_ONLY
25.653,94.123,LandslideGuard_Project_Master,,,,,,,,NO_TEMPORAL_DATA
25.654,94.122,LandslideGuard_Project_Master,,,2013.0,,,2013.0,,YEAR_ONLY
25.653,94.121,LandslideGuard_Project_Master,,,,,,,,NO_TEMPORAL_DATA
25.652,94.121,LandslideGuard_Project_Master,,,2010.0,,,2010.0,,YEAR_ONLY
25.651,94.119,LandslideGuard_Project_Master,,,,,,,,NO_TEMPORAL_DATA
25.651,94.119,LandslideGuard_Project_Master,,,,,,,,NO_TEMPORAL_DATA
25.651,94.12,LandslideGuard_Project_Master,,,,,,,,NO_TEMPORAL_DATA
25.651,94.121,LandslideGuard_Project_Master,,,2011.0,,,2011.0,,YEAR_ONLY
25.65,94.122,LandslideGuard_Project_Master,,,2014.0,,,2014.0,,YEAR_ONLY
25.65,94.122,LandslideGuard_Project_Master,,,2013.0,,,2013.0,,YEAR_ONLY
25.652,94.122,LandslideGuard_Project_Master,,,2010.0,,,2010.0,,YEAR_ONLY
25.652,94.154,LandslideGuard_Project_Master,,,,,,,,NO_TEMPORAL_DATA
25.648,94.124,LandslideGuard_Project_Master,,,,,,,,NO_TEMPORAL_DATA
25.649,94.121,LandslideGuard_Project_Master,,,2013.0,,,2013.0,,YEAR_ONLY
25.61,94.139,LandslideGuard_Project_Master,,,2013.0,,,2013.0,,YEAR_ONLY
25.608,94.146,LandslideGuard_Project_Master,,,,,,,,NO_TEMPORAL_DATA
25.631,94.174,LandslideGuard_Project_Master,,,,,,,,NO_TEMPORAL_DATA
25.646,94.177,LandslideGuard_Project_Master,,,,,,,,NO_TEMPORAL_DATA
25.62978,94.19514,LandslideGuard_Project_Master,,,,,,,,NO_TEMPORAL_DATA
25.642,94.201,LandslideGuard_Project_Master,,,2010.0,,,2010.0,,YEAR_ONLY
25.631,94.203,LandslideGuard_Project_Master,,,2010.0,,,2010.0,,YEAR_ONLY
25.624,94.206,LandslideGuard_Project_Master,,,,,,,,NO_TEMPORAL_DATA
25.622,94.206,LandslideGuard_Project_Master,,,,,,,,NO_TEMPORAL_DATA
25.619,94.206,LandslideGuard_Project_Master,,,2013.0,,,2013.0,,YEAR_ONLY
25.618,94.209,LandslideGuard_Project_Master,,,,,,,,NO_TEMPORAL_DATA
25.612,94.209,LandslideGuard_Project_Master,,,,,,,,NO_TEMPORAL_DATA
25.62153,94.19439,LandslideGuard_Project_Master,,,,,,,,NO_TEMPORAL_DATA
25.61092,94.20064,LandslideGuard_Project_Master,,,,,,,,NO_TEMPORAL_DATA
25.61275,94.21517,LandslideGuard_Project_Master,,,,,,,,NO_TEMPORAL_DATA
25.621,94.212,LandslideGuard_Project_Master,,,,,,,,NO_TEMPORAL_DATA
25.622,94.212,LandslideGuard_Project_Master,,,,,,,,NO_TEMPORAL_DATA
25.62067,94.21483,LandslideGuard_Project_Master,,,,,,,,NO_TEMPORAL_DATA
25.62067,94.21483,LandslideGuard_Project_Master,,,,,,,,NO_TEMPORAL_DATA
25.63,94.25,LandslideGuard_Project_Master,,,,,,,,NO_TEMPORAL_DATA
25.631,94.257,LandslideGuard_Project_Master,,,2013.0,,,2013.0,,YEAR_ONLY
25.632,94.257,LandslideGuard_Project_Master,,,2013.0,,,2013.0,,YEAR_ONLY
25.634,94.255,LandslideGuard_Project_Master,,,2013.0,,,2013.0,,YEAR_ONLY
25.635,94.253,LandslideGuard_Project_Master,,,2013.0,,,2013.0,,YEAR_ONLY
25.635,94.252,LandslideGuard_Project_Master,,,2013.0,,,2013.0,,YEAR_ONLY
25.632,94.25,LandslideGuard_Project_Master,,,2013.0,,,2013.0,,YEAR_ONLY
25.632,94.25,LandslideGuard_Project_Master,,,2013.0,,,2013.0,,YEAR_ONLY
25.632,94.25,LandslideGuard_Project_Master,,,,,,,,NO_TEMPORAL_DATA
25.63669,94.21986,LandslideGuard_Project_Master,,,,,,,,NO_TEMPORAL_DATA
25.635,94.217,LandslideGuard_Project_Master,,,,,,,,NO_TEMPORAL_DATA
25.628,94.211,LandslideGuard_Project_Master,,,,,,,,NO_TEMPORAL_DATA
25.632,94.215,LandslideGuard_Project_Master,,,,,,,,NO_TEMPORAL_DATA
25.655,94.234,LandslideGuard_Project_Master,,,2013.0,,,2013.0,,YEAR_ONLY
25.672,94.218,LandslideGuard_Project_Master,,,2013.0,,,2013.0,,YEAR_ONLY
25.671,94.217,LandslideGuard_Project_Master,,,2014.0,,,2014.0,,YEAR_ONLY
25.669,94.218,LandslideGuard_Project_Master,,,2013.0,,,2013.0,,YEAR_ONLY
25.665,94.216,LandslideGuard_Project_Master,,,2013.0,,,2013.0,,YEAR_ONLY
25.665,94.215,LandslideGuard_Project_Master,,,2012.0,,,2012.0,,YEAR_ONLY
25.665,94.214,LandslideGuard_Project_Master,,,2013.0,,,2013.0,,YEAR_ONLY
25.667,94.211,LandslideGuard_Project_Master,,,2013.0,,,2013.0,,YEAR_ONLY
25.67,94.211,LandslideGuard_Project_Master,,,2014.0,,,2014.0,,YEAR_ONLY
25.677,94.241,LandslideGuard_Project_Master,,,2010.0,,,2010.0,,YEAR_ONLY
25.684,94.246,LandslideGuard_Project_Master,,,,,,,,NO_TEMPORAL_DATA
25.667,94.254,LandslideGuard_Project_Master,,,2014.0,,,2014.0,,YEAR_ONLY
25.667,94.253,LandslideGuard_Project_Master,,,,,,,,NO_TEMPORAL_DATA
25.665,94.247,LandslideGuard_Project_Master,,,,,,,,NO_TEMPORAL_DATA
25.673,94.239,LandslideGuard_Project_Master,,,,,,,,NO_TEMPORAL_DATA
25.666,94.244,LandslideGuard_Project_Master,,,,,,,,NO_TEMPORAL_DATA
25.666,94.258,LandslideGuard_Project_Master,,,2014.0,,,2014.0,,YEAR_ONLY
25.681,94.285,LandslideGuard_Project_Master,,,,,,,,NO_TEMPORAL_DATA
25.68,94.287,LandslideGuard_Project_Master,,,,,,,,NO_TEMPORAL_DATA
25.652,94.288,LandslideGuard_Project_Master,,,,,,,,NO_TEMPORAL_DATA
25.651,94.289,LandslideGuard_Project_Master,,,,,,,,NO_TEMPORAL_DATA
25.63,94.259,LandslideGuard_Project_Master,,,2013.0,,,2013.0,,YEAR_ONLY
25.629,94.274,LandslideGuard_Project_Master,,,,,,,,NO_TEMPORAL_DATA
25.629,94.273,LandslideGuard_Project_Master,,,,,,,,NO_TEMPORAL_DATA
25.601,94.31,LandslideGuard_Project_Master,,,,,,,,NO_TEMPORAL_DATA
25.607,94.321,LandslideGuard_Project_Master,,,,,,,,NO_TEMPORAL_DATA
25.614,94.319,LandslideGuard_Project_Master,,,,,,,,NO_TEMPORAL_DATA
25.625,94.335,LandslideGuard_Project_Master,,,2013.0,,,2013.0,,YEAR_ONLY
25.625,94.345,LandslideGuard_Project_Master,,,2013.0,,,2013.0,,YEAR_ONLY
25.624,94.348,LandslideGuard_Project_Master,,,2013.0,,,2013.0,,YEAR_ONLY
25.623,94.336,LandslideGuard_Project_Master,,,,,,,,NO_TEMPORAL_DATA
25.621,94.335,LandslideGuard_Project_Master,,,,,,,,NO_TEMPORAL_DATA
25.62,94.332,LandslideGuard_Project_Master,,,,,,,,NO_TEMPORAL_DATA
25.623,94.354,LandslideGuard_Project_Master,,,2013.0,,,2013.0,,YEAR_ONLY
25.624,94.361,LandslideGuard_Project_Master,,,2014.0,,,2014.0,,YEAR_ONLY
25.646,94.378,LandslideGuard_Project_Master,,,,,,,,NO_TEMPORAL_DATA
25.647,94.378,LandslideGuard_Project_Master,,,,,,,,NO_TEMPORAL_DATA
25.647,94.361,LandslideGuard_Project_Master,,,,,,,,NO_TEMPORAL_DATA
25.661,94.388,LandslideGuard_Project_Master,,,2004.0,,,2004.0,,YEAR_ONLY
25.67,94.382,LandslideGuard_Project_Master,,,2013.0,,,2013.0,,YEAR_ONLY
25.681,94.387,LandslideGuard_Project_Master,,,,,,,,NO_TEMPORAL_DATA
25.695,94.349,LandslideGuard_Project_Master,,,,,,,,NO_TEMPORAL_DATA
25.696,94.32,LandslideGuard_Project_Master,,,,,,,,NO_TEMPORAL_DATA
25.696,94.318,LandslideGuard_Project_Master,,,2014.0,,,2014.0,,YEAR_ONLY
25.713,94.309,LandslideGuard_Project_Master,,,,,,,,NO_TEMPORAL_DATA
25.736,94.329,LandslideGuard_Project_Master,,,,,,,,NO_TEMPORAL_DATA
25.745,94.338,LandslideGuard_Project_Master,,,,,,,,NO_TEMPORAL_DATA
25.744,94.337,LandslideGuard_Project_Master,,,,,,,,NO_TEMPORAL_DATA
25.703,94.338,LandslideGuard_Project_Master,,,2015.0,,,2015.0,,YEAR_ONLY
25.708,94.386,LandslideGuard_Project_Master,,,,,,,,NO_TEMPORAL_DATA
25.770917,94.357322,LandslideGuard_Project_Master,,,,,,,,NO_TEMPORAL_DATA
25.760111,94.366528,LandslideGuard_Project_Master,,,,,,,,NO_TEMPORAL_DATA
25.756583,94.363694,LandslideGuard_Project_Master,,,,,,,,NO_TEMPORAL_DATA
25.783278,94.388306,LandslideGuard_Project_Master,,,,,,,,NO_TEMPORAL_DATA
25.751694,94.316361,LandslideGuard_Project_Master,,,,,,,,NO_TEMPORAL_DATA
25.750617,94.237358,LandslideGuard_Project_Master,,,,,,,,NO_TEMPORAL_DATA
25.744,94.242,LandslideGuard_Project_Master,,,,,,,,NO_TEMPORAL_DATA
25.743,94.242,LandslideGuard_Project_Master,,,,,,,,NO_TEMPORAL_DATA
25.742,94.245,LandslideGuard_Project_Master,,,,,,,,NO_TEMPORAL_DATA
25.752806,94.213306,LandslideGuard_Project_Master,,,,,,,,NO_TEMPORAL_DATA
25.761464,94.217103,LandslideGuard_Project_Master,,,,,,,,NO_TEMPORAL_DATA
25.767,94.229778,LandslideGuard_Project_Master,,,,,,,,NO_TEMPORAL_DATA
25.757639,94.223583,LandslideGuard_Project_Master,,,,,,,,NO_TEMPORAL_DATA
25.756444,94.245333,LandslideGuard_Project_Master,,,,,,,,NO_TEMPORAL_DATA
25.757139,94.246194,LandslideGuard_Project_Master,,,,,,,,NO_TEMPORAL_DATA
25.78875,94.234111,LandslideGuard_Project_Master,,,,,,,,NO_TEMPORAL_DATA
25.806861,94.237333,LandslideGuard_Project_Master,,,,,,,,NO_TEMPORAL_DATA
25.804972,94.241086,LandslideGuard_Project_Master,,,,,,,,NO_TEMPORAL_DATA
25.828558,94.239531,LandslideGuard_Project_Master,,,,,,,,NO_TEMPORAL_DATA
25.881639,94.212861,LandslideGuard_Project_Master,,,,,,,,NO_TEMPORAL_DATA
25.878861,94.221333,LandslideGuard_Project_Master,,,,,,,,NO_TEMPORAL_DATA
25.878917,94.223889,LandslideGuard_Project_Master,,,,,,,,NO_TEMPORAL_DATA
25.880083,94.234167,LandslideGuard_Project_Master,,,,,,,,NO_TEMPORAL_DATA
25.885208,94.244494,LandslideGuard_Project_Master,,,,,,,,NO_TEMPORAL_DATA
25.892028,94.274528,LandslideGuard_Project_Master,,,,,,,,NO_TEMPORAL_DATA
25.889056,94.278361,LandslideGuard_Project_Master,,,,,,,,NO_TEMPORAL_DATA
25.880861,94.300667,LandslideGuard_Project_Master,,,,,,,,NO_TEMPORAL_DATA
25.817194,94.280058,LandslideGuard_Project_Master,,,,,,,,NO_TEMPORAL_DATA
25.844972,94.328611,LandslideGuard_Project_Master,,,,,,,,NO_TEMPORAL_DATA
25.866722,94.372639,LandslideGuard_Project_Master,,,,,,,,NO_TEMPORAL_DATA
25.901611,94.393694,LandslideGuard_Project_Master,,,,,,,,NO_TEMPORAL_DATA
25.87975,94.358722,LandslideGuard_Project_Master,,,,,,,,NO_TEMPORAL_DATA
25.877111,94.34325,LandslideGuard_Project_Master,,,,,,,,NO_TEMPORAL_DATA
25.869194,94.324889,LandslideGuard_Project_Master,,,,,,,,NO_TEMPORAL_DATA
25.977569,94.322217,LandslideGuard_Project_Master,,,,,,,,NO_TEMPORAL_DATA
25.998778,94.264853,LandslideGuard_Project_Master,,,,,,,,NO_TEMPORAL_DATA
25.936056,94.216444,LandslideGuard_Project_Master,,,,,,,,NO_TEMPORAL_DATA
25.966861,94.2215,LandslideGuard_Project_Master,,,,,,,,NO_TEMPORAL_DATA
25.965944,94.216972,LandslideGuard_Project_Master,,,,,,,,NO_TEMPORAL_DATA
25.961917,94.216194,LandslideGuard_Project_Master,,,,,,,,NO_TEMPORAL_DATA
25.970083,94.213639,LandslideGuard_Project_Master,,,,,,,,NO_TEMPORAL_DATA
25.970917,94.214028,LandslideGuard_Project_Master,,,,,,,,NO_TEMPORAL_DATA
26.002139,94.253972,LandslideGuard_Project_Master,,,,,,,,NO_TEMPORAL_DATA
26.001972,94.183667,LandslideGuard_Project_Master,,,1980.0,,,1980.0,,YEAR_ONLY
25.979897,94.152281,LandslideGuard_Project_Master,,,,,,,,NO_TEMPORAL_DATA
25.915444,94.119639,LandslideGuard_Project_Master,,,,,,,,NO_TEMPORAL_DATA
25.910583,94.206417,LandslideGuard_Project_Master,,,,,,,,NO_TEMPORAL_DATA
25.896389,94.203556,LandslideGuard_Project_Master,,,,,,,,NO_TEMPORAL_DATA
25.89125,94.202306,LandslideGuard_Project_Master,,,,,,,,NO_TEMPORAL_DATA
25.889361,94.200583,LandslideGuard_Project_Master,,,,,,,,NO_TEMPORAL_DATA
25.867778,94.168056,LandslideGuard_Project_Master,,,,,,,,NO_TEMPORAL_DATA
25.845861,94.19025,LandslideGuard_Project_Master,,,,,,,,NO_TEMPORAL_DATA
25.844694,94.195833,LandslideGuard_Project_Master,,,,,,,,NO_TEMPORAL_DATA
25.849611,94.156806,LandslideGuard_Project_Master,,,,,,,,NO_TEMPORAL_DATA
25.850667,94.154667,LandslideGuard_Project_Master,,,,,,,,NO_TEMPORAL_DATA
25.840361,94.152167,LandslideGuard_Project_Master,,,,,,,,NO_TEMPORAL_DATA
25.839778,94.150333,LandslideGuard_Project_Master,,,,,,,,NO_TEMPORAL_DATA
25.83889,94.15269,LandslideGuard_Project_Master,,,,,,,,NO_TEMPORAL_DATA
25.839667,94.149222,LandslideGuard_Project_Master,,,,,,,,NO_TEMPORAL_DATA
25.839667,94.149222,LandslideGuard_Project_Master,,,,,,,,NO_TEMPORAL_DATA
25.83986,94.15528,LandslideGuard_Project_Master,,,,,,,,NO_TEMPORAL_DATA
25.824278,94.147472,LandslideGuard_Project_Master,,,,,,,,NO_TEMPORAL_DATA
25.808722,94.138278,LandslideGuard_Project_Master,,,,,,,,NO_TEMPORAL_DATA
25.854417,94.15525,LandslideGuard_Project_Master,,,,,,,,NO_TEMPORAL_DATA
25.854528,94.15725,LandslideGuard_Project_Master,,,,,,,,NO_TEMPORAL_DATA
25.859444,94.160139,LandslideGuard_Project_Master,,,,,,,,NO_TEMPORAL_DATA
25.840167,94.115194,LandslideGuard_Project_Master,,,,,,,,NO_TEMPORAL_DATA
25.827028,94.078139,LandslideGuard_Project_Master,,,,,,,,NO_TEMPORAL_DATA
25.829,94.075278,LandslideGuard_Project_Master,,,,,,,,NO_TEMPORAL_DATA
25.83025,94.076639,LandslideGuard_Project_Master,,,,,,,,NO_TEMPORAL_DATA
25.832333,94.073306,LandslideGuard_Project_Master,,,,,,,,NO_TEMPORAL_DATA
25.849806,94.057083,LandslideGuard_Project_Master,,,,,,,,NO_TEMPORAL_DATA
25.847444,94.056361,LandslideGuard_Project_Master,,,,,,,,NO_TEMPORAL_DATA
25.843222,94.053139,LandslideGuard_Project_Master,,,,,,,,NO_TEMPORAL_DATA
25.84575,94.055083,LandslideGuard_Project_Master,,,,,,,,NO_TEMPORAL_DATA
25.839722,94.050333,LandslideGuard_Project_Master,,,,,,,,NO_TEMPORAL_DATA
25.833028,94.050056,LandslideGuard_Project_Master,,,,,,,,NO_TEMPORAL_DATA
25.832806,94.06175,LandslideGuard_Project_Master,,,,,,,,NO_TEMPORAL_DATA
25.803806,94.065556,LandslideGuard_Project_Master,,,,,,,,NO_TEMPORAL_DATA
25.826778,94.047833,LandslideGuard_Project_Master,,,,,,,,NO_TEMPORAL_DATA
25.875639,94.0395,LandslideGuard_Project_Master,,,,,,,,NO_TEMPORAL_DATA
25.865722,94.048806,LandslideGuard_Project_Master,,,,,,,,NO_TEMPORAL_DATA
25.864158,94.047264,LandslideGuard_Project_Master,,,,,,,,NO_TEMPORAL_DATA
25.865472,94.049944,LandslideGuard_Project_Master,,,,,,,,NO_TEMPORAL_DATA
25.860611,94.0555,LandslideGuard_Project_Master,,,,,,,,NO_TEMPORAL_DATA
25.879889,94.035417,LandslideGuard_Project_Master,,,,,,,,NO_TEMPORAL_DATA
25.880533,94.035325,LandslideGuard_Project_Master,,,,,,,,NO_TEMPORAL_DATA
25.881917,94.035694,LandslideGuard_Project_Master,,,,,,,,NO_TEMPORAL_DATA
25.884206,94.026203,LandslideGuard_Project_Master,,,,,,,,NO_TEMPORAL_DATA
25.907167,94.041583,LandslideGuard_Project_Master,,,,,,,,NO_TEMPORAL_DATA
25.943944,94.026556,LandslideGuard_Project_Master,,,,,,,,NO_TEMPORAL_DATA
25.9545,94.040083,LandslideGuard_Project_Master,,,,,,,,NO_TEMPORAL_DATA
25.942111,94.04625,LandslideGuard_Project_Master,,,,,,,,NO_TEMPORAL_DATA
25.9365,94.047694,LandslideGuard_Project_Master,,,,,,,,NO_TEMPORAL_DATA
25.930722,94.048417,LandslideGuard_Project_Master,,,,,,,,NO_TEMPORAL_DATA
25.931167,94.048889,LandslideGuard_Project_Master,,,,,,,,NO_TEMPORAL_DATA
25.905433,94.097386,LandslideGuard_Project_Master,,,,,,,,NO_TEMPORAL_DATA
25.935694,94.111472,LandslideGuard_Project_Master,,,,,,,,NO_TEMPORAL_DATA
25.930611,94.112139,LandslideGuard_Project_Master,,,,,,,,NO_TEMPORAL_DATA
25.929733,94.072478,LandslideGuard_Project_Master,,,,,,,,NO_TEMPORAL_DATA
25.96675,94.031917,LandslideGuard_Project_Master,,,,,,,,NO_TEMPORAL_DATA
25.957472,94.036278,LandslideGuard_Project_Master,,,,,,,,NO_TEMPORAL_DATA
25.993164,94.034803,LandslideGuard_Project_Master,,,,,,,,NO_TEMPORAL_DATA
25.984456,94.031639,LandslideGuard_Project_Master,,,,,,,,NO_TEMPORAL_DATA
26.004528,94.039583,LandslideGuard_Project_Master,,,2016.0,,,2016.0,,YEAR_ONLY
26.005917,94.039667,LandslideGuard_Project_Master,,,2014.0,,,2014.0,,YEAR_ONLY
25.995333,94.031361,LandslideGuard_Project_Master,,,,,,,,NO_TEMPORAL_DATA
25.99875,94.026203,LandslideGuard_Project_Master,,,,,,,,NO_TEMPORAL_DATA
25.999744,94.030058,LandslideGuard_Project_Master,,,,,,,,NO_TEMPORAL_DATA
26.008333,94.032333,LandslideGuard_Project_Master,,,2016.0,,,2016.0,,YEAR_ONLY
26.012889,94.044222,LandslideGuard_Project_Master,,,2017.0,,,2017.0,,YEAR_ONLY
26.021083,94.040361,LandslideGuard_Project_Master,,,2015.0,,,2015.0,,YEAR_ONLY
26.053164,94.045167,LandslideGuard_Project_Master,,,,,,,,NO_TEMPORAL_DATA
26.053519,94.044361,LandslideGuard_Project_Master,,,,,,,,NO_TEMPORAL_DATA
26.055011,94.044322,LandslideGuard_Project_Master,,,,,,,,NO_TEMPORAL_DATA
26.037381,94.037386,LandslideGuard_Project_Master,,,,,,,,NO_TEMPORAL_DATA
26.087917,94.098056,LandslideGuard_Project_Master,,,2016.0,,,2016.0,,YEAR_ONLY
26.091528,94.100806,LandslideGuard_Project_Master,,,2016.0,,,2016.0,,YEAR_ONLY
26.091861,94.101333,LandslideGuard_Project_Master,,,2016.0,,,2016.0,,YEAR_ONLY
26.098056,94.105472,LandslideGuard_Project_Master,,,,,,,,NO_TEMPORAL_DATA
26.084444,94.09,LandslideGuard_Project_Master,,,,,,,,NO_TEMPORAL_DATA
26.134639,94.049278,LandslideGuard_Project_Master,,,,,,,,NO_TEMPORAL_DATA
26.209389,94.116411,LandslideGuard_Project_Master,,,,,,,,NO_TEMPORAL_DATA
26.180639,94.101028,LandslideGuard_Project_Master,,,,,,,,NO_TEMPORAL_DATA
26.109167,94.116167,LandslideGuard_Project_Master,,,,,,,,NO_TEMPORAL_DATA
26.111389,94.119028,LandslideGuard_Project_Master,,,,,,,,NO_TEMPORAL_DATA
26.122167,94.131528,LandslideGuard_Project_Master,,,,,,,,NO_TEMPORAL_DATA
26.125556,94.134639,LandslideGuard_Project_Master,,,,,,,,NO_TEMPORAL_DATA
26.1295,94.136111,LandslideGuard_Project_Master,,,,,,,,NO_TEMPORAL_DATA
26.130417,94.138889,LandslideGuard_Project_Master,,,,,,,,NO_TEMPORAL_DATA
26.143722,94.151111,LandslideGuard_Project_Master,,,,,,,,NO_TEMPORAL_DATA
26.179,94.182611,LandslideGuard_Project_Master,,,,,,,,NO_TEMPORAL_DATA
26.208417,94.204389,LandslideGuard_Project_Master,,,,,,,,NO_TEMPORAL_DATA
26.08875,94.202444,LandslideGuard_Project_Master,,,,,,,,NO_TEMPORAL_DATA
26.0905,94.204583,LandslideGuard_Project_Master,,,,,,,,NO_TEMPORAL_DATA
26.016528,94.171056,LandslideGuard_Project_Master,,,2016.0,,,2016.0,,YEAR_ONLY
26.013556,94.255139,LandslideGuard_Project_Master,,,,,,,,NO_TEMPORAL_DATA
26.016333,94.254306,LandslideGuard_Project_Master,,,,,,,,NO_TEMPORAL_DATA
26.017,94.254306,LandslideGuard_Project_Master,,,,,,,,NO_TEMPORAL_DATA
26.017472,94.254389,LandslideGuard_Project_Master,,,,,,,,NO_TEMPORAL_DATA
26.0325,94.256,LandslideGuard_Project_Master,,,,,,,,NO_TEMPORAL_DATA
26.033361,94.257111,LandslideGuard_Project_Master,,,,,,,,NO_TEMPORAL_DATA
26.067889,94.224889,LandslideGuard_Project_Master,,,2016.0,,,2016.0,,YEAR_ONLY
26.069722,94.223444,LandslideGuard_Project_Master,,,,,,,,NO_TEMPORAL_DATA
26.093972,94.217417,LandslideGuard_Project_Master,,,,,,,,NO_TEMPORAL_DATA
26.101583,94.253222,LandslideGuard_Project_Master,,,,,,,,NO_TEMPORAL_DATA
26.096778,94.252611,LandslideGuard_Project_Master,,,,,,,,NO_TEMPORAL_DATA
26.096722,94.253694,LandslideGuard_Project_Master,,,,,,,,NO_TEMPORAL_DATA
26.090056,94.256167,LandslideGuard_Project_Master,,,,,,,,NO_TEMPORAL_DATA
26.05925,94.244472,LandslideGuard_Project_Master,,,,,,,,NO_TEMPORAL_DATA
26.059222,94.2445,LandslideGuard_Project_Master,,,,,,,,NO_TEMPORAL_DATA
26.05925,94.251972,LandslideGuard_Project_Master,,,,,,,,NO_TEMPORAL_DATA
26.065972,94.270389,LandslideGuard_Project_Master,,,,,,,,NO_TEMPORAL_DATA
26.085389,94.258,LandslideGuard_Project_Master,,,,,,,,NO_TEMPORAL_DATA
26.085528,94.257556,LandslideGuard_Project_Master,,,,,,,,NO_TEMPORAL_DATA
26.084806,94.263083,LandslideGuard_Project_Master,,,,,,,,NO_TEMPORAL_DATA
26.082972,94.267528,LandslideGuard_Project_Master,,,,,,,,NO_TEMPORAL_DATA
26.088361,94.264222,LandslideGuard_Project_Master,,,,,,,,NO_TEMPORAL_DATA
26.0885,94.263944,LandslideGuard_Project_Master,,,,,,,,NO_TEMPORAL_DATA
26.094778,94.259278,LandslideGuard_Project_Master,,,,,,,,NO_TEMPORAL_DATA
26.105583,94.257778,LandslideGuard_Project_Master,,,,,,,,NO_TEMPORAL_DATA
26.070306,94.280586,LandslideGuard_Project_Master,,,,,,,,NO_TEMPORAL_DATA
26.037139,94.258306,LandslideGuard_Project_Master,,,,,,,,NO_TEMPORAL_DATA
26.033528,94.257306,LandslideGuard_Project_Master,,,,,,,,NO_TEMPORAL_DATA
26.022278,94.257556,LandslideGuard_Project_Master,,,,,,,,NO_TEMPORAL_DATA
26.056167,94.3065,LandslideGuard_Project_Master,,,,,,,,NO_TEMPORAL_DATA
26.053667,94.307917,LandslideGuard_Project_Master,,,,,,,,NO_TEMPORAL_DATA
26.026389,94.331722,LandslideGuard_Project_Master,,,,,,,,NO_TEMPORAL_DATA
26.103667,94.363139,LandslideGuard_Project_Master,,,,,,,,NO_TEMPORAL_DATA
26.088722,94.349833,LandslideGuard_Project_Master,,,,,,,,NO_TEMPORAL_DATA
26.104528,94.353833,LandslideGuard_Project_Master,,,,,,,,NO_TEMPORAL_DATA
26.107333,94.339139,LandslideGuard_Project_Master,,,,,,,,NO_TEMPORAL_DATA
26.104944,94.3375,LandslideGuard_Project_Master,,,,,,,,NO_TEMPORAL_DATA
26.090556,94.349083,LandslideGuard_Project_Master,,,,,,,,NO_TEMPORAL_DATA
26.089806,94.349306,LandslideGuard_Project_Master,,,,,,,,NO_TEMPORAL_DATA
26.068028,94.317833,LandslideGuard_Project_Master,,,,,,,,NO_TEMPORAL_DATA
26.067194,94.317611,LandslideGuard_Project_Master,,,,,,,,NO_TEMPORAL_DATA
26.116361,94.323778,LandslideGuard_Project_Master,,,,,,,,NO_TEMPORAL_DATA
26.131917,94.323611,LandslideGuard_Project_Master,,,,,,,,NO_TEMPORAL_DATA
26.127222,94.306444,LandslideGuard_Project_Master,,,,,,,,NO_TEMPORAL_DATA
26.117194,94.336972,LandslideGuard_Project_Master,,,,,,,,NO_TEMPORAL_DATA
26.11575,94.33075,LandslideGuard_Project_Master,,,,,,,,NO_TEMPORAL_DATA
26.113333,94.338611,LandslideGuard_Project_Master,,,,,,,,NO_TEMPORAL_DATA
26.1125,94.347556,LandslideGuard_Project_Master,,,,,,,,NO_TEMPORAL_DATA
26.193,94.292972,LandslideGuard_Project_Master,,,,,,,,NO_TEMPORAL_DATA
26.193278,94.295222,LandslideGuard_Project_Master,,,,,,,,NO_TEMPORAL_DATA
26.192667,94.282194,LandslideGuard_Project_Master,,,,,,,,NO_TEMPORAL_DATA
26.191611,94.284361,LandslideGuard_Project_Master,,,,,,,,NO_TEMPORAL_DATA
26.192972,94.283222,LandslideGuard_Project_Master,,,,,,,,NO_TEMPORAL_DATA
26.182583,94.263361,LandslideGuard_Project_Master,,,,,,,,NO_TEMPORAL_DATA
26.182611,94.264861,LandslideGuard_Project_Master,,,,,,,,NO_TEMPORAL_DATA
26.183889,94.265472,LandslideGuard_Project_Master,,,,,,,,NO_TEMPORAL_DATA
26.123806,94.294889,LandslideGuard_Project_Master,,,,,,,,NO_TEMPORAL_DATA
26.124083,94.294694,LandslideGuard_Project_Master,,,,,,,,NO_TEMPORAL_DATA
26.111278,94.257194,LandslideGuard_Project_Master,,,,,,,,NO_TEMPORAL_DATA
26.112194,94.259111,LandslideGuard_Project_Master,,,,,,,,NO_TEMPORAL_DATA
26.155083,94.250361,LandslideGuard_Project_Master,,,,,,,,NO_TEMPORAL_DATA
26.154917,94.250194,LandslideGuard_Project_Master,,,,,,,,NO_TEMPORAL_DATA
26.153306,94.240611,LandslideGuard_Project_Master,,,,,,,,NO_TEMPORAL_DATA
26.152278,94.241056,LandslideGuard_Project_Master,,,,,,,,NO_TEMPORAL_DATA
26.14425,94.246194,LandslideGuard_Project_Master,,,,,,,,NO_TEMPORAL_DATA
26.114222,94.254417,LandslideGuard_Project_Master,,,,,,,,NO_TEMPORAL_DATA
26.169389,94.24675,LandslideGuard_Project_Master,,,,,,,,NO_TEMPORAL_DATA
26.180944,94.249472,LandslideGuard_Project_Master,,,,,,,,NO_TEMPORAL_DATA
26.193056,94.2465,LandslideGuard_Project_Master,,,2016.0,,,2016.0,,YEAR_ONLY
26.204028,94.238389,LandslideGuard_Project_Master,,,,,,,,NO_TEMPORAL_DATA
26.2095,94.232083,LandslideGuard_Project_Master,,,2016.0,,,2016.0,,YEAR_ONLY
26.206111,94.223333,LandslideGuard_Project_Master,,,,,,,,NO_TEMPORAL_DATA
26.206528,94.223333,LandslideGuard_Project_Master,,,2016.0,,,2016.0,,YEAR_ONLY
26.202972,94.213417,LandslideGuard_Project_Master,,,2016.0,,,2016.0,,YEAR_ONLY
26.205889,94.221583,LandslideGuard_Project_Master,,,,,,,,NO_TEMPORAL_DATA
26.206778,94.215,LandslideGuard_Project_Master,,,2016.0,,,2016.0,,YEAR_ONLY
26.204472,94.214861,LandslideGuard_Project_Master,,,,,,,,NO_TEMPORAL_DATA
26.213889,94.211111,LandslideGuard_Project_Master,,,,,,,,NO_TEMPORAL_DATA
26.215889,94.212083,LandslideGuard_Project_Master,,,,,,,,NO_TEMPORAL_DATA
26.222306,94.214056,LandslideGuard_Project_Master,,,,,,,,NO_TEMPORAL_DATA
26.226972,94.211806,LandslideGuard_Project_Master,,,2016.0,,,2016.0,,YEAR_ONLY
26.234722,94.21525,LandslideGuard_Project_Master,,,,,,,,NO_TEMPORAL_DATA
26.231028,94.217083,LandslideGuard_Project_Master,,,2016.0,,,2016.0,,YEAR_ONLY
26.212222,94.234,LandslideGuard_Project_Master,,,,,,,,NO_TEMPORAL_DATA
26.212861,94.235889,LandslideGuard_Project_Master,,,2016.0,,,2016.0,,YEAR_ONLY
26.214389,94.236694,LandslideGuard_Project_Master,,,,,,,,NO_TEMPORAL_DATA
26.213389,94.235778,LandslideGuard_Project_Master,,,2016.0,,,2016.0,,YEAR_ONLY
26.216583,94.240556,LandslideGuard_Project_Master,,,2016.0,,,2016.0,,YEAR_ONLY
26.211028,94.241389,LandslideGuard_Project_Master,,,,,,,,NO_TEMPORAL_DATA
26.235278,94.215556,LandslideGuard_Project_Master,,,,,,,,NO_TEMPORAL_DATA
26.237,94.212611,LandslideGuard_Project_Master,,,,,,,,NO_TEMPORAL_DATA
26.235639,94.213417,LandslideGuard_Project_Master,,,,,,,,NO_TEMPORAL_DATA
26.236111,94.212639,LandslideGuard_Project_Master,,,,,,,,NO_TEMPORAL_DATA
26.236336,94.212222,LandslideGuard_Project_Master,,,,,,,,NO_TEMPORAL_DATA
26.299889,94.249667,LandslideGuard_Project_Master,,,1994.0,,,1994.0,,YEAR_ONLY
26.29325,94.251806,LandslideGuard_Project_Master,,,2001.0,,,2001.0,,YEAR_ONLY
26.2905,94.393222,LandslideGuard_Project_Master,,,2016.0,,,2016.0,,YEAR_ONLY
26.286222,94.364167,LandslideGuard_Project_Master,,,2016.0,,,2016.0,,YEAR_ONLY
26.41,94.37,LandslideGuard_Project_Master,,,,,,,,NO_TEMPORAL_DATA
26.41,94.37,LandslideGuard_Project_Master,,,,,,,,NO_TEMPORAL_DATA
26.333833,94.284333,LandslideGuard_Project_Master,,,,,,,,NO_TEMPORAL_DATA
26.331333,94.280389,LandslideGuard_Project_Master,,,2016.0,,,2016.0,,YEAR_ONLY
26.331028,94.279167,LandslideGuard_Project_Master,,,2003.0,,,2003.0,,YEAR_ONLY
26.33,94.279833,LandslideGuard_Project_Master,,,2010.0,,,2010.0,,YEAR_ONLY
26.237861,94.205028,LandslideGuard_Project_Master,,,,,,,,NO_TEMPORAL_DATA
26.23925,94.202222,LandslideGuard_Project_Master,,,2016.0,,,2016.0,,YEAR_ONLY
26.238694,94.203944,LandslideGuard_Project_Master,,,,,,,,NO_TEMPORAL_DATA
26.239167,94.200611,LandslideGuard_Project_Master,,,,,,,,NO_TEMPORAL_DATA
26.23675,94.209639,LandslideGuard_Project_Master,,,,,,,,NO_TEMPORAL_DATA
26.213111,94.208917,LandslideGuard_Project_Master,,,2016.0,,,2016.0,,YEAR_ONLY
26.230083,94.198,LandslideGuard_Project_Master,,,,,,,,NO_TEMPORAL_DATA
26.222492,94.167267,LandslideGuard_Project_Master,,,,,,,,NO_TEMPORAL_DATA
26.26,94.15,LandslideGuard_Project_Master,,,,,,,,NO_TEMPORAL_DATA
26.26,94.15,LandslideGuard_Project_Master,,,,,,,,NO_TEMPORAL_DATA
26.232944,94.130639,LandslideGuard_Project_Master,,,2015.0,,,2015.0,,YEAR_ONLY
26.232722,94.130806,LandslideGuard_Project_Master,,,2015.0,,,2015.0,,YEAR_ONLY
26.28,94.13,LandslideGuard_Project_Master,,,,,,,,NO_TEMPORAL_DATA
26.28,94.13,LandslideGuard_Project_Master,,,2017.0,,,2017.0,,YEAR_ONLY
26.27,94.14,LandslideGuard_Project_Master,,,,,,,,NO_TEMPORAL_DATA
26.3,94.11,LandslideGuard_Project_Master,,,,,,,,NO_TEMPORAL_DATA
26.3,94.11,LandslideGuard_Project_Master,,,,,,,,NO_TEMPORAL_DATA
26.29,94.11,LandslideGuard_Project_Master,,,,,,,,NO_TEMPORAL_DATA
26.29,94.11,LandslideGuard_Project_Master,,,,,,,,NO_TEMPORAL_DATA
26.29,94.11,LandslideGuard_Project_Master,,,2018.0,,,2018.0,,YEAR_ONLY
26.212972,94.116583,LandslideGuard_Project_Master,,,,,,,,NO_TEMPORAL_DATA
26.239167,94.071111,LandslideGuard_Project_Master,,,,,,,,NO_TEMPORAL_DATA
26.129722,94.019194,LandslideGuard_Project_Master,,,,,,,,NO_TEMPORAL_DATA
26.0075,94.021444,LandslideGuard_Project_Master,,,2016.0,,,2016.0,,YEAR_ONLY
26.011389,94.022722,LandslideGuard_Project_Master,,,2016.0,,,2016.0,,YEAR_ONLY
26.013722,94.009083,LandslideGuard_Project_Master,,,2015.0,,,2015.0,,YEAR_ONLY
26.0225,94.004444,LandslideGuard_Project_Master,,,,,,,,NO_TEMPORAL_DATA
26.0074,93.9988,LandslideGuard_Project_Master,,,,,,,,NO_TEMPORAL_DATA
26.0073,93.9983,LandslideGuard_Project_Master,,,,,,,,NO_TEMPORAL_DATA
26.07256,93.928,LandslideGuard_Project_Master,,,,,,,,NO_TEMPORAL_DATA
26.34838,93.78208,LandslideGuard_Project_Master,,,,,,,,NO_TEMPORAL_DATA
26.34938,93.78091,LandslideGuard_Project_Master,,,,,,,,NO_TEMPORAL_DATA
26.35622,93.77941,LandslideGuard_Project_Master,,,,,,,,NO_TEMPORAL_DATA
26.34075,93.78861,LandslideGuard_Project_Master,,,,,,,,NO_TEMPORAL_DATA
26.3466,93.7356,LandslideGuard_Project_Master,,,,,,,,NO_TEMPORAL_DATA
26.3477,93.7399,LandslideGuard_Project_Master,,,,,,,,NO_TEMPORAL_DATA
26.3478,93.7417,LandslideGuard_Project_Master,,,,,,,,NO_TEMPORAL_DATA
26.57708,93.65836,LandslideGuard_Project_Master,,,,,,,,NO_TEMPORAL_DATA
26.57447,93.66297,LandslideGuard_Project_Master,,,,,,,,NO_TEMPORAL_DATA
27.124444,93.742222,LandslideGuard_Project_Master,,,2008.0,,,2008.0,,YEAR_ONLY
27.123139,93.702139,LandslideGuard_Project_Master,,,,,,,,NO_TEMPORAL_DATA
27.112222,93.694444,LandslideGuard_Project_Master,,,2008.0,,,2008.0,,YEAR_ONLY
27.105556,93.699722,LandslideGuard_Project_Master,,,2008.0,,,2008.0,,YEAR_ONLY
27.088278,93.66925,LandslideGuard_Project_Master,,,,,,,,NO_TEMPORAL_DATA
27.106722,93.660111,LandslideGuard_Project_Master,,,,,,,,NO_TEMPORAL_DATA
27.106472,93.663889,LandslideGuard_Project_Master,,,2008.0,,,2008.0,,YEAR_ONLY
27.216278,93.655639,LandslideGuard_Project_Master,,,,,,,,NO_TEMPORAL_DATA
27.216639,93.691472,LandslideGuard_Project_Master,,,,,,,,NO_TEMPORAL_DATA
27.218611,93.695278,LandslideGuard_Project_Master,,,,,,,,NO_TEMPORAL_DATA
27.220833,93.698194,LandslideGuard_Project_Master,,,,,,,,NO_TEMPORAL_DATA
27.16,93.739167,LandslideGuard_Project_Master,,,,,,,,NO_TEMPORAL_DATA
27.128972,93.705333,LandslideGuard_Project_Master,,,,,,,,NO_TEMPORAL_DATA
27.1275,93.73164,LandslideGuard_Project_Master,,,2017.0,,,2017.0,,YEAR_ONLY
27.1275,93.73164,LandslideGuard_Project_Master,,,2017.0,,,2017.0,,YEAR_ONLY
27.163556,93.752306,LandslideGuard_Project_Master,,,,,,,,NO_TEMPORAL_DATA
27.165806,93.751167,LandslideGuard_Project_Master,,,,,,,,NO_TEMPORAL_DATA
27.193425,93.780983,LandslideGuard_Project_Master,,,2016.0,,,2016.0,,YEAR_ONLY
27.194111,93.780944,LandslideGuard_Project_Master,,,,,,,,NO_TEMPORAL_DATA
26.6,94.34,LandslideGuard_Project_Master,,,,,,,,NO_TEMPORAL_DATA
26.57,94.35,LandslideGuard_Project_Master,,,,,,,,NO_TEMPORAL_DATA
26.58,94.35,LandslideGuard_Project_Master,,,,,,,,NO_TEMPORAL_DATA
26.58,94.35,LandslideGuard_Project_Master,,,,,,,,NO_TEMPORAL_DATA
26.6,94.35,LandslideGuard_Project_Master,,,2018.0,,,2018.0,,YEAR_ONLY
26.6,94.35,LandslideGuard_Project_Master,,,2019.0,,,2019.0,,YEAR_ONLY
26.6,94.35,LandslideGuard_Project_Master,,,,,,,,NO_TEMPORAL_DATA
26.56,94.36,LandslideGuard_Project_Master,,,2019.0,,,2019.0,,YEAR_ONLY
26.56,94.36,LandslideGuard_Project_Master,,,2019.0,,,2019.0,,YEAR_ONLY
26.56,94.36,LandslideGuard_Project_Master,,,2019.0,,,2019.0,,YEAR_ONLY
26.56,94.36,LandslideGuard_Project_Master,,,,,,,,NO_TEMPORAL_DATA
26.56,94.36,LandslideGuard_Project_Master,,,,,,,,NO_TEMPORAL_DATA
26.56,94.36,LandslideGuard_Project_Master,,,,,,,,NO_TEMPORAL_DATA
26.55,94.36,LandslideGuard_Project_Master,,,2019.0,,,2019.0,,YEAR_ONLY
26.55,94.36,LandslideGuard_Project_Master,,,2019.0,,,2019.0,,YEAR_ONLY
26.55,94.36,LandslideGuard_Project_Master,,,2019.0,,,2019.0,,YEAR_ONLY
26.55,94.36,LandslideGuard_Project_Master,,,2019.0,,,2019.0,,YEAR_ONLY
26.54,94.37,LandslideGuard_Project_Master,,,2019.0,,,2019.0,,YEAR_ONLY
26.54,94.37,LandslideGuard_Project_Master,,,2019.0,,,2019.0,,YEAR_ONLY
26.54,94.37,LandslideGuard_Project_Master,,,2019.0,,,2019.0,,YEAR_ONLY
26.49,94.36,LandslideGuard_Project_Master,,,2018.0,,,2018.0,,YEAR_ONLY
26.49,94.36,LandslideGuard_Project_Master,,,,,,,,NO_TEMPORAL_DATA
26.49,94.37,LandslideGuard_Project_Master,,,2018.0,,,2018.0,,YEAR_ONLY
26.43,94.38,LandslideGuard_Project_Master,,,,,,,,NO_TEMPORAL_DATA
26.42,94.38,LandslideGuard_Project_Master,,,2018.0,,,2018.0,,YEAR_ONLY
26.5,94.43,LandslideGuard_Project_Master,,,2018.0,,,2018.0,,YEAR_ONLY
26.471889,94.454667,LandslideGuard_Project_Master,,,2016.0,,,2016.0,,YEAR_ONLY
26.475333,94.454833,LandslideGuard_Project_Master,,,,,,,,NO_TEMPORAL_DATA
26.486389,94.448389,LandslideGuard_Project_Master,,,,,,,,NO_TEMPORAL_DATA
26.479167,94.543806,LandslideGuard_Project_Master,,,,,,,,NO_TEMPORAL_DATA
26.588056,94.549111,LandslideGuard_Project_Master,,,,,,,,NO_TEMPORAL_DATA
26.6,94.49,LandslideGuard_Project_Master,,,2019.0,,,2019.0,,YEAR_ONLY
26.61,94.5,LandslideGuard_Project_Master,,,2018.0,,,2018.0,,YEAR_ONLY
26.55,94.44,LandslideGuard_Project_Master,,,2019.0,,,2019.0,,YEAR_ONLY
26.55,94.44,LandslideGuard_Project_Master,,,2018.0,,,2018.0,,YEAR_ONLY
26.54,94.44,LandslideGuard_Project_Master,,,2018.0,,,2018.0,,YEAR_ONLY
26.686961,94.544,LandslideGuard_Project_Master,,,,,,,,NO_TEMPORAL_DATA
26.688831,94.546019,LandslideGuard_Project_Master,,,,,,,,NO_TEMPORAL_DATA
26.68,94.534661,LandslideGuard_Project_Master,,,,,,,,NO_TEMPORAL_DATA
26.62,94.5,LandslideGuard_Project_Master,,,2018.0,,,2018.0,,YEAR_ONLY
26.66725,94.614028,LandslideGuard_Project_Master,,,,,,,,NO_TEMPORAL_DATA
26.66325,94.617083,LandslideGuard_Project_Master,,,,,,,,NO_TEMPORAL_DATA
26.680722,94.639306,LandslideGuard_Project_Master,,,,,,,,NO_TEMPORAL_DATA
26.684139,94.639083,LandslideGuard_Project_Master,,,,,,,,NO_TEMPORAL_DATA
26.70069,94.64383,LandslideGuard_Project_Master,,,,,,,,NO_TEMPORAL_DATA
26.703194,94.633917,LandslideGuard_Project_Master,,,,,,,,NO_TEMPORAL_DATA
26.701222,94.635083,LandslideGuard_Project_Master,,,,,,,,NO_TEMPORAL_DATA
26.695194,94.636194,LandslideGuard_Project_Master,,,,,,,,NO_TEMPORAL_DATA
26.697833,94.635056,LandslideGuard_Project_Master,,,,,,,,NO_TEMPORAL_DATA
26.698583,94.635167,LandslideGuard_Project_Master,,,,,,,,NO_TEMPORAL_DATA
26.706389,94.631167,LandslideGuard_Project_Master,,,,,,,,NO_TEMPORAL_DATA
26.719056,94.657528,LandslideGuard_Project_Master,,,,,,,,NO_TEMPORAL_DATA
26.719417,94.660667,LandslideGuard_Project_Master,,,,,,,,NO_TEMPORAL_DATA
26.674139,94.74625,LandslideGuard_Project_Master,,,,,,,,NO_TEMPORAL_DATA
26.674306,94.746306,LandslideGuard_Project_Master,,,,,,,,NO_TEMPORAL_DATA
26.673639,94.744139,LandslideGuard_Project_Master,,,,,,,,NO_TEMPORAL_DATA
26.673278,94.743833,LandslideGuard_Project_Master,,,,,,,,NO_TEMPORAL_DATA
26.70744,94.70858,LandslideGuard_Project_Master,,,,,,,,NO_TEMPORAL_DATA
26.70675,94.70475,LandslideGuard_Project_Master,,,,,,,,NO_TEMPORAL_DATA
26.635667,94.703611,LandslideGuard_Project_Master,,,,,,,,NO_TEMPORAL_DATA
26.590556,94.764167,LandslideGuard_Project_Master,,,,,,,,NO_TEMPORAL_DATA
26.561861,94.686611,LandslideGuard_Project_Master,,,,,,,,NO_TEMPORAL_DATA
26.556,94.680167,LandslideGuard_Project_Master,,,,,,,,NO_TEMPORAL_DATA
26.556861,94.680944,LandslideGuard_Project_Master,,,,,,,,NO_TEMPORAL_DATA
26.608167,94.645139,LandslideGuard_Project_Master,,,,,,,,NO_TEMPORAL_DATA
26.504917,94.662417,LandslideGuard_Project_Master,,,,,,,,NO_TEMPORAL_DATA
26.429361,94.623,LandslideGuard_Project_Master,,,,,,,,NO_TEMPORAL_DATA
26.426944,94.669,LandslideGuard_Project_Master,,,,,,,,NO_TEMPORAL_DATA
26.426417,94.668444,LandslideGuard_Project_Master,,,,,,,,NO_TEMPORAL_DATA
26.428,94.668611,LandslideGuard_Project_Master,,,,,,,,NO_TEMPORAL_DATA
26.431,94.669944,LandslideGuard_Project_Master,,,,,,,,NO_TEMPORAL_DATA
26.42575,94.669417,LandslideGuard_Project_Master,,,,,,,,NO_TEMPORAL_DATA
26.424472,94.67,LandslideGuard_Project_Master,,,,,,,,NO_TEMPORAL_DATA
26.463333,94.8575,LandslideGuard_Project_Master,,,,,,,,NO_TEMPORAL_DATA
26.461667,94.855,LandslideGuard_Project_Master,,,,,,,,NO_TEMPORAL_DATA
26.46,94.852222,LandslideGuard_Project_Master,,,,,,,,NO_TEMPORAL_DATA
26.488056,94.821389,LandslideGuard_Project_Master,,,,,,,,NO_TEMPORAL_DATA
26.510833,94.836944,LandslideGuard_Project_Master,,,,,,,,NO_TEMPORAL_DATA
26.491389,94.824444,LandslideGuard_Project_Master,,,,,,,,NO_TEMPORAL_DATA
26.494722,94.824722,LandslideGuard_Project_Master,,,,,,,,NO_TEMPORAL_DATA
26.490833,94.82,LandslideGuard_Project_Master,,,,,,,,NO_TEMPORAL_DATA
26.506111,94.794167,LandslideGuard_Project_Master,,,,,,,,NO_TEMPORAL_DATA
26.506389,94.796111,LandslideGuard_Project_Master,,,,,,,,NO_TEMPORAL_DATA
26.468611,94.806389,LandslideGuard_Project_Master,,,,,,,,NO_TEMPORAL_DATA
26.506389,94.787222,LandslideGuard_Project_Master,,,,,,,,NO_TEMPORAL_DATA
26.535556,94.788056,LandslideGuard_Project_Master,,,,,,,,NO_TEMPORAL_DATA
26.516111,94.785833,LandslideGuard_Project_Master,,,,,,,,NO_TEMPORAL_DATA
26.551111,94.79,LandslideGuard_Project_Master,,,,,,,,NO_TEMPORAL_DATA
26.556111,94.783333,LandslideGuard_Project_Master,,,,,,,,NO_TEMPORAL_DATA
26.552222,94.788611,LandslideGuard_Project_Master,,,,,,,,NO_TEMPORAL_DATA
26.562222,94.773056,LandslideGuard_Project_Master,,,,,,,,NO_TEMPORAL_DATA
26.529444,94.837778,LandslideGuard_Project_Master,,,,,,,,NO_TEMPORAL_DATA
26.541389,94.946389,LandslideGuard_Project_Master,,,,,,,,NO_TEMPORAL_DATA
26.542778,94.944167,LandslideGuard_Project_Master,,,,,,,,NO_TEMPORAL_DATA
26.545,94.941389,LandslideGuard_Project_Master,,,,,,,,NO_TEMPORAL_DATA
26.435556,94.863056,LandslideGuard_Project_Master,,,,,,,,NO_TEMPORAL_DATA
26.434722,94.863056,LandslideGuard_Project_Master,,,,,,,,NO_TEMPORAL_DATA
26.435278,94.863333,LandslideGuard_Project_Master,,,,,,,,NO_TEMPORAL_DATA
26.433889,94.864444,LandslideGuard_Project_Master,,,,,,,,NO_TEMPORAL_DATA
26.424167,94.863889,LandslideGuard_Project_Master,,,,,,,,NO_TEMPORAL_DATA
26.4175,94.960278,LandslideGuard_Project_Master,,,,,,,,NO_TEMPORAL_DATA
26.417222,94.960833,LandslideGuard_Project_Master,,,,,,,,NO_TEMPORAL_DATA
26.420556,94.973056,LandslideGuard_Project_Master,,,,,,,,NO_TEMPORAL_DATA
26.418333,94.967778,LandslideGuard_Project_Master,,,,,,,,NO_TEMPORAL_DATA
26.418333,94.968056,LandslideGuard_Project_Master,,,,,,,,NO_TEMPORAL_DATA
26.418611,94.966111,LandslideGuard_Project_Master,,,,,,,,NO_TEMPORAL_DATA
26.41931,94.97369,LandslideGuard_Project_Master,,,,,,,,NO_TEMPORAL_DATA
26.421389,94.975,LandslideGuard_Project_Master,,,,,,,,NO_TEMPORAL_DATA
26.439528,95.032278,LandslideGuard_Project_Master,,,,,,,,NO_TEMPORAL_DATA
26.439389,95.031806,LandslideGuard_Project_Master,,,,,,,,NO_TEMPORAL_DATA
26.4285,95.0185,LandslideGuard_Project_Master,,,,,,,,NO_TEMPORAL_DATA
26.421667,95.011306,LandslideGuard_Project_Master,,,,,,,,NO_TEMPORAL_DATA
26.425222,95.021694,LandslideGuard_Project_Master,,,,,,,,NO_TEMPORAL_DATA
26.420167,95.053833,LandslideGuard_Project_Master,,,,,,,,NO_TEMPORAL_DATA
26.415417,95.053667,LandslideGuard_Project_Master,,,,,,,,NO_TEMPORAL_DATA
26.427222,95.052389,LandslideGuard_Project_Master,,,,,,,,NO_TEMPORAL_DATA
26.431639,95.048417,LandslideGuard_Project_Master,,,,,,,,NO_TEMPORAL_DATA
26.441056,95.046111,LandslideGuard_Project_Master,,,,,,,,NO_TEMPORAL_DATA
26.563667,95.090139,LandslideGuard_Project_Master,,,,,,,,NO_TEMPORAL_DATA
26.550472,95.101889,LandslideGuard_Project_Master,,,,,,,,NO_TEMPORAL_DATA
26.550528,95.099583,LandslideGuard_Project_Master,,,,,,,,NO_TEMPORAL_DATA
26.55075,95.098083,LandslideGuard_Project_Master,,,,,,,,NO_TEMPORAL_DATA
26.548056,95.0905,LandslideGuard_Project_Master,,,,,,,,NO_TEMPORAL_DATA
26.547167,95.092167,LandslideGuard_Project_Master,,,,,,,,NO_TEMPORAL_DATA
26.5585,95.097417,LandslideGuard_Project_Master,,,,,,,,NO_TEMPORAL_DATA
26.5715,95.097639,LandslideGuard_Project_Master,,,,,,,,NO_TEMPORAL_DATA
26.571417,95.0985,LandslideGuard_Project_Master,,,,,,,,NO_TEMPORAL_DATA
26.571222,95.096361,LandslideGuard_Project_Master,,,,,,,,NO_TEMPORAL_DATA
26.572889,95.098944,LandslideGuard_Project_Master,,,,,,,,NO_TEMPORAL_DATA
26.576806,95.096889,LandslideGuard_Project_Master,,,,,,,,NO_TEMPORAL_DATA
26.577389,95.096306,LandslideGuard_Project_Master,,,,,,,,NO_TEMPORAL_DATA
26.57725,95.095694,LandslideGuard_Project_Master,,,,,,,,NO_TEMPORAL_DATA
26.57625,95.095842,LandslideGuard_Project_Master,,,,,,,,NO_TEMPORAL_DATA
26.576417,95.092972,LandslideGuard_Project_Master,,,,,,,,NO_TEMPORAL_DATA
26.580667,95.093056,LandslideGuard_Project_Master,,,,,,,,NO_TEMPORAL_DATA
26.592167,95.012111,LandslideGuard_Project_Master,,,,,,,,NO_TEMPORAL_DATA
26.588806,95.017667,LandslideGuard_Project_Master,,,,,,,,NO_TEMPORAL_DATA
26.582861,95.020306,LandslideGuard_Project_Master,,,,,,,,NO_TEMPORAL_DATA
26.578028,95.028278,LandslideGuard_Project_Master,,,,,,,,NO_TEMPORAL_DATA
26.555,94.9525,LandslideGuard_Project_Master,,,,,,,,NO_TEMPORAL_DATA
26.59,94.983056,LandslideGuard_Project_Master,,,,,,,,NO_TEMPORAL_DATA
26.596389,94.990833,LandslideGuard_Project_Master,,,,,,,,NO_TEMPORAL_DATA
26.625556,94.970833,LandslideGuard_Project_Master,,,,,,,,NO_TEMPORAL_DATA
26.641111,94.990278,LandslideGuard_Project_Master,,,,,,,,NO_TEMPORAL_DATA
26.639167,94.989444,LandslideGuard_Project_Master,,,,,,,,NO_TEMPORAL_DATA
26.637222,94.981389,LandslideGuard_Project_Master,,,,,,,,NO_TEMPORAL_DATA
26.711639,95.014944,LandslideGuard_Project_Master,,,,,,,,NO_TEMPORAL_DATA
26.712306,95.012583,LandslideGuard_Project_Master,,,,,,,,NO_TEMPORAL_DATA
26.710611,95.020278,LandslideGuard_Project_Master,,,,,,,,NO_TEMPORAL_DATA
26.71125,95.016722,LandslideGuard_Project_Master,,,,,,,,NO_TEMPORAL_DATA
26.7175,95.03125,LandslideGuard_Project_Master,,,,,,,,NO_TEMPORAL_DATA
26.718556,95.033222,LandslideGuard_Project_Master,,,,,,,,NO_TEMPORAL_DATA
26.6575,95.012028,LandslideGuard_Project_Master,,,,,,,,NO_TEMPORAL_DATA
26.6435,95.075444,LandslideGuard_Project_Master,,,,,,,,NO_TEMPORAL_DATA
26.644083,95.075167,LandslideGuard_Project_Master,,,,,,,,NO_TEMPORAL_DATA
26.642694,95.075306,LandslideGuard_Project_Master,,,,,,,,NO_TEMPORAL_DATA
26.646917,95.074944,LandslideGuard_Project_Master,,,,,,,,NO_TEMPORAL_DATA
26.639472,95.075083,LandslideGuard_Project_Master,,,,,,,,NO_TEMPORAL_DATA
26.641861,95.07475,LandslideGuard_Project_Master,,,,,,,,NO_TEMPORAL_DATA
26.62625,95.120139,LandslideGuard_Project_Master,,,,,,,,NO_TEMPORAL_DATA
26.62125,95.12575,LandslideGuard_Project_Master,,,,,,,,NO_TEMPORAL_DATA
26.638861,95.123333,LandslideGuard_Project_Master,,,,,,,,NO_TEMPORAL_DATA
26.650333,95.125194,LandslideGuard_Project_Master,,,,,,,,NO_TEMPORAL_DATA
26.651389,95.12525,LandslideGuard_Project_Master,,,,,,,,NO_TEMPORAL_DATA
26.706194,95.110333,LandslideGuard_Project_Master,,,,,,,,NO_TEMPORAL_DATA
26.711222,95.074222,LandslideGuard_Project_Master,,,,,,,,NO_TEMPORAL_DATA
26.706028,95.078361,LandslideGuard_Project_Master,,,,,,,,NO_TEMPORAL_DATA
26.694917,95.07275,LandslideGuard_Project_Master,,,,,,,,NO_TEMPORAL_DATA
26.697111,95.077083,LandslideGuard_Project_Master,,,,,,,,NO_TEMPORAL_DATA
26.699056,95.079417,LandslideGuard_Project_Master,,,,,,,,NO_TEMPORAL_DATA
26.7015,95.079361,LandslideGuard_Project_Master,,,,,,,,NO_TEMPORAL_DATA
26.732306,95.055722,LandslideGuard_Project_Master,,,,,,,,NO_TEMPORAL_DATA
26.747806,95.062,LandslideGuard_Project_Master,,,,,,,,NO_TEMPORAL_DATA
26.750028,95.064417,LandslideGuard_Project_Master,,,,,,,,NO_TEMPORAL_DATA
26.749972,95.064389,LandslideGuard_Project_Master,,,,,,,,NO_TEMPORAL_DATA
26.768833,95.086194,LandslideGuard_Project_Master,,,,,,,,NO_TEMPORAL_DATA
26.768667,95.086222,LandslideGuard_Project_Master,,,,,,,,NO_TEMPORAL_DATA
26.767972,95.087028,LandslideGuard_Project_Master,,,,,,,,NO_TEMPORAL_DATA
26.759389,95.108944,LandslideGuard_Project_Master,,,,,,,,NO_TEMPORAL_DATA
26.760194,95.107778,LandslideGuard_Project_Master,,,,,,,,NO_TEMPORAL_DATA
26.759167,95.110972,LandslideGuard_Project_Master,,,,,,,,NO_TEMPORAL_DATA
26.758056,95.11175,LandslideGuard_Project_Master,,,,,,,,NO_TEMPORAL_DATA
26.758306,95.112889,LandslideGuard_Project_Master,,,,,,,,NO_TEMPORAL_DATA
26.820528,95.078722,LandslideGuard_Project_Master,,,,,,,,NO_TEMPORAL_DATA
26.816056,95.074639,LandslideGuard_Project_Master,,,,,,,,NO_TEMPORAL_DATA
26.81775,95.072917,LandslideGuard_Project_Master,,,,,,,,NO_TEMPORAL_DATA
26.818889,95.072222,LandslideGuard_Project_Master,,,,,,,,NO_TEMPORAL_DATA
26.818167,95.072417,LandslideGuard_Project_Master,,,,,,,,NO_TEMPORAL_DATA
26.817417,95.072694,LandslideGuard_Project_Master,,,,,,,,NO_TEMPORAL_DATA
26.813917,95.075667,LandslideGuard_Project_Master,,,,,,,,NO_TEMPORAL_DATA
26.812389,95.076444,LandslideGuard_Project_Master,,,,,,,,NO_TEMPORAL_DATA
26.773611,95.077611,LandslideGuard_Project_Master,,,,,,,,NO_TEMPORAL_DATA
26.773583,95.077389,LandslideGuard_Project_Master,,,,,,,,NO_TEMPORAL_DATA
26.775667,95.072917,LandslideGuard_Project_Master,,,,,,,,NO_TEMPORAL_DATA
26.775889,95.072694,LandslideGuard_Project_Master,,,,,,,,NO_TEMPORAL_DATA
26.775944,95.072583,LandslideGuard_Project_Master,,,,,,,,NO_TEMPORAL_DATA
26.778444,95.069083,LandslideGuard_Project_Master,,,,,,,,NO_TEMPORAL_DATA
26.777056,95.069361,LandslideGuard_Project_Master,,,,,,,,NO_TEMPORAL_DATA
26.784222,95.069944,LandslideGuard_Project_Master,,,,,,,,NO_TEMPORAL_DATA
26.788611,95.068194,LandslideGuard_Project_Master,,,,,,,,NO_TEMPORAL_DATA
26.78825,95.068361,LandslideGuard_Project_Master,,,,,,,,NO_TEMPORAL_DATA
26.787333,95.068917,LandslideGuard_Project_Master,,,,,,,,NO_TEMPORAL_DATA
26.78725,95.068972,LandslideGuard_Project_Master,,,,,,,,NO_TEMPORAL_DATA
26.786972,95.071222,LandslideGuard_Project_Master,,,,,,,,NO_TEMPORAL_DATA
26.787,95.070083,LandslideGuard_Project_Master,,,,,,,,NO_TEMPORAL_DATA
26.784694,95.072222,LandslideGuard_Project_Master,,,,,,,,NO_TEMPORAL_DATA
26.7855,95.071861,LandslideGuard_Project_Master,,,,,,,,NO_TEMPORAL_DATA
26.785722,95.071889,LandslideGuard_Project_Master,,,,,,,,NO_TEMPORAL_DATA
26.785222,95.070556,LandslideGuard_Project_Master,,,,,,,,NO_TEMPORAL_DATA
26.784806,95.070833,LandslideGuard_Project_Master,,,,,,,,NO_TEMPORAL_DATA
26.794472,95.072722,LandslideGuard_Project_Master,,,,,,,,NO_TEMPORAL_DATA
26.794056,95.072861,LandslideGuard_Project_Master,,,,,,,,NO_TEMPORAL_DATA
26.804028,95.003722,LandslideGuard_Project_Master,,,,,,,,NO_TEMPORAL_DATA
26.782472,95.009028,LandslideGuard_Project_Master,,,,,,,,NO_TEMPORAL_DATA
26.777056,95.020361,LandslideGuard_Project_Master,,,,,,,,NO_TEMPORAL_DATA
26.727889,95.040389,LandslideGuard_Project_Master,,,,,,,,NO_TEMPORAL_DATA
26.724278,95.042833,LandslideGuard_Project_Master,,,,,,,,NO_TEMPORAL_DATA
26.724278,95.042833,LandslideGuard_Project_Master,,,,,,,,NO_TEMPORAL_DATA
26.722722,95.043361,LandslideGuard_Project_Master,,,,,,,,NO_TEMPORAL_DATA
26.727722,95.033056,LandslideGuard_Project_Master,,,,,,,,NO_TEMPORAL_DATA
26.728556,95.032306,LandslideGuard_Project_Master,,,,,,,,NO_TEMPORAL_DATA
26.728556,95.031944,LandslideGuard_Project_Master,,,,,,,,NO_TEMPORAL_DATA
26.72875,95.031194,LandslideGuard_Project_Master,,,,,,,,NO_TEMPORAL_DATA
26.726667,95.027278,LandslideGuard_Project_Master,,,,,,,,NO_TEMPORAL_DATA
26.728167,95.029889,LandslideGuard_Project_Master,,,,,,,,NO_TEMPORAL_DATA
26.724639,95.031528,LandslideGuard_Project_Master,,,,,,,,NO_TEMPORAL_DATA
26.723,95.029139,LandslideGuard_Project_Master,,,,,,,,NO_TEMPORAL_DATA
26.724833,95.025861,LandslideGuard_Project_Master,,,,,,,,NO_TEMPORAL_DATA
26.725083,95.023861,LandslideGuard_Project_Master,,,,,,,,NO_TEMPORAL_DATA
26.725444,95.022,LandslideGuard_Project_Master,,,,,,,,NO_TEMPORAL_DATA
26.731944,95.018361,LandslideGuard_Project_Master,,,,,,,,NO_TEMPORAL_DATA
26.730222,95.02025,LandslideGuard_Project_Master,,,,,,,,NO_TEMPORAL_DATA
26.729972,95.018778,LandslideGuard_Project_Master,,,,,,,,NO_TEMPORAL_DATA
26.749444,94.999444,LandslideGuard_Project_Master,,,,,,,,NO_TEMPORAL_DATA
26.758306,94.955806,LandslideGuard_Project_Master,,,,,,,,NO_TEMPORAL_DATA
26.749722,94.827222,LandslideGuard_Project_Master,,,,,,,,NO_TEMPORAL_DATA
26.834194,95.081639,LandslideGuard_Project_Master,,,,,,,,NO_TEMPORAL_DATA
26.8365,95.081306,LandslideGuard_Project_Master,,,,,,,,NO_TEMPORAL_DATA
26.835417,95.080444,LandslideGuard_Project_Master,,,,,,,,NO_TEMPORAL_DATA
26.834556,95.081111,LandslideGuard_Project_Master,,,,,,,,NO_TEMPORAL_DATA
26.833889,95.080972,LandslideGuard_Project_Master,,,,,,,,NO_TEMPORAL_DATA
26.834778,95.080639,LandslideGuard_Project_Master,,,,,,,,NO_TEMPORAL_DATA
26.834972,95.080528,LandslideGuard_Project_Master,,,,,,,,NO_TEMPORAL_DATA
26.834,95.079806,LandslideGuard_Project_Master,,,,,,,,NO_TEMPORAL_DATA
26.841139,95.079694,LandslideGuard_Project_Master,,,,,,,,NO_TEMPORAL_DATA
26.841222,95.079556,LandslideGuard_Project_Master,,,,,,,,NO_TEMPORAL_DATA
26.841667,95.079333,LandslideGuard_Project_Master,,,,,,,,NO_TEMPORAL_DATA
26.840694,95.080333,LandslideGuard_Project_Master,,,,,,,,NO_TEMPORAL_DATA
26.844028,95.080972,LandslideGuard_Project_Master,,,,,,,,NO_TEMPORAL_DATA
26.84325,95.080306,LandslideGuard_Project_Master,,,,,,,,NO_TEMPORAL_DATA
26.84425,95.080278,LandslideGuard_Project_Master,,,,,,,,NO_TEMPORAL_DATA
26.845472,95.077639,LandslideGuard_Project_Master,,,,,,,,NO_TEMPORAL_DATA
26.846139,95.077861,LandslideGuard_Project_Master,,,,,,,,NO_TEMPORAL_DATA
26.845278,95.077167,LandslideGuard_Project_Master,,,,,,,,NO_TEMPORAL_DATA
26.844389,95.077667,LandslideGuard_Project_Master,,,,,,,,NO_TEMPORAL_DATA
26.831889,95.077944,LandslideGuard_Project_Master,,,,,,,,NO_TEMPORAL_DATA
26.831417,95.077917,LandslideGuard_Project_Master,,,,,,,,NO_TEMPORAL_DATA
26.831778,95.078028,LandslideGuard_Project_Master,,,,,,,,NO_TEMPORAL_DATA
26.824278,95.077,LandslideGuard_Project_Master,,,,,,,,NO_TEMPORAL_DATA
26.824694,95.076889,LandslideGuard_Project_Master,,,,,,,,NO_TEMPORAL_DATA
26.825,95.076778,LandslideGuard_Project_Master,,,,,,,,NO_TEMPORAL_DATA
26.826194,95.075917,LandslideGuard_Project_Master,,,,,,,,NO_TEMPORAL_DATA
26.820806,95.077889,LandslideGuard_Project_Master,,,,,,,,NO_TEMPORAL_DATA
26.821722,95.078389,LandslideGuard_Project_Master,,,,,,,,NO_TEMPORAL_DATA
26.822139,95.078944,LandslideGuard_Project_Master,,,,,,,,NO_TEMPORAL_DATA
27.834083,94.768972,LandslideGuard_Project_Master,,,,,,,,NO_TEMPORAL_DATA
27.790489,94.958147,LandslideGuard_Project_Master,,,,,,,,NO_TEMPORAL_DATA
27.793761,94.959097,LandslideGuard_Project_Master,,,,,,,,NO_TEMPORAL_DATA
27.951306,95.074056,LandslideGuard_Project_Master,,,,,,,,NO_TEMPORAL_DATA
27.944389,95.117586,LandslideGuard_Project_Master,,,,,,,,NO_TEMPORAL_DATA
27.893389,94.842194,LandslideGuard_Project_Master,,,,,,,,NO_TEMPORAL_DATA
27.897361,94.844111,LandslideGuard_Project_Master,,,,,,,,NO_TEMPORAL_DATA
27.870361,94.817861,LandslideGuard_Project_Master,,,,,,,,NO_TEMPORAL_DATA
27.859444,94.789222,LandslideGuard_Project_Master,,,,,,,,NO_TEMPORAL_DATA
27.858889,94.78875,LandslideGuard_Project_Master,,,,,,,,NO_TEMPORAL_DATA
27.858972,94.783917,LandslideGuard_Project_Master,,,,,,,,NO_TEMPORAL_DATA
27.839817,94.778642,LandslideGuard_Project_Master,,,,,,,,NO_TEMPORAL_DATA
27.847111,94.783139,LandslideGuard_Project_Master,,,,,,,,NO_TEMPORAL_DATA
27.840972,94.771167,LandslideGuard_Project_Master,,,,,,,,NO_TEMPORAL_DATA
27.868667,94.787083,LandslideGuard_Project_Master,,,,,,,,NO_TEMPORAL_DATA
27.957306,94.68625,LandslideGuard_Project_Master,,,,,,,,NO_TEMPORAL_DATA
27.94175,94.695694,LandslideGuard_Project_Master,,,,,,,,NO_TEMPORAL_DATA
27.942917,94.694528,LandslideGuard_Project_Master,,,,,,,,NO_TEMPORAL_DATA
27.944444,94.692528,LandslideGuard_Project_Master,,,,,,,,NO_TEMPORAL_DATA
28.029848,94.616455,LandslideGuard_Project_Master,,,,,,,,NO_TEMPORAL_DATA
28.026515,94.590918,LandslideGuard_Project_Master,,,,,,,,NO_TEMPORAL_DATA
28.024169,94.582184,LandslideGuard_Project_Master,,,,,,,,NO_TEMPORAL_DATA
28.026733,94.593471,LandslideGuard_Project_Master,,,,,,,,NO_TEMPORAL_DATA
27.938056,94.700306,LandslideGuard_Project_Master,,,,,,,,NO_TEMPORAL_DATA
27.937861,94.702139,LandslideGuard_Project_Master,,,,,,,,NO_TEMPORAL_DATA
27.933611,94.703472,LandslideGuard_Project_Master,,,,,,,,NO_TEMPORAL_DATA
27.910417,94.739528,LandslideGuard_Project_Master,,,,,,,,NO_TEMPORAL_DATA
27.913333,94.737472,LandslideGuard_Project_Master,,,,,,,,NO_TEMPORAL_DATA
27.909278,94.736111,LandslideGuard_Project_Master,,,,,,,,NO_TEMPORAL_DATA
27.912806,94.726972,LandslideGuard_Project_Master,,,,,,,,NO_TEMPORAL_DATA
27.914944,94.721806,LandslideGuard_Project_Master,,,,,,,,NO_TEMPORAL_DATA
27.825694,94.747,LandslideGuard_Project_Master,,,,,,,,NO_TEMPORAL_DATA
27.797389,94.735333,LandslideGuard_Project_Master,,,,,,,,NO_TEMPORAL_DATA
27.794333,94.73075,LandslideGuard_Project_Master,,,,,,,,NO_TEMPORAL_DATA
27.793917,94.728806,LandslideGuard_Project_Master,,,,,,,,NO_TEMPORAL_DATA
27.821889,94.730417,LandslideGuard_Project_Master,,,,,,,,NO_TEMPORAL_DATA
27.821278,94.730278,LandslideGuard_Project_Master,,,,,,,,NO_TEMPORAL_DATA
27.824889,94.739556,LandslideGuard_Project_Master,,,,,,,,NO_TEMPORAL_DATA
27.823139,94.732972,LandslideGuard_Project_Master,,,,,,,,NO_TEMPORAL_DATA
27.804944,94.719861,LandslideGuard_Project_Master,,,,,,,,NO_TEMPORAL_DATA
27.804361,94.715056,LandslideGuard_Project_Master,,,,,,,,NO_TEMPORAL_DATA
27.777278,94.715583,LandslideGuard_Project_Master,,,,,,,,NO_TEMPORAL_DATA
27.773972,94.7135,LandslideGuard_Project_Master,,,,,,,,NO_TEMPORAL_DATA
27.760194,94.712278,LandslideGuard_Project_Master,,,,,,,,NO_TEMPORAL_DATA
27.762,94.712278,LandslideGuard_Project_Master,,,,,,,,NO_TEMPORAL_DATA
27.759556,94.712333,LandslideGuard_Project_Master,,,,,,,,NO_TEMPORAL_DATA
27.757417,94.716167,LandslideGuard_Project_Master,,,,,,,,NO_TEMPORAL_DATA
27.754806,94.715444,LandslideGuard_Project_Master,,,,,,,,NO_TEMPORAL_DATA
27.752611,94.7175,LandslideGuard_Project_Master,,,,,,,,NO_TEMPORAL_DATA
27.786833,94.720111,LandslideGuard_Project_Master,,,,,,,,NO_TEMPORAL_DATA
27.788194,94.724194,LandslideGuard_Project_Master,,,,,,,,NO_TEMPORAL_DATA
27.720444,94.721528,LandslideGuard_Project_Master,,,,,,,,NO_TEMPORAL_DATA
27.662194,94.702667,LandslideGuard_Project_Master,,,,,,,,NO_TEMPORAL_DATA
27.664972,94.693861,LandslideGuard_Project_Master,,,,,,,,NO_TEMPORAL_DATA
27.683889,94.682444,LandslideGuard_Project_Master,,,,,,,,NO_TEMPORAL_DATA
27.688,94.67875,LandslideGuard_Project_Master,,,,,,,,NO_TEMPORAL_DATA
27.688583,94.681,LandslideGuard_Project_Master,,,,,,,,NO_TEMPORAL_DATA
27.70625,94.673833,LandslideGuard_Project_Master,,,,,,,,NO_TEMPORAL_DATA
27.703222,94.67275,LandslideGuard_Project_Master,,,,,,,,NO_TEMPORAL_DATA
28.014765,94.569467,LandslideGuard_Project_Master,,,,,,,,NO_TEMPORAL_DATA
28.013577,94.568456,LandslideGuard_Project_Master,,,,,,,,NO_TEMPORAL_DATA
28.022667,94.574294,LandslideGuard_Project_Master,,,,,,,,NO_TEMPORAL_DATA
28.024691,94.553634,LandslideGuard_Project_Master,,,,,,,,NO_TEMPORAL_DATA
28.021678,94.536256,LandslideGuard_Project_Master,,,,,,,,NO_TEMPORAL_DATA
28.022249,94.535672,LandslideGuard_Project_Master,,,,,,,,NO_TEMPORAL_DATA
27.995889,94.525941,LandslideGuard_Project_Master,,,,,,,,NO_TEMPORAL_DATA
27.979306,94.228528,LandslideGuard_Project_Master,,,,,,,,NO_TEMPORAL_DATA
27.965819,94.293672,LandslideGuard_Project_Master,,,,,,,,NO_TEMPORAL_DATA
28.005389,94.201306,LandslideGuard_Project_Master,,,,,,,,NO_TEMPORAL_DATA
28.003861,94.201944,LandslideGuard_Project_Master,,,,,,,,NO_TEMPORAL_DATA
27.8305,94.157444,LandslideGuard_Project_Master,,,,,,,,NO_TEMPORAL_DATA
27.81975,94.138722,LandslideGuard_Project_Master,,,,,,,,NO_TEMPORAL_DATA
27.813833,94.134333,LandslideGuard_Project_Master,,,,,,,,NO_TEMPORAL_DATA
27.822556,94.135417,LandslideGuard_Project_Master,,,,,,,,NO_TEMPORAL_DATA
27.821861,94.104806,LandslideGuard_Project_Master,,,,,,,,NO_TEMPORAL_DATA
27.759361,94.047083,LandslideGuard_Project_Master,,,,,,,,NO_TEMPORAL_DATA
27.758889,94.059833,LandslideGuard_Project_Master,,,,,,,,NO_TEMPORAL_DATA
27.622972,93.841361,LandslideGuard_Project_Master,,,,,,,,NO_TEMPORAL_DATA
27.62225,93.840778,LandslideGuard_Project_Master,,,,,,,,NO_TEMPORAL_DATA
27.339267,93.802581,LandslideGuard_Project_Master,,,2016.0,,,2016.0,,YEAR_ONLY
27.339833,93.805167,LandslideGuard_Project_Master,,,,,,,,NO_TEMPORAL_DATA
27.336667,93.820722,LandslideGuard_Project_Master,,,,,,,,NO_TEMPORAL_DATA
27.337028,93.821306,LandslideGuard_Project_Master,,,,,,,,NO_TEMPORAL_DATA
27.334056,93.819417,LandslideGuard_Project_Master,,,,,,,,NO_TEMPORAL_DATA
27.325806,93.822389,LandslideGuard_Project_Master,,,,,,,,NO_TEMPORAL_DATA
27.328528,93.812528,LandslideGuard_Project_Master,,,,,,,,NO_TEMPORAL_DATA
27.327583,93.813389,LandslideGuard_Project_Master,,,,,,,,NO_TEMPORAL_DATA
27.307072,93.806008,LandslideGuard_Project_Master,,,2016.0,,,2016.0,,YEAR_ONLY
27.307111,93.806306,LandslideGuard_Project_Master,,,,,,,,NO_TEMPORAL_DATA
27.300833,93.802833,LandslideGuard_Project_Master,,,,,,,,NO_TEMPORAL_DATA
27.294278,93.802056,LandslideGuard_Project_Master,,,,,,,,NO_TEMPORAL_DATA
27.294886,93.803328,LandslideGuard_Project_Master,,,2016.0,,,2016.0,,YEAR_ONLY
27.291083,93.796806,LandslideGuard_Project_Master,,,,,,,,NO_TEMPORAL_DATA
27.27925,93.796444,LandslideGuard_Project_Master,,,,,,,,NO_TEMPORAL_DATA
27.236306,93.807167,LandslideGuard_Project_Master,,,,,,,,NO_TEMPORAL_DATA
27.238222,93.806444,LandslideGuard_Project_Master,,,,,,,,NO_TEMPORAL_DATA
27.238917,93.806083,LandslideGuard_Project_Master,,,,,,,,NO_TEMPORAL_DATA
27.23995,93.806589,LandslideGuard_Project_Master,,,2016.0,,,2016.0,,YEAR_ONLY
27.228167,93.799111,LandslideGuard_Project_Master,,,,,,,,NO_TEMPORAL_DATA
27.246131,93.804711,LandslideGuard_Project_Master,,,2016.0,,,2016.0,,YEAR_ONLY
27.246111,93.804667,LandslideGuard_Project_Master,,,,,,,,NO_TEMPORAL_DATA
27.254756,93.801303,LandslideGuard_Project_Master,,,2016.0,,,2016.0,,YEAR_ONLY
27.267722,93.80125,LandslideGuard_Project_Master,,,,,,,,NO_TEMPORAL_DATA
27.269861,93.802361,LandslideGuard_Project_Master,,,,,,,,NO_TEMPORAL_DATA
27.270019,93.799333,LandslideGuard_Project_Master,,,,,,,,NO_TEMPORAL_DATA
27.2745,93.797833,LandslideGuard_Project_Master,,,,,,,,NO_TEMPORAL_DATA
27.27625,93.795889,LandslideGuard_Project_Master,,,,,,,,NO_TEMPORAL_DATA
27.260722,93.780306,LandslideGuard_Project_Master,,,,,,,,NO_TEMPORAL_DATA
27.258556,93.778167,LandslideGuard_Project_Master,,,,,,,,NO_TEMPORAL_DATA
27.260444,93.7895,LandslideGuard_Project_Master,,,,,,,,NO_TEMPORAL_DATA
27.260222,93.7895,LandslideGuard_Project_Master,,,,,,,,NO_TEMPORAL_DATA
27.260222,93.7895,LandslideGuard_Project_Master,,,,,,,,NO_TEMPORAL_DATA
27.248167,93.765889,LandslideGuard_Project_Master,,,,,,,,NO_TEMPORAL_DATA
27.24675,93.765333,LandslideGuard_Project_Master,,,,,,,,NO_TEMPORAL_DATA
27.240556,93.750417,LandslideGuard_Project_Master,,,,,,,,NO_TEMPORAL_DATA
27.241056,93.749306,LandslideGuard_Project_Master,,,,,,,,NO_TEMPORAL_DATA
27.242917,93.757222,LandslideGuard_Project_Master,,,,,,,,NO_TEMPORAL_DATA
27.24125,93.746889,LandslideGuard_Project_Master,,,,,,,,NO_TEMPORAL_DATA
27.240083,93.745917,LandslideGuard_Project_Master,,,,,,,,NO_TEMPORAL_DATA
27.239333,93.745,LandslideGuard_Project_Master,,,,,,,,NO_TEMPORAL_DATA
27.241,93.731417,LandslideGuard_Project_Master,,,,,,,,NO_TEMPORAL_DATA
27.236139,93.715694,LandslideGuard_Project_Master,,,,,,,,NO_TEMPORAL_DATA
27.234139,93.707861,LandslideGuard_Project_Master,,,,,,,,NO_TEMPORAL_DATA
27.63825,93.857583,LandslideGuard_Project_Master,,,,,,,,NO_TEMPORAL_DATA
27.656,93.877472,LandslideGuard_Project_Master,,,,,,,,NO_TEMPORAL_DATA
27.649194,93.874,LandslideGuard_Project_Master,,,,,,,,NO_TEMPORAL_DATA
27.666556,93.891861,LandslideGuard_Project_Master,,,,,,,,NO_TEMPORAL_DATA
27.665417,93.892222,LandslideGuard_Project_Master,,,,,,,,NO_TEMPORAL_DATA
27.773556,93.969778,LandslideGuard_Project_Master,,,,,,,,NO_TEMPORAL_DATA
27.760889,93.990806,LandslideGuard_Project_Master,,,,,,,,NO_TEMPORAL_DATA
27.760917,93.995583,LandslideGuard_Project_Master,,,,,,,,NO_TEMPORAL_DATA
27.758611,93.997222,LandslideGuard_Project_Master,,,,,,,,NO_TEMPORAL_DATA
27.754056,94.018528,LandslideGuard_Project_Master,,,,,,,,NO_TEMPORAL_DATA
27.751917,94.023472,LandslideGuard_Project_Master,,,,,,,,NO_TEMPORAL_DATA
27.763722,93.992333,LandslideGuard_Project_Master,,,,,,,,NO_TEMPORAL_DATA
27.83875,93.977278,LandslideGuard_Project_Master,,,,,,,,NO_TEMPORAL_DATA
27.833306,93.978611,LandslideGuard_Project_Master,,,,,,,,NO_TEMPORAL_DATA
27.827472,93.972556,LandslideGuard_Project_Master,,,,,,,,NO_TEMPORAL_DATA
27.827806,93.972167,LandslideGuard_Project_Master,,,,,,,,NO_TEMPORAL_DATA
27.797806,93.96175,LandslideGuard_Project_Master,,,,,,,,NO_TEMPORAL_DATA
27.81975,93.945556,LandslideGuard_Project_Master,,,,,,,,NO_TEMPORAL_DATA
27.8345,93.933694,LandslideGuard_Project_Master,,,,,,,,NO_TEMPORAL_DATA
27.82925,93.911194,LandslideGuard_Project_Master,,,,,,,,NO_TEMPORAL_DATA
27.830944,93.917028,LandslideGuard_Project_Master,,,,,,,,NO_TEMPORAL_DATA
27.844444,93.973944,LandslideGuard_Project_Master,,,,,,,,NO_TEMPORAL_DATA
27.83975,93.977444,LandslideGuard_Project_Master,,,,,,,,NO_TEMPORAL_DATA
27.840167,93.980861,LandslideGuard_Project_Master,,,,,,,,NO_TEMPORAL_DATA
27.854583,93.484722,LandslideGuard_Project_Master,,,,,,,,NO_TEMPORAL_DATA
27.863722,93.473389,LandslideGuard_Project_Master,,,,,,,,NO_TEMPORAL_DATA
27.794583,93.597306,LandslideGuard_Project_Master,,,,,,,,NO_TEMPORAL_DATA
27.783667,93.600806,LandslideGuard_Project_Master,,,,,,,,NO_TEMPORAL_DATA
27.763444,93.608278,LandslideGuard_Project_Master,,,,,,,,NO_TEMPORAL_DATA
27.773847,93.595528,LandslideGuard_Project_Master,,,,,,,,NO_TEMPORAL_DATA
27.772194,93.59325,LandslideGuard_Project_Master,,,,,,,,NO_TEMPORAL_DATA
27.758806,93.609167,LandslideGuard_Project_Master,,,,,,,,NO_TEMPORAL_DATA
27.690111,93.632556,LandslideGuard_Project_Master,,,2017.0,,,2017.0,,YEAR_ONLY
27.637611,93.637722,LandslideGuard_Project_Master,,,,,,,,NO_TEMPORAL_DATA
27.652167,93.632417,LandslideGuard_Project_Master,,,,,,,,NO_TEMPORAL_DATA
27.668278,93.629472,LandslideGuard_Project_Master,,,,,,,,NO_TEMPORAL_DATA
27.668611,93.63,LandslideGuard_Project_Master,,,,,,,,NO_TEMPORAL_DATA
27.781792,93.477942,LandslideGuard_Project_Master,,,,,,,,NO_TEMPORAL_DATA
27.782139,93.546139,LandslideGuard_Project_Master,,,,,,,,NO_TEMPORAL_DATA
27.788389,93.526528,LandslideGuard_Project_Master,,,,,,,,NO_TEMPORAL_DATA
27.788639,93.539667,LandslideGuard_Project_Master,,,,,,,,NO_TEMPORAL_DATA
27.803972,93.543083,LandslideGuard_Project_Master,,,,,,,,NO_TEMPORAL_DATA
27.801194,93.541944,LandslideGuard_Project_Master,,,,,,,,NO_TEMPORAL_DATA
27.801194,93.541667,LandslideGuard_Project_Master,,,,,,,,NO_TEMPORAL_DATA
27.814806,93.521,LandslideGuard_Project_Master,,,,,,,,NO_TEMPORAL_DATA
27.83275,93.504417,LandslideGuard_Project_Master,,,,,,,,NO_TEMPORAL_DATA
27.756511,93.417861,LandslideGuard_Project_Master,,,,,,,,NO_TEMPORAL_DATA
27.756778,93.436761,LandslideGuard_Project_Master,,,,,,,,NO_TEMPORAL_DATA
27.78,93.456231,LandslideGuard_Project_Master,,,,,,,,NO_TEMPORAL_DATA
27.903417,93.371722,LandslideGuard_Project_Master,,,,,,,,NO_TEMPORAL_DATA
27.903389,93.370361,LandslideGuard_Project_Master,,,,,,,,NO_TEMPORAL_DATA
27.874667,93.452917,LandslideGuard_Project_Master,,,,,,,,NO_TEMPORAL_DATA
27.872722,93.456306,LandslideGuard_Project_Master,,,,,,,,NO_TEMPORAL_DATA
27.86775,93.465861,LandslideGuard_Project_Master,,,,,,,,NO_TEMPORAL_DATA
27.866083,93.467306,LandslideGuard_Project_Master,,,,,,,,NO_TEMPORAL_DATA
27.882056,93.444333,LandslideGuard_Project_Master,,,,,,,,NO_TEMPORAL_DATA
27.898806,93.408444,LandslideGuard_Project_Master,,,,,,,,NO_TEMPORAL_DATA
27.897722,93.406306,LandslideGuard_Project_Master,,,,,,,,NO_TEMPORAL_DATA
27.535806,92.930667,LandslideGuard_Project_Master,,,,,,,,NO_TEMPORAL_DATA
27.542083,92.946,LandslideGuard_Project_Master,,,,,,,,NO_TEMPORAL_DATA
27.542389,92.946306,LandslideGuard_Project_Master,,,,,,,,NO_TEMPORAL_DATA
27.540917,92.949333,LandslideGuard_Project_Master,,,,,,,,NO_TEMPORAL_DATA
27.555389,92.960778,LandslideGuard_Project_Master,,,,,,,,NO_TEMPORAL_DATA
27.544667,92.958806,LandslideGuard_Project_Master,,,,,,,,NO_TEMPORAL_DATA
27.543472,92.95525,LandslideGuard_Project_Master,,,,,,,,NO_TEMPORAL_DATA
27.542639,92.954417,LandslideGuard_Project_Master,,,,,,,,NO_TEMPORAL_DATA
27.543778,92.982806,LandslideGuard_Project_Master,,,,,,,,NO_TEMPORAL_DATA
27.546278,92.981472,LandslideGuard_Project_Master,,,,,,,,NO_TEMPORAL_DATA
27.549389,92.979028,LandslideGuard_Project_Master,,,,,,,,NO_TEMPORAL_DATA
27.553611,92.975583,LandslideGuard_Project_Master,,,,,,,,NO_TEMPORAL_DATA
27.552639,92.965861,LandslideGuard_Project_Master,,,,,,,,NO_TEMPORAL_DATA
27.550389,92.964861,LandslideGuard_Project_Master,,,,,,,,NO_TEMPORAL_DATA
27.555611,92.962194,LandslideGuard_Project_Master,,,,,,,,NO_TEMPORAL_DATA
27.555583,92.963028,LandslideGuard_Project_Master,,,,,,,,NO_TEMPORAL_DATA
27.555194,92.966222,LandslideGuard_Project_Master,,,,,,,,NO_TEMPORAL_DATA
27.561111,92.965278,LandslideGuard_Project_Master,,,,,,,,NO_TEMPORAL_DATA
27.566611,92.967639,LandslideGuard_Project_Master,,,,,,,,NO_TEMPORAL_DATA
27.571111,92.965556,LandslideGuard_Project_Master,,,,,,,,NO_TEMPORAL_DATA
27.568778,92.966583,LandslideGuard_Project_Master,,,,,,,,NO_TEMPORAL_DATA
27.566131,92.973072,LandslideGuard_Project_Master,,,,,,,,NO_TEMPORAL_DATA
27.563167,92.975139,LandslideGuard_Project_Master,,,,,,,,NO_TEMPORAL_DATA
27.562917,92.983139,LandslideGuard_Project_Master,,,,,,,,NO_TEMPORAL_DATA
27.568028,92.993944,LandslideGuard_Project_Master,,,,,,,,NO_TEMPORAL_DATA
27.574306,92.999556,LandslideGuard_Project_Master,,,,,,,,NO_TEMPORAL_DATA
27.538778,92.988139,LandslideGuard_Project_Master,,,,,,,,NO_TEMPORAL_DATA
27.539694,92.991306,LandslideGuard_Project_Master,,,,,,,,NO_TEMPORAL_DATA
27.521083,92.995444,LandslideGuard_Project_Master,,,,,,,,NO_TEMPORAL_DATA
27.520111,92.997139,LandslideGuard_Project_Master,,,,,,,,NO_TEMPORAL_DATA
27.5335,92.964861,LandslideGuard_Project_Master,,,,,,,,NO_TEMPORAL_DATA
27.530556,92.959167,LandslideGuard_Project_Master,,,,,,,,NO_TEMPORAL_DATA
27.436722,93.003639,LandslideGuard_Project_Master,,,,,,,,NO_TEMPORAL_DATA
27.441694,93.021472,LandslideGuard_Project_Master,,,,,,,,NO_TEMPORAL_DATA
27.441028,93.020389,LandslideGuard_Project_Master,,,,,,,,NO_TEMPORAL_DATA
27.437333,93.029667,LandslideGuard_Project_Master,,,,,,,,NO_TEMPORAL_DATA
27.361222,93.035778,LandslideGuard_Project_Master,,,,,,,,NO_TEMPORAL_DATA
27.342139,93.041583,LandslideGuard_Project_Master,,,,,,,,NO_TEMPORAL_DATA
27.347917,93.012194,LandslideGuard_Project_Master,,,,,,,,NO_TEMPORAL_DATA
27.347917,93.012194,LandslideGuard_Project_Master,,,,,,,,NO_TEMPORAL_DATA
27.34675,93.018528,LandslideGuard_Project_Master,,,,,,,,NO_TEMPORAL_DATA
27.34675,93.018528,LandslideGuard_Project_Master,,,,,,,,NO_TEMPORAL_DATA
27.34675,93.018528,LandslideGuard_Project_Master,,,,,,,,NO_TEMPORAL_DATA
27.357083,93.026361,LandslideGuard_Project_Master,,,,,,,,NO_TEMPORAL_DATA
27.363833,93.025139,LandslideGuard_Project_Master,,,,,,,,NO_TEMPORAL_DATA
27.391639,93.011861,LandslideGuard_Project_Master,,,,,,,,NO_TEMPORAL_DATA
27.428833,93.025306,LandslideGuard_Project_Master,,,,,,,,NO_TEMPORAL_DATA
27.411944,93.010528,LandslideGuard_Project_Master,,,,,,,,NO_TEMPORAL_DATA
27.411944,93.010528,LandslideGuard_Project_Master,,,,,,,,NO_TEMPORAL_DATA
27.423722,93.007583,LandslideGuard_Project_Master,,,,,,,,NO_TEMPORAL_DATA
27.420722,93.011083,LandslideGuard_Project_Master,,,,,,,,NO_TEMPORAL_DATA
27.422111,93.014639,LandslideGuard_Project_Master,,,,,,,,NO_TEMPORAL_DATA
27.421139,93.017611,LandslideGuard_Project_Master,,,,,,,,NO_TEMPORAL_DATA
27.327333,93.043611,LandslideGuard_Project_Master,,,,,,,,NO_TEMPORAL_DATA
27.320083,93.050917,LandslideGuard_Project_Master,,,,,,,,NO_TEMPORAL_DATA
27.32025,93.053222,LandslideGuard_Project_Master,,,,,,,,NO_TEMPORAL_DATA
27.302861,93.050917,LandslideGuard_Project_Master,,,,,,,,NO_TEMPORAL_DATA
27.293806,93.050139,LandslideGuard_Project_Master,,,,,,,,NO_TEMPORAL_DATA
27.297167,93.050889,LandslideGuard_Project_Master,,,,,,,,NO_TEMPORAL_DATA
27.294944,93.072417,LandslideGuard_Project_Master,,,,,,,,NO_TEMPORAL_DATA
27.302389,93.055833,LandslideGuard_Project_Master,,,,,,,,NO_TEMPORAL_DATA
27.304361,93.054611,LandslideGuard_Project_Master,,,,,,,,NO_TEMPORAL_DATA
27.325861,93.055472,LandslideGuard_Project_Master,,,,,,,,NO_TEMPORAL_DATA
27.328611,93.056583,LandslideGuard_Project_Master,,,,,,,,NO_TEMPORAL_DATA
27.296611,93.099056,LandslideGuard_Project_Master,,,,,,,,NO_TEMPORAL_DATA
27.300611,93.093417,LandslideGuard_Project_Master,,,,,,,,NO_TEMPORAL_DATA
27.301139,93.091889,LandslideGuard_Project_Master,,,,,,,,NO_TEMPORAL_DATA
27.256917,93.064472,LandslideGuard_Project_Master,,,,,,,,NO_TEMPORAL_DATA
27.240444,93.064361,LandslideGuard_Project_Master,,,,,,,,NO_TEMPORAL_DATA
27.253778,93.507778,LandslideGuard_Project_Master,,,,,,,,NO_TEMPORAL_DATA
27.251806,93.504278,LandslideGuard_Project_Master,,,,,,,,NO_TEMPORAL_DATA
27.2495,93.507833,LandslideGuard_Project_Master,,,,,,,,NO_TEMPORAL_DATA
27.235306,93.524389,LandslideGuard_Project_Master,,,,,,,,NO_TEMPORAL_DATA
27.234917,93.536139,LandslideGuard_Project_Master,,,,,,,,NO_TEMPORAL_DATA
27.214778,93.635667,LandslideGuard_Project_Master,,,,,,,,NO_TEMPORAL_DATA
27.207583,93.615667,LandslideGuard_Project_Master,,,,,,,,NO_TEMPORAL_DATA
27.207659,93.615842,LandslideGuard_Project_Master,,,2017.0,,,2017.0,,YEAR_ONLY
27.210556,93.628556,LandslideGuard_Project_Master,,,,,,,,NO_TEMPORAL_DATA
27.223667,93.580417,LandslideGuard_Project_Master,,,,,,,,NO_TEMPORAL_DATA
27.22075,93.581167,LandslideGuard_Project_Master,,,,,,,,NO_TEMPORAL_DATA
27.225361,93.570278,LandslideGuard_Project_Master,,,,,,,,NO_TEMPORAL_DATA
27.228056,93.568972,LandslideGuard_Project_Master,,,,,,,,NO_TEMPORAL_DATA
27.10736,93.64975,LandslideGuard_Project_Master,,,2017.0,,,2017.0,,YEAR_ONLY
27.103069,93.641778,LandslideGuard_Project_Master,,,,,,,,NO_TEMPORAL_DATA
27.102944,93.640417,LandslideGuard_Project_Master,,,,,,,,NO_TEMPORAL_DATA
27.103444,93.638722,LandslideGuard_Project_Master,,,,,,,,NO_TEMPORAL_DATA
27.103944,93.637611,LandslideGuard_Project_Master,,,,,,,,NO_TEMPORAL_DATA
27.103111,93.634019,LandslideGuard_Project_Master,,,,,,,,NO_TEMPORAL_DATA
27.101111,93.619222,LandslideGuard_Project_Master,,,2008.0,,,2008.0,,YEAR_ONLY
27.095278,93.615694,LandslideGuard_Project_Master,,,2008.0,,,2008.0,,YEAR_ONLY
27.091139,93.615667,LandslideGuard_Project_Master,,,2008.0,,,2008.0,,YEAR_ONLY
27.078472,93.605639,LandslideGuard_Project_Master,,,2008.0,,,2008.0,,YEAR_ONLY
26.95052,93.45136,LandslideGuard_Project_Master,,,,,,,,NO_TEMPORAL_DATA
26.9498,93.45291,LandslideGuard_Project_Master,,,,,,,,NO_TEMPORAL_DATA
26.95266,93.44166,LandslideGuard_Project_Master,,,,,,,,NO_TEMPORAL_DATA
26.59011,93.57466,LandslideGuard_Project_Master,,,,,,,,NO_TEMPORAL_DATA
26.51925,93.47147,LandslideGuard_Project_Master,,,,,,,,NO_TEMPORAL_DATA
26.59416,93.547361,LandslideGuard_Project_Master,,,,,,,,NO_TEMPORAL_DATA
26.59041,93.47616,LandslideGuard_Project_Master,,,,,,,,NO_TEMPORAL_DATA
26.60358,93.481,LandslideGuard_Project_Master,,,,,,,,NO_TEMPORAL_DATA
26.60275,93.48408,LandslideGuard_Project_Master,,,,,,,,NO_TEMPORAL_DATA
26.5235,93.28166,LandslideGuard_Project_Master,,,,,,,,NO_TEMPORAL_DATA
26.483278,93.181306,LandslideGuard_Project_Master,,,,,,,,NO_TEMPORAL_DATA
26.57463,93.11297,LandslideGuard_Project_Master,,,,,,,,NO_TEMPORAL_DATA
26.57455,93.11244,LandslideGuard_Project_Master,,,,,,,,NO_TEMPORAL_DATA
26.57455,93.11244,LandslideGuard_Project_Master,,,,,,,,NO_TEMPORAL_DATA
26.57436,93.10647,LandslideGuard_Project_Master,,,,,,,,NO_TEMPORAL_DATA
26.57719,93.10008,LandslideGuard_Project_Master,,,,,,,,NO_TEMPORAL_DATA
26.57411,93.09811,LandslideGuard_Project_Master,,,,,,,,NO_TEMPORAL_DATA
26.56111,93.04925,LandslideGuard_Project_Master,,,,,,,,NO_TEMPORAL_DATA
26.56252,93.05658,LandslideGuard_Project_Master,,,,,,,,NO_TEMPORAL_DATA
26.94755,93.257521,LandslideGuard_Project_Master,,,,,,,,NO_TEMPORAL_DATA
27.177667,93.148694,LandslideGuard_Project_Master,,,,,,,,NO_TEMPORAL_DATA
27.177667,93.148694,LandslideGuard_Project_Master,,,,,,,,NO_TEMPORAL_DATA
27.177667,93.148694,LandslideGuard_Project_Master,,,,,,,,NO_TEMPORAL_DATA
27.177667,93.148694,LandslideGuard_Project_Master,,,,,,,,NO_TEMPORAL_DATA
27.177667,93.148694,LandslideGuard_Project_Master,,,,,,,,NO_TEMPORAL_DATA
27.177667,93.148694,LandslideGuard_Project_Master,,,,,,,,NO_TEMPORAL_DATA
27.177667,93.148694,LandslideGuard_Project_Master,,,,,,,,NO_TEMPORAL_DATA
27.177667,93.148694,LandslideGuard_Project_Master,,,,,,,,NO_TEMPORAL_DATA
27.161806,93.136194,LandslideGuard_Project_Master,,,,,,,,NO_TEMPORAL_DATA
27.188694,93.136056,LandslideGuard_Project_Master,,,,,,,,NO_TEMPORAL_DATA
27.196944,93.139722,LandslideGuard_Project_Master,,,,,,,,NO_TEMPORAL_DATA
27.208083,93.133472,LandslideGuard_Project_Master,,,,,,,,NO_TEMPORAL_DATA
27.215611,93.123139,LandslideGuard_Project_Master,,,,,,,,NO_TEMPORAL_DATA
27.215944,93.069222,LandslideGuard_Project_Master,,,,,,,,NO_TEMPORAL_DATA
27.216778,93.074944,LandslideGuard_Project_Master,,,,,,,,NO_TEMPORAL_DATA
27.217333,93.064833,LandslideGuard_Project_Master,,,,,,,,NO_TEMPORAL_DATA
27.103639,92.76025,LandslideGuard_Project_Master,,,,,,,,NO_TEMPORAL_DATA
27.115694,92.763028,LandslideGuard_Project_Master,,,,,,,,NO_TEMPORAL_DATA
27.190861,92.607806,LandslideGuard_Project_Master,,,,,,,,NO_TEMPORAL_DATA
27.191667,92.610111,LandslideGuard_Project_Master,,,,,,,,NO_TEMPORAL_DATA
27.183833,92.599333,LandslideGuard_Project_Master,,,,,,,,NO_TEMPORAL_DATA
27.182278,92.599889,LandslideGuard_Project_Master,,,,,,,,NO_TEMPORAL_DATA
27.208222,92.55475,LandslideGuard_Project_Master,,,,,,,,NO_TEMPORAL_DATA
27.166306,92.587139,LandslideGuard_Project_Master,,,,,,,,NO_TEMPORAL_DATA
27.167139,92.587917,LandslideGuard_Project_Master,,,,,,,,NO_TEMPORAL_DATA
27.152417,92.561778,LandslideGuard_Project_Master,,,,,,,,NO_TEMPORAL_DATA
27.153056,92.56175,LandslideGuard_Project_Master,,,,,,,,NO_TEMPORAL_DATA
27.134444,92.599611,LandslideGuard_Project_Master,,,,,,,,NO_TEMPORAL_DATA
27.148056,92.613889,LandslideGuard_Project_Master,,,,,,,,NO_TEMPORAL_DATA
27.099083,92.626306,LandslideGuard_Project_Master,,,,,,,,NO_TEMPORAL_DATA
27.093889,92.591389,LandslideGuard_Project_Master,,,2008.0,,,2008.0,,YEAR_ONLY
27.092028,92.597028,LandslideGuard_Project_Master,,,,,,,,NO_TEMPORAL_DATA
27.106939,92.573544,LandslideGuard_Project_Master,,,,,,,,NO_TEMPORAL_DATA
27.1055,92.556278,LandslideGuard_Project_Master,,,,,,,,NO_TEMPORAL_DATA
27.105083,92.555222,LandslideGuard_Project_Master,,,,,,,,NO_TEMPORAL_DATA
27.086667,92.585278,LandslideGuard_Project_Master,,,2008.0,,,2008.0,,YEAR_ONLY
27.086139,92.584361,LandslideGuard_Project_Master,,,,,,,,NO_TEMPORAL_DATA
27.036111,92.603333,LandslideGuard_Project_Master,,,,,,,,NO_TEMPORAL_DATA
27.06658,92.59572,LandslideGuard_Project_Master,,,,,,,,NO_TEMPORAL_DATA
26.93438,92.729,LandslideGuard_Project_Master,,,,,,,,NO_TEMPORAL_DATA
26.93362,92.70757,LandslideGuard_Project_Master,,,,,,,,NO_TEMPORAL_DATA
26.9358,92.70369,LandslideGuard_Project_Master,,,,,,,,NO_TEMPORAL_DATA
26.93641,92.70308,LandslideGuard_Project_Master,,,,,,,,NO_TEMPORAL_DATA
26.93855,92.70336,LandslideGuard_Project_Master,,,,,,,,NO_TEMPORAL_DATA
26.93819,92.70402,LandslideGuard_Project_Master,,,,,,,,NO_TEMPORAL_DATA
26.93586,92.70441,LandslideGuard_Project_Master,,,,,,,,NO_TEMPORAL_DATA
26.93597,92.70455,LandslideGuard_Project_Master,,,,,,,,NO_TEMPORAL_DATA
27.018342,92.6356,LandslideGuard_Project_Master,,,2016.0,,,2016.0,,YEAR_ONLY
27.018583,92.635667,LandslideGuard_Project_Master,,,,,,,,NO_TEMPORAL_DATA
26.9693,92.634,LandslideGuard_Project_Master,,,,,,,,NO_TEMPORAL_DATA
26.97013,92.63363,LandslideGuard_Project_Master,,,,,,,,NO_TEMPORAL_DATA
26.972889,92.632833,LandslideGuard_Project_Master,,,,,,,,NO_TEMPORAL_DATA
26.97041,92.63436,LandslideGuard_Project_Master,,,,,,,,NO_TEMPORAL_DATA
26.9174,92.77163,LandslideGuard_Project_Master,,,,,,,,NO_TEMPORAL_DATA
26.92216,92.7678,LandslideGuard_Project_Master,,,,,,,,NO_TEMPORAL_DATA
26.92088,92.75933,LandslideGuard_Project_Master,,,,,,,,NO_TEMPORAL_DATA
26.92013,92.75994,LandslideGuard_Project_Master,,,,,,,,NO_TEMPORAL_DATA
26.92666,92.73966,LandslideGuard_Project_Master,,,,,,,,NO_TEMPORAL_DATA
26.9231,92.76755,LandslideGuard_Project_Master,,,,,,,,NO_TEMPORAL_DATA
27.112694,92.543472,LandslideGuard_Project_Master,,,,,,,,NO_TEMPORAL_DATA
27.1105,92.537444,LandslideGuard_Project_Master,,,,,,,,NO_TEMPORAL_DATA
27.11375,92.537583,LandslideGuard_Project_Master,,,,,,,,NO_TEMPORAL_DATA
27.116194,92.543111,LandslideGuard_Project_Master,,,,,,,,NO_TEMPORAL_DATA
27.204139,92.529278,LandslideGuard_Project_Master,,,,,,,,NO_TEMPORAL_DATA
27.20675,92.537389,LandslideGuard_Project_Master,,,,,,,,NO_TEMPORAL_DATA
27.206917,92.537667,LandslideGuard_Project_Master,,,,,,,,NO_TEMPORAL_DATA
27.340556,92.274944,LandslideGuard_Project_Master,,,,,,,,NO_TEMPORAL_DATA
27.362444,92.243972,LandslideGuard_Project_Master,,,,,,,,NO_TEMPORAL_DATA
27.362028,92.244028,LandslideGuard_Project_Master,,,,,,,,NO_TEMPORAL_DATA
27.345556,92.266389,LandslideGuard_Project_Master,,,2008.0,,,2008.0,,YEAR_ONLY
27.358194,92.24325,LandslideGuard_Project_Master,,,,,,,,NO_TEMPORAL_DATA
27.363417,92.24375,LandslideGuard_Project_Master,,,,,,,,NO_TEMPORAL_DATA
27.367611,92.2415,LandslideGuard_Project_Master,,,,,,,,NO_TEMPORAL_DATA
27.368333,92.241583,LandslideGuard_Project_Master,,,,,,,,NO_TEMPORAL_DATA
27.325278,92.373722,LandslideGuard_Project_Master,,,,,,,,NO_TEMPORAL_DATA
27.291528,92.391778,LandslideGuard_Project_Master,,,,,,,,NO_TEMPORAL_DATA
27.300667,92.391833,LandslideGuard_Project_Master,,,,,,,,NO_TEMPORAL_DATA
27.292167,92.391889,LandslideGuard_Project_Master,,,,,,,,NO_TEMPORAL_DATA
27.292444,92.391861,LandslideGuard_Project_Master,,,,,,,,NO_TEMPORAL_DATA
27.293806,92.391694,LandslideGuard_Project_Master,,,,,,,,NO_TEMPORAL_DATA
27.266667,92.404389,LandslideGuard_Project_Master,,,,,,,,NO_TEMPORAL_DATA
27.277417,92.425278,LandslideGuard_Project_Master,,,,,,,,NO_TEMPORAL_DATA
27.278417,92.426917,LandslideGuard_Project_Master,,,,,,,,NO_TEMPORAL_DATA
27.248722,92.737722,LandslideGuard_Project_Master,,,,,,,,NO_TEMPORAL_DATA
27.576806,91.993444,LandslideGuard_Project_Master,,,,,,,,NO_TEMPORAL_DATA
27.433056,92.123583,LandslideGuard_Project_Master,,,,,,,,NO_TEMPORAL_DATA
27.441361,92.117417,LandslideGuard_Project_Master,,,,,,,,NO_TEMPORAL_DATA
27.456278,92.109556,LandslideGuard_Project_Master,,,,,,,,NO_TEMPORAL_DATA
27.460278,92.110278,LandslideGuard_Project_Master,,,2008.0,,,2008.0,,YEAR_ONLY
27.496333,92.104333,LandslideGuard_Project_Master,,,,,,,,NO_TEMPORAL_DATA
27.497222,92.104667,LandslideGuard_Project_Master,,,,,,,,NO_TEMPORAL_DATA
27.483667,92.10925,LandslideGuard_Project_Master,,,,,,,,NO_TEMPORAL_DATA
27.396722,92.163861,LandslideGuard_Project_Master,,,,,,,,NO_TEMPORAL_DATA
27.395444,92.164167,LandslideGuard_Project_Master,,,,,,,,NO_TEMPORAL_DATA
27.394306,92.157333,LandslideGuard_Project_Master,,,,,,,,NO_TEMPORAL_DATA
27.403722,92.141056,LandslideGuard_Project_Master,,,,,,,,NO_TEMPORAL_DATA
27.405861,92.133778,LandslideGuard_Project_Master,,,,,,,,NO_TEMPORAL_DATA
27.409778,92.132167,LandslideGuard_Project_Master,,,,,,,,NO_TEMPORAL_DATA
27.512278,91.875556,LandslideGuard_Project_Master,,,2008.0,,,2008.0,,YEAR_ONLY
27.561083,91.911528,LandslideGuard_Project_Master,,,2016.0,,,2016.0,,YEAR_ONLY
27.583611,91.973056,LandslideGuard_Project_Master,,,,,,,,NO_TEMPORAL_DATA
27.58006,91.97728,LandslideGuard_Project_Master,,,,,,,,NO_TEMPORAL_DATA
27.591417,91.973083,LandslideGuard_Project_Master,,,,,,,,NO_TEMPORAL_DATA
27.591389,91.9025,LandslideGuard_Project_Master,,,2016.0,,,2016.0,,YEAR_ONLY
27.589417,91.861444,LandslideGuard_Project_Master,,,2016.0,,,2016.0,,YEAR_ONLY
27.584639,91.860917,LandslideGuard_Project_Master,,,,,,,,NO_TEMPORAL_DATA
27.584639,91.860917,LandslideGuard_Project_Master,,,,,,,,NO_TEMPORAL_DATA
27.584639,91.860917,LandslideGuard_Project_Master,,,,,,,,NO_TEMPORAL_DATA
27.590556,91.867667,LandslideGuard_Project_Master,,,2016.0,,,2016.0,,YEAR_ONLY
27.594833,91.866417,LandslideGuard_Project_Master,,,2016.0,,,2016.0,,YEAR_ONLY
27.594861,91.866444,LandslideGuard_Project_Master,,,2016.0,,,2016.0,,YEAR_ONLY
27.592639,91.867528,LandslideGuard_Project_Master,,,2016.0,,,2016.0,,YEAR_ONLY
27.592667,91.866222,LandslideGuard_Project_Master,,,2016.0,,,2016.0,,YEAR_ONLY
27.591806,91.865028,LandslideGuard_Project_Master,,,2016.0,,,2016.0,,YEAR_ONLY
27.591833,91.865056,LandslideGuard_Project_Master,,,2016.0,,,2016.0,,YEAR_ONLY
27.589,91.873194,LandslideGuard_Project_Master,,,2016.0,,,2016.0,,YEAR_ONLY
27.586694,91.871444,LandslideGuard_Project_Master,,,2016.0,,,2016.0,,YEAR_ONLY
27.590639,91.876806,LandslideGuard_Project_Master,,,2016.0,,,2016.0,,YEAR_ONLY
27.590639,91.876806,LandslideGuard_Project_Master,,,2016.0,,,2016.0,,YEAR_ONLY
27.589889,91.881194,LandslideGuard_Project_Master,,,2016.0,,,2016.0,,YEAR_ONLY
27.591528,91.880444,LandslideGuard_Project_Master,,,2016.0,,,2016.0,,YEAR_ONLY
27.593361,91.879444,LandslideGuard_Project_Master,,,2016.0,,,2016.0,,YEAR_ONLY
27.596639,91.878972,LandslideGuard_Project_Master,,,2016.0,,,2016.0,,YEAR_ONLY
27.596639,91.878972,LandslideGuard_Project_Master,,,2016.0,,,2016.0,,YEAR_ONLY
27.593139,91.873889,LandslideGuard_Project_Master,,,2016.0,,,2016.0,,YEAR_ONLY
27.599806,91.876111,LandslideGuard_Project_Master,,,2016.0,,,2016.0,,YEAR_ONLY
27.599,91.876528,LandslideGuard_Project_Master,,,2016.0,,,2016.0,,YEAR_ONLY
27.596278,91.894333,LandslideGuard_Project_Master,,,2016.0,,,2016.0,,YEAR_ONLY
27.595167,91.895444,LandslideGuard_Project_Master,,,2016.0,,,2016.0,,YEAR_ONLY
27.587417,91.886944,LandslideGuard_Project_Master,,,2016.0,,,2016.0,,YEAR_ONLY
27.587417,91.886944,LandslideGuard_Project_Master,,,2016.0,,,2016.0,,YEAR_ONLY
27.587611,91.894167,LandslideGuard_Project_Master,,,2016.0,,,2016.0,,YEAR_ONLY
27.579,91.868639,LandslideGuard_Project_Master,,,2016.0,,,2016.0,,YEAR_ONLY
27.58925,91.795667,LandslideGuard_Project_Master,,,,,,,,NO_TEMPORAL_DATA
26.37456,91.84561,LandslideGuard_Project_Master,,,2017.0,,,2017.0,,YEAR_ONLY
26.250333,91.976694,LandslideGuard_Project_Master,,,,,,,,NO_TEMPORAL_DATA
26.205583,91.963222,LandslideGuard_Project_Master,,,,,,,,NO_TEMPORAL_DATA
26.158639,91.921889,LandslideGuard_Project_Master,,,,,,,,NO_TEMPORAL_DATA
26.129583,91.938306,LandslideGuard_Project_Master,,,,,,,,NO_TEMPORAL_DATA
26.109222,91.939,LandslideGuard_Project_Master,,,,,,,,NO_TEMPORAL_DATA
26.110056,91.908944,LandslideGuard_Project_Master,,,,,,,,NO_TEMPORAL_DATA
26.159139,91.915583,LandslideGuard_Project_Master,,,,,,,,NO_TEMPORAL_DATA
26.159333,91.917611,LandslideGuard_Project_Master,,,,,,,,NO_TEMPORAL_DATA
26.18842,91.85125,LandslideGuard_Project_Master,,,2017.0,,,2017.0,,YEAR_ONLY
26.20536,91.86497,LandslideGuard_Project_Master,,,2016.0,,,2016.0,,YEAR_ONLY
26.19081,91.84528,LandslideGuard_Project_Master,,,2016.0,,,2016.0,,YEAR_ONLY
26.190389,91.809944,LandslideGuard_Project_Master,,,2016.0,,,2016.0,,YEAR_ONLY
26.19025,91.806472,LandslideGuard_Project_Master,,,,,,,,NO_TEMPORAL_DATA
26.115139,91.837833,LandslideGuard_Project_Master,,,,,,,,NO_TEMPORAL_DATA
26.13222,91.83972,LandslideGuard_Project_Master,,,,,,,,NO_TEMPORAL_DATA
26.112667,91.853889,LandslideGuard_Project_Master,,,,,,,,NO_TEMPORAL_DATA
26.110944,91.887917,LandslideGuard_Project_Master,,,,,,,,NO_TEMPORAL_DATA
26.099975,91.876625,LandslideGuard_Project_Master,,,,,,,,NO_TEMPORAL_DATA
26.098167,91.881278,LandslideGuard_Project_Master,,,,,,,,NO_TEMPORAL_DATA
26.086389,91.879083,LandslideGuard_Project_Master,,,,,,,,NO_TEMPORAL_DATA
26.0641,91.889136,LandslideGuard_Project_Master,,,,,,,,NO_TEMPORAL_DATA
26.102944,91.862111,LandslideGuard_Project_Master,,,,,,,,NO_TEMPORAL_DATA
26.075944,91.820806,LandslideGuard_Project_Master,,,,,,,,NO_TEMPORAL_DATA
26.022094,91.832906,LandslideGuard_Project_Master,,,,,,,,NO_TEMPORAL_DATA
26.01061,91.86886,LandslideGuard_Project_Master,,,,,,,,NO_TEMPORAL_DATA
26.02547,91.87158,LandslideGuard_Project_Master,,,,,,,,NO_TEMPORAL_DATA
26.02897,91.87197,LandslideGuard_Project_Master,,,,,,,,NO_TEMPORAL_DATA
26.033583,91.867083,LandslideGuard_Project_Master,,,,,,,,NO_TEMPORAL_DATA
26.050286,91.880072,LandslideGuard_Project_Master,,,,,,,,NO_TEMPORAL_DATA
26.027583,91.886556,LandslideGuard_Project_Master,,,,,,,,NO_TEMPORAL_DATA
26.027028,91.88175,LandslideGuard_Project_Master,,,,,,,,NO_TEMPORAL_DATA
26.007083,91.909806,LandslideGuard_Project_Master,,,,,,,,NO_TEMPORAL_DATA
26.097986,91.980589,LandslideGuard_Project_Master,,,,,,,,NO_TEMPORAL_DATA
26.077653,91.982292,LandslideGuard_Project_Master,,,,,,,,NO_TEMPORAL_DATA
26.032028,91.989528,LandslideGuard_Project_Master,,,,,,,,NO_TEMPORAL_DATA
26.0405,92.0355,LandslideGuard_Project_Master,,,,,,,,NO_TEMPORAL_DATA
26.043267,92.055531,LandslideGuard_Project_Master,,,,,,,,NO_TEMPORAL_DATA
26.10175,92.040222,LandslideGuard_Project_Master,,,,,,,,NO_TEMPORAL_DATA
26.077844,92.035022,LandslideGuard_Project_Master,,,,,,,,NO_TEMPORAL_DATA
26.080139,92.032667,LandslideGuard_Project_Master,,,,,,,,NO_TEMPORAL_DATA
26.171972,92.002611,LandslideGuard_Project_Master,,,,,,,,NO_TEMPORAL_DATA
26.153556,92.038694,LandslideGuard_Project_Master,,,,,,,,NO_TEMPORAL_DATA
26.112083,92.091028,LandslideGuard_Project_Master,,,,,,,,NO_TEMPORAL_DATA
26.077806,92.170389,LandslideGuard_Project_Master,,,,,,,,NO_TEMPORAL_DATA
26.065167,92.150639,LandslideGuard_Project_Master,,,,,,,,NO_TEMPORAL_DATA
26.061861,92.147889,LandslideGuard_Project_Master,,,,,,,,NO_TEMPORAL_DATA
26.094578,92.135144,LandslideGuard_Project_Master,,,,,,,,NO_TEMPORAL_DATA
26.083972,92.14525,LandslideGuard_Project_Master,,,,,,,,NO_TEMPORAL_DATA
25.970062,92.054889,LandslideGuard_Project_Master,,,2015.0,,,2015.0,,YEAR_ONLY
25.970032,92.056762,LandslideGuard_Project_Master,,,2015.0,,,2015.0,,YEAR_ONLY
25.982436,92.057405,LandslideGuard_Project_Master,,,2015.0,,,2015.0,,YEAR_ONLY
25.874293,92.018322,LandslideGuard_Project_Master,,,2015.0,,,2015.0,,YEAR_ONLY
25.86575,92.153286,LandslideGuard_Project_Master,,,2015.0,,,2015.0,,YEAR_ONLY
25.796657,92.143462,LandslideGuard_Project_Master,,,2015.0,,,2015.0,,YEAR_ONLY
25.747333,92.117333,LandslideGuard_Project_Master,,,,,,,,NO_TEMPORAL_DATA
25.746722,92.111139,LandslideGuard_Project_Master,,,,,,,,NO_TEMPORAL_DATA
25.747597,92.114167,LandslideGuard_Project_Master,,,,,,,,NO_TEMPORAL_DATA
25.746806,92.107806,LandslideGuard_Project_Master,,,,,,,,NO_TEMPORAL_DATA
25.704083,92.118833,LandslideGuard_Project_Master,,,,,,,,NO_TEMPORAL_DATA
25.676,92.157917,LandslideGuard_Project_Master,,,,,,,,NO_TEMPORAL_DATA
25.674,92.157667,LandslideGuard_Project_Master,,,,,,,,NO_TEMPORAL_DATA
25.696556,92.109694,LandslideGuard_Project_Master,,,,,,,,NO_TEMPORAL_DATA
25.653181,92.041194,LandslideGuard_Project_Master,,,,,,,,NO_TEMPORAL_DATA
25.64575,92.071167,LandslideGuard_Project_Master,,,,,,,,NO_TEMPORAL_DATA
25.776087,92.03754,LandslideGuard_Project_Master,,,2015.0,,,2015.0,,YEAR_ONLY
25.75634,92.017832,LandslideGuard_Project_Master,,,2014.0,,,2014.0,,YEAR_ONLY
25.668469,91.975083,LandslideGuard_Project_Master,,,,,,,,NO_TEMPORAL_DATA
25.637189,91.93345,LandslideGuard_Project_Master,,,,,,,,NO_TEMPORAL_DATA
25.637779,91.932565,LandslideGuard_Project_Master,,,,,,,,NO_TEMPORAL_DATA
25.637365,91.932235,LandslideGuard_Project_Master,,,,,,,,NO_TEMPORAL_DATA
25.64366,91.899342,LandslideGuard_Project_Master,,,,,,,,NO_TEMPORAL_DATA
25.649222,91.899,LandslideGuard_Project_Master,,,,,,,,NO_TEMPORAL_DATA
25.654639,91.898222,LandslideGuard_Project_Master,,,,,,,,NO_TEMPORAL_DATA
25.656408,91.900528,LandslideGuard_Project_Master,,,,,,,,NO_TEMPORAL_DATA
25.663444,91.915944,LandslideGuard_Project_Master,,,2017.0,,,2017.0,,YEAR_ONLY
25.695552,91.903777,LandslideGuard_Project_Master,,,,,,,,NO_TEMPORAL_DATA
25.641194,91.890667,LandslideGuard_Project_Master,,,,,,,,NO_TEMPORAL_DATA
25.643591,91.890859,LandslideGuard_Project_Master,,,,,,,,NO_TEMPORAL_DATA
25.630652,91.87886,LandslideGuard_Project_Master,,,,,,,,NO_TEMPORAL_DATA
25.627946,91.876487,LandslideGuard_Project_Master,,,,,,,,NO_TEMPORAL_DATA
25.626417,91.887028,LandslideGuard_Project_Master,,,,,,,,NO_TEMPORAL_DATA
25.633896,91.891833,LandslideGuard_Project_Master,,,2015.0,,,2015.0,,YEAR_ONLY
25.616596,91.876562,LandslideGuard_Project_Master,,,2015.0,,,2015.0,,YEAR_ONLY
25.619861,91.875111,LandslideGuard_Project_Master,,,,,,,,NO_TEMPORAL_DATA
25.614537,91.87005,LandslideGuard_Project_Master,,,,,,,,NO_TEMPORAL_DATA
25.614112,91.869632,LandslideGuard_Project_Master,,,,,,,,NO_TEMPORAL_DATA
25.613917,91.868639,LandslideGuard_Project_Master,,,,,,,,NO_TEMPORAL_DATA
25.614664,91.870266,LandslideGuard_Project_Master,,,,,,,,NO_TEMPORAL_DATA
25.614657,91.870692,LandslideGuard_Project_Master,,,,,,,,NO_TEMPORAL_DATA
25.614807,91.871158,LandslideGuard_Project_Master,,,,,,,,NO_TEMPORAL_DATA
25.614912,91.871711,LandslideGuard_Project_Master,,,,,,,,NO_TEMPORAL_DATA
25.617787,91.872745,LandslideGuard_Project_Master,,,,,,,,NO_TEMPORAL_DATA
25.615134,91.872232,LandslideGuard_Project_Master,,,,,,,,NO_TEMPORAL_DATA
25.613583,91.871778,LandslideGuard_Project_Master,,,,,,,,NO_TEMPORAL_DATA
25.612528,91.870861,LandslideGuard_Project_Master,,,,,,,,NO_TEMPORAL_DATA
25.599762,91.860814,LandslideGuard_Project_Master,,,,,,,,NO_TEMPORAL_DATA
25.599815,91.860028,LandslideGuard_Project_Master,,,,,,,,NO_TEMPORAL_DATA
25.599096,91.859289,LandslideGuard_Project_Master,,,,,,,,NO_TEMPORAL_DATA
25.60339,91.856222,LandslideGuard_Project_Master,,,,,,,,NO_TEMPORAL_DATA
25.606193,91.856276,LandslideGuard_Project_Master,,,,,,,,NO_TEMPORAL_DATA
25.641388,91.854928,LandslideGuard_Project_Master,,,,,,,,NO_TEMPORAL_DATA
25.64213,91.851852,LandslideGuard_Project_Master,,,,,,,,NO_TEMPORAL_DATA
25.642198,91.851055,LandslideGuard_Project_Master,,,,,,,,NO_TEMPORAL_DATA
25.640264,91.848588,LandslideGuard_Project_Master,,,,,,,,NO_TEMPORAL_DATA
25.637026,91.844464,LandslideGuard_Project_Master,,,2015.0,,,2015.0,,YEAR_ONLY
25.637274,91.844234,LandslideGuard_Project_Master,,,,,,,,NO_TEMPORAL_DATA
25.636913,91.843235,LandslideGuard_Project_Master,,,,,,,,NO_TEMPORAL_DATA
25.626794,91.829725,LandslideGuard_Project_Master,,,,,,,,NO_TEMPORAL_DATA
25.708426,91.896406,LandslideGuard_Project_Master,,,,,,,,NO_TEMPORAL_DATA
25.711032,91.891803,LandslideGuard_Project_Master,,,,,,,,NO_TEMPORAL_DATA
25.760611,91.88225,LandslideGuard_Project_Master,,,2015.0,,,2015.0,,YEAR_ONLY
25.759278,91.882861,LandslideGuard_Project_Master,,,2015.0,,,2015.0,,YEAR_ONLY
25.787,91.876583,LandslideGuard_Project_Master,,,2015.0,,,2015.0,,YEAR_ONLY
25.865894,91.880278,LandslideGuard_Project_Master,,,2015.0,,,2015.0,,YEAR_ONLY
25.853111,91.881583,LandslideGuard_Project_Master,,,2015.0,,,2015.0,,YEAR_ONLY
25.852222,91.881361,LandslideGuard_Project_Master,,,2015.0,,,2015.0,,YEAR_ONLY
25.951106,91.968889,LandslideGuard_Project_Master,,,2015.0,,,2015.0,,YEAR_ONLY
25.997033,91.86235,LandslideGuard_Project_Master,,,2015.0,,,2015.0,,YEAR_ONLY
25.998847,91.863883,LandslideGuard_Project_Master,,,2015.0,,,2015.0,,YEAR_ONLY
26.00294,91.86692,LandslideGuard_Project_Master,,,,,,,,NO_TEMPORAL_DATA
25.97256,91.86242,LandslideGuard_Project_Master,,,,,,,,NO_TEMPORAL_DATA
25.979244,91.860578,LandslideGuard_Project_Master,,,2012.0,,,2012.0,,YEAR_ONLY
25.978803,91.860278,LandslideGuard_Project_Master,,,2015.0,,,2015.0,,YEAR_ONLY
25.972964,91.858336,LandslideGuard_Project_Master,,,2012.0,,,2012.0,,YEAR_ONLY
25.95847,91.85406,LandslideGuard_Project_Master,,,,,,,,NO_TEMPORAL_DATA
25.958886,91.851242,LandslideGuard_Project_Master,,,2015.0,,,2015.0,,YEAR_ONLY
25.956781,91.852883,LandslideGuard_Project_Master,,,2015.0,,,2015.0,,YEAR_ONLY
25.956333,91.85725,LandslideGuard_Project_Master,,,2015.0,,,2015.0,,YEAR_ONLY
25.96,91.857,LandslideGuard_Project_Master,,,2015.0,,,2015.0,,YEAR_ONLY
25.937,91.87553,LandslideGuard_Project_Master,,,,,,,,NO_TEMPORAL_DATA
25.927972,91.877194,LandslideGuard_Project_Master,,,2015.0,,,2015.0,,YEAR_ONLY
25.92792,91.87717,LandslideGuard_Project_Master,,,,,,,,NO_TEMPORAL_DATA
25.954889,91.858667,LandslideGuard_Project_Master,,,2016.0,,,2016.0,,YEAR_ONLY
25.935708,91.714556,LandslideGuard_Project_Master,,,2016.0,,,2016.0,,YEAR_ONLY
25.934889,91.714389,LandslideGuard_Project_Master,,,2016.0,,,2016.0,,YEAR_ONLY
25.940978,91.724644,LandslideGuard_Project_Master,,,2016.0,,,2016.0,,YEAR_ONLY
25.660333,91.635083,LandslideGuard_Project_Master,,,2016.0,,,2016.0,,YEAR_ONLY
25.660539,91.635431,LandslideGuard_Project_Master,,,2016.0,,,2016.0,,YEAR_ONLY
25.687431,91.648322,LandslideGuard_Project_Master,,,2016.0,,,2016.0,,YEAR_ONLY
25.687056,91.6485,LandslideGuard_Project_Master,,,2016.0,,,2016.0,,YEAR_ONLY
25.687083,91.650858,LandslideGuard_Project_Master,,,2016.0,,,2016.0,,YEAR_ONLY
25.687442,91.656183,LandslideGuard_Project_Master,,,2016.0,,,2016.0,,YEAR_ONLY
25.687314,91.655378,LandslideGuard_Project_Master,,,2016.0,,,2016.0,,YEAR_ONLY
25.688011,91.658069,LandslideGuard_Project_Master,,,2016.0,,,2016.0,,YEAR_ONLY
25.692947,91.648044,LandslideGuard_Project_Master,,,2016.0,,,2016.0,,YEAR_ONLY
25.692933,91.647703,LandslideGuard_Project_Master,,,2016.0,,,2016.0,,YEAR_ONLY
25.691453,91.645731,LandslideGuard_Project_Master,,,2016.0,,,2016.0,,YEAR_ONLY
25.687856,91.647944,LandslideGuard_Project_Master,,,2016.0,,,2016.0,,YEAR_ONLY
25.696489,91.644528,LandslideGuard_Project_Master,,,2016.0,,,2016.0,,YEAR_ONLY
25.700053,91.644486,LandslideGuard_Project_Master,,,2016.0,,,2016.0,,YEAR_ONLY
25.6999,91.642192,LandslideGuard_Project_Master,,,2016.0,,,2016.0,,YEAR_ONLY
25.795444,91.662111,LandslideGuard_Project_Master,,,2016.0,,,2016.0,,YEAR_ONLY
25.763347,91.657153,LandslideGuard_Project_Master,,,2016.0,,,2016.0,,YEAR_ONLY
25.667744,91.597819,LandslideGuard_Project_Master,,,,,,,,NO_TEMPORAL_DATA
25.619625,91.616567,LandslideGuard_Project_Master,,,2016.0,,,2016.0,,YEAR_ONLY
25.620361,91.617083,LandslideGuard_Project_Master,,,2016.0,,,2016.0,,YEAR_ONLY
25.84,91.47,LandslideGuard_Project_Master,,,,,,,,NO_TEMPORAL_DATA
25.895583,91.599333,LandslideGuard_Project_Master,,,2016.0,,,2016.0,,YEAR_ONLY
25.9545,91.546622,LandslideGuard_Project_Master,,,2016.0,,,2016.0,,YEAR_ONLY
25.945619,91.548883,LandslideGuard_Project_Master,,,2016.0,,,2016.0,,YEAR_ONLY
25.945225,91.560703,LandslideGuard_Project_Master,,,2016.0,,,2016.0,,YEAR_ONLY
25.940439,91.563069,LandslideGuard_Project_Master,,,2016.0,,,2016.0,,YEAR_ONLY
25.936583,91.563917,LandslideGuard_Project_Master,,,2016.0,,,2016.0,,YEAR_ONLY
25.935833,91.56525,LandslideGuard_Project_Master,,,2016.0,,,2016.0,,YEAR_ONLY
25.935908,91.564903,LandslideGuard_Project_Master,,,2016.0,,,2016.0,,YEAR_ONLY
25.930386,91.571822,LandslideGuard_Project_Master,,,2016.0,,,2016.0,,YEAR_ONLY
25.913997,91.578903,LandslideGuard_Project_Master,,,2016.0,,,2016.0,,YEAR_ONLY
25.9235,91.574222,LandslideGuard_Project_Master,,,2016.0,,,2016.0,,YEAR_ONLY
25.994619,91.577214,LandslideGuard_Project_Master,,,2016.0,,,2016.0,,YEAR_ONLY
25.978481,91.569575,LandslideGuard_Project_Master,,,2016.0,,,2016.0,,YEAR_ONLY
25.971897,91.562372,LandslideGuard_Project_Master,,,2016.0,,,2016.0,,YEAR_ONLY
25.972322,91.561125,LandslideGuard_Project_Master,,,2016.0,,,2016.0,,YEAR_ONLY
25.972469,91.560822,LandslideGuard_Project_Master,,,2016.0,,,2016.0,,YEAR_ONLY
26.011861,91.569611,LandslideGuard_Project_Master,,,,,,,,NO_TEMPORAL_DATA
26.105806,91.62275,LandslideGuard_Project_Master,,,,,,,,NO_TEMPORAL_DATA
26.08125,91.798278,LandslideGuard_Project_Master,,,,,,,,NO_TEMPORAL_DATA
26.086975,91.7831,LandslideGuard_Project_Master,,,,,,,,NO_TEMPORAL_DATA
26.10711,91.78917,LandslideGuard_Project_Master,,,,,,,,NO_TEMPORAL_DATA
26.071556,91.734028,LandslideGuard_Project_Master,,,,,,,,NO_TEMPORAL_DATA
26.121056,91.716389,LandslideGuard_Project_Master,,,,,,,,NO_TEMPORAL_DATA
26.13611,91.74056,LandslideGuard_Project_Master,,,,,,,,NO_TEMPORAL_DATA
26.13611,91.74056,LandslideGuard_Project_Master,,,,,,,,NO_TEMPORAL_DATA
26.149444,91.748,LandslideGuard_Project_Master,,,,,,,,NO_TEMPORAL_DATA
26.13442,91.7501,LandslideGuard_Project_Master,,,,,,,,NO_TEMPORAL_DATA
26.15461,91.80086,LandslideGuard_Project_Master,,,,,,,,NO_TEMPORAL_DATA
26.155,91.798167,LandslideGuard_Project_Master,,,,,,,,NO_TEMPORAL_DATA
26.15428,91.79264,LandslideGuard_Project_Master,,,2017.0,,,2017.0,,YEAR_ONLY
26.15478,91.77411,LandslideGuard_Project_Master,,,,,,,,NO_TEMPORAL_DATA
26.1755,91.76175,LandslideGuard_Project_Master,,,2016.0,,,2016.0,,YEAR_ONLY
26.17806,91.76083,LandslideGuard_Project_Master,,,,,,,,NO_TEMPORAL_DATA
26.17806,91.76083,LandslideGuard_Project_Master,,,,,,,,NO_TEMPORAL_DATA
26.17756,91.76589,LandslideGuard_Project_Master,,,2017.0,,,2017.0,,YEAR_ONLY
26.17672,91.76525,LandslideGuard_Project_Master,,,2017.0,,,2017.0,,YEAR_ONLY
26.17672,91.78672,LandslideGuard_Project_Master,,,,,,,,NO_TEMPORAL_DATA
26.19167,91.79028,LandslideGuard_Project_Master,,,,,,,,NO_TEMPORAL_DATA
26.1895,91.787167,LandslideGuard_Project_Master,,,2016.0,,,2016.0,,YEAR_ONLY
26.189306,91.787944,LandslideGuard_Project_Master,,,,,,,,NO_TEMPORAL_DATA
26.18917,91.80111,LandslideGuard_Project_Master,,,,,,,,NO_TEMPORAL_DATA
26.18917,91.80111,LandslideGuard_Project_Master,,,,,,,,NO_TEMPORAL_DATA
26.191667,91.803611,LandslideGuard_Project_Master,,,,,,,,NO_TEMPORAL_DATA
26.195528,91.780556,LandslideGuard_Project_Master,,,2016.0,,,2016.0,,YEAR_ONLY
26.195306,91.765639,LandslideGuard_Project_Master,,,,,,,,NO_TEMPORAL_DATA
26.192444,91.764222,LandslideGuard_Project_Master,,,2016.0,,,2016.0,,YEAR_ONLY
26.18867,91.76694,LandslideGuard_Project_Master,,,,,,,,NO_TEMPORAL_DATA
26.19622,91.76336,LandslideGuard_Project_Master,,,,,,,,NO_TEMPORAL_DATA
26.1625,91.71444,LandslideGuard_Project_Master,,,,,,,,NO_TEMPORAL_DATA
26.166583,91.714806,LandslideGuard_Project_Master,,,,,,,,NO_TEMPORAL_DATA
26.256139,91.711583,LandslideGuard_Project_Master,,,,,,,,NO_TEMPORAL_DATA
26.211111,91.684167,LandslideGuard_Project_Master,,,,,,,,NO_TEMPORAL_DATA
26.20261,91.14528,LandslideGuard_Project_Master,,,,,,,,NO_TEMPORAL_DATA
26.20261,91.14528,LandslideGuard_Project_Master,,,,,,,,NO_TEMPORAL_DATA
25.83,91.05,LandslideGuard_Project_Master,,,2019.0,,,2019.0,,YEAR_ONLY
25.83,91.05,LandslideGuard_Project_Master,,,,,,,,NO_TEMPORAL_DATA
25.81,91.02,LandslideGuard_Project_Master,,,,,,,,NO_TEMPORAL_DATA
25.716594,90.822539,LandslideGuard_Project_Master,,,,,,,,NO_TEMPORAL_DATA
25.635556,90.807778,LandslideGuard_Project_Master,,,,,,,,NO_TEMPORAL_DATA
25.625142,90.791675,LandslideGuard_Project_Master,,,,,,,,NO_TEMPORAL_DATA
25.8,91.01,LandslideGuard_Project_Master,,,,,,,,NO_TEMPORAL_DATA
25.79,91.02,LandslideGuard_Project_Master,,,,,,,,NO_TEMPORAL_DATA
25.693222,91.0555,LandslideGuard_Project_Master,,,,,,,,NO_TEMPORAL_DATA
25.691444,91.057,LandslideGuard_Project_Master,,,,,,,,NO_TEMPORAL_DATA
25.690833,91.056556,LandslideGuard_Project_Master,,,,,,,,NO_TEMPORAL_DATA
25.6985,91.056611,LandslideGuard_Project_Master,,,,,,,,NO_TEMPORAL_DATA
25.699306,91.055556,LandslideGuard_Project_Master,,,,,,,,NO_TEMPORAL_DATA
25.698667,91.054778,LandslideGuard_Project_Master,,,,,,,,NO_TEMPORAL_DATA
25.667597,91.063169,LandslideGuard_Project_Master,,,,,,,,NO_TEMPORAL_DATA
25.671583,91.040889,LandslideGuard_Project_Master,,,,,,,,NO_TEMPORAL_DATA
25.611361,91.022019,LandslideGuard_Project_Master,,,,,,,,NO_TEMPORAL_DATA
25.629003,91.037664,LandslideGuard_Project_Master,,,,,,,,NO_TEMPORAL_DATA
25.628361,91.037139,LandslideGuard_Project_Master,,,,,,,,NO_TEMPORAL_DATA
25.639417,91.044806,LandslideGuard_Project_Master,,,,,,,,NO_TEMPORAL_DATA
25.647514,91.055144,LandslideGuard_Project_Master,,,,,,,,NO_TEMPORAL_DATA
25.667472,91.066778,LandslideGuard_Project_Master,,,,,,,,NO_TEMPORAL_DATA
25.672167,91.066028,LandslideGuard_Project_Master,,,,,,,,NO_TEMPORAL_DATA
25.672917,91.06475,LandslideGuard_Project_Master,,,,,,,,NO_TEMPORAL_DATA
25.678306,91.07975,LandslideGuard_Project_Master,,,,,,,,NO_TEMPORAL_DATA
25.66975,91.100222,LandslideGuard_Project_Master,,,,,,,,NO_TEMPORAL_DATA
25.669678,91.102908,LandslideGuard_Project_Master,,,,,,,,NO_TEMPORAL_DATA
25.671944,91.096139,LandslideGuard_Project_Master,,,,,,,,NO_TEMPORAL_DATA
25.6715,91.095233,LandslideGuard_Project_Master,,,,,,,,NO_TEMPORAL_DATA
25.670639,91.09525,LandslideGuard_Project_Master,,,,,,,,NO_TEMPORAL_DATA
25.670083,91.094806,LandslideGuard_Project_Master,,,,,,,,NO_TEMPORAL_DATA
25.667417,91.092333,LandslideGuard_Project_Master,,,,,,,,NO_TEMPORAL_DATA
25.667072,91.091972,LandslideGuard_Project_Master,,,,,,,,NO_TEMPORAL_DATA
25.666028,91.091167,LandslideGuard_Project_Master,,,,,,,,NO_TEMPORAL_DATA
25.664111,91.089556,LandslideGuard_Project_Master,,,,,,,,NO_TEMPORAL_DATA
25.6655,91.090556,LandslideGuard_Project_Master,,,,,,,,NO_TEMPORAL_DATA
25.66675,91.121472,LandslideGuard_Project_Master,,,,,,,,NO_TEMPORAL_DATA
25.668317,91.114858,LandslideGuard_Project_Master,,,,,,,,NO_TEMPORAL_DATA
25.68625,91.118358,LandslideGuard_Project_Master,,,,,,,,NO_TEMPORAL_DATA
25.69483,91.11836,LandslideGuard_Project_Master,,,,,,,,NO_TEMPORAL_DATA
25.663303,91.1347,LandslideGuard_Project_Master,,,,,,,,NO_TEMPORAL_DATA
25.660825,91.143689,LandslideGuard_Project_Master,,,,,,,,NO_TEMPORAL_DATA
25.660275,91.144308,LandslideGuard_Project_Master,,,,,,,,NO_TEMPORAL_DATA
25.657083,91.147397,LandslideGuard_Project_Master,,,,,,,,NO_TEMPORAL_DATA
25.649856,91.154383,LandslideGuard_Project_Master,,,,,,,,NO_TEMPORAL_DATA
25.644833,91.134778,LandslideGuard_Project_Master,,,,,,,,NO_TEMPORAL_DATA
25.606189,91.157706,LandslideGuard_Project_Master,,,,,,,,NO_TEMPORAL_DATA
25.607458,91.157039,LandslideGuard_Project_Master,,,,,,,,NO_TEMPORAL_DATA
25.599817,91.176394,LandslideGuard_Project_Master,,,,,,,,NO_TEMPORAL_DATA
25.598908,91.175628,LandslideGuard_Project_Master,,,,,,,,NO_TEMPORAL_DATA
25.599575,91.1782,LandslideGuard_Project_Master,,,,,,,,NO_TEMPORAL_DATA
25.600736,91.177453,LandslideGuard_Project_Master,,,,,,,,NO_TEMPORAL_DATA
25.607567,91.174906,LandslideGuard_Project_Master,,,,,,,,NO_TEMPORAL_DATA
25.606969,91.176158,LandslideGuard_Project_Master,,,,,,,,NO_TEMPORAL_DATA
25.612794,91.173697,LandslideGuard_Project_Master,,,,,,,,NO_TEMPORAL_DATA
25.624778,91.16775,LandslideGuard_Project_Master,,,,,,,,NO_TEMPORAL_DATA
25.626767,91.165211,LandslideGuard_Project_Master,,,,,,,,NO_TEMPORAL_DATA
25.628758,91.164169,LandslideGuard_Project_Master,,,,,,,,NO_TEMPORAL_DATA
25.629683,91.163172,LandslideGuard_Project_Master,,,,,,,,NO_TEMPORAL_DATA
25.632286,91.162786,LandslideGuard_Project_Master,,,,,,,,NO_TEMPORAL_DATA
25.636747,91.162711,LandslideGuard_Project_Master,,,,,,,,NO_TEMPORAL_DATA
25.644222,91.158528,LandslideGuard_Project_Master,,,,,,,,NO_TEMPORAL_DATA
25.644944,91.158153,LandslideGuard_Project_Master,,,,,,,,NO_TEMPORAL_DATA
25.6466,91.157592,LandslideGuard_Project_Master,,,,,,,,NO_TEMPORAL_DATA
25.643494,91.159222,LandslideGuard_Project_Master,,,,,,,,NO_TEMPORAL_DATA
25.625331,91.182614,LandslideGuard_Project_Master,,,,,,,,NO_TEMPORAL_DATA
25.618994,91.185681,LandslideGuard_Project_Master,,,,,,,,NO_TEMPORAL_DATA
25.602683,91.180708,LandslideGuard_Project_Master,,,,,,,,NO_TEMPORAL_DATA
25.698111,91.18275,LandslideGuard_Project_Master,,,,,,,,NO_TEMPORAL_DATA
25.671125,91.178883,LandslideGuard_Project_Master,,,,,,,,NO_TEMPORAL_DATA
25.65835,91.177014,LandslideGuard_Project_Master,,,,,,,,NO_TEMPORAL_DATA
25.79,91.24,LandslideGuard_Project_Master,,,,,,,,NO_TEMPORAL_DATA
25.8,91.11,LandslideGuard_Project_Master,,,,,,,,NO_TEMPORAL_DATA
25.83,91.14,LandslideGuard_Project_Master,,,,,,,,NO_TEMPORAL_DATA
25.85,91.17,LandslideGuard_Project_Master,,,,,,,,NO_TEMPORAL_DATA
25.95,91.28,LandslideGuard_Project_Master,,,2019.0,,,2019.0,,YEAR_ONLY
25.84,91.35,LandslideGuard_Project_Master,,,2018.0,,,2018.0,,YEAR_ONLY
25.615092,91.309872,LandslideGuard_Project_Master,,,,,,,,NO_TEMPORAL_DATA
25.528308,91.395711,LandslideGuard_Project_Master,,,,,,,,NO_TEMPORAL_DATA
25.549961,91.341175,LandslideGuard_Project_Master,,,,,,,,NO_TEMPORAL_DATA
25.549861,91.295706,LandslideGuard_Project_Master,,,,,,,,NO_TEMPORAL_DATA
25.55125,91.297056,LandslideGuard_Project_Master,,,,,,,,NO_TEMPORAL_DATA
25.550122,91.250286,LandslideGuard_Project_Master,,,,,,,,NO_TEMPORAL_DATA
25.547867,91.292589,LandslideGuard_Project_Master,,,,,,,,NO_TEMPORAL_DATA
25.545939,91.284283,LandslideGuard_Project_Master,,,,,,,,NO_TEMPORAL_DATA
25.545206,91.276144,LandslideGuard_Project_Master,,,,,,,,NO_TEMPORAL_DATA
25.544917,91.270722,LandslideGuard_Project_Master,,,,,,,,NO_TEMPORAL_DATA
25.545061,91.269778,LandslideGuard_Project_Master,,,,,,,,NO_TEMPORAL_DATA
25.544936,91.267672,LandslideGuard_Project_Master,,,,,,,,NO_TEMPORAL_DATA
25.544906,91.268575,LandslideGuard_Project_Master,,,,,,,,NO_TEMPORAL_DATA
25.544889,91.263722,LandslideGuard_Project_Master,,,,,,,,NO_TEMPORAL_DATA
25.527781,91.263214,LandslideGuard_Project_Master,,,,,,,,NO_TEMPORAL_DATA
25.523083,91.268972,LandslideGuard_Project_Master,,,,,,,,NO_TEMPORAL_DATA
25.519556,91.266444,LandslideGuard_Project_Master,,,,,,,,NO_TEMPORAL_DATA
25.5208,91.25985,LandslideGuard_Project_Master,,,,,,,,NO_TEMPORAL_DATA
25.50335,91.28335,LandslideGuard_Project_Master,,,,,,,,NO_TEMPORAL_DATA
25.50667,91.28318,LandslideGuard_Project_Master,,,,,,,,NO_TEMPORAL_DATA
25.51973,91.28443,LandslideGuard_Project_Master,,,,,,,,NO_TEMPORAL_DATA
25.545642,91.325403,LandslideGuard_Project_Master,,,,,,,,NO_TEMPORAL_DATA
25.44465,91.34622,LandslideGuard_Project_Master,,,,,,,,NO_TEMPORAL_DATA
25.425,91.405,LandslideGuard_Project_Master,,,,,,,,NO_TEMPORAL_DATA
25.23707,91.43212,LandslideGuard_Project_Master,,,,,,,,NO_TEMPORAL_DATA
25.216169,91.389142,LandslideGuard_Project_Master,,,,,,,,NO_TEMPORAL_DATA
25.221406,91.387092,LandslideGuard_Project_Master,,,,,,,,NO_TEMPORAL_DATA
25.266939,91.383208,LandslideGuard_Project_Master,,,,,,,,NO_TEMPORAL_DATA
25.278028,91.348931,LandslideGuard_Project_Master,,,,,,,,NO_TEMPORAL_DATA
25.299369,91.325575,LandslideGuard_Project_Master,,,,,,,,NO_TEMPORAL_DATA
25.31488,91.33367,LandslideGuard_Project_Master,,,,,,,,NO_TEMPORAL_DATA
25.357472,91.229167,LandslideGuard_Project_Master,,,,,,,,NO_TEMPORAL_DATA
25.356475,91.225489,LandslideGuard_Project_Master,,,,,,,,NO_TEMPORAL_DATA
25.288467,91.224269,LandslideGuard_Project_Master,,,,,,,,NO_TEMPORAL_DATA
25.201,91.234,LandslideGuard_Project_Master,,,,,,,,NO_TEMPORAL_DATA
25.206763,91.231417,LandslideGuard_Project_Master,,,,,,,,NO_TEMPORAL_DATA
25.20283,91.20908,LandslideGuard_Project_Master,,,,,,,,NO_TEMPORAL_DATA
25.211269,91.208223,LandslideGuard_Project_Master,,,,,,,,NO_TEMPORAL_DATA
25.221572,91.185833,LandslideGuard_Project_Master,,,,,,,,NO_TEMPORAL_DATA
25.220764,91.187,LandslideGuard_Project_Master,,,,,,,,NO_TEMPORAL_DATA
25.239068,91.174728,LandslideGuard_Project_Master,,,,,,,,NO_TEMPORAL_DATA
25.197881,91.139559,LandslideGuard_Project_Master,,,,,,,,NO_TEMPORAL_DATA
25.295881,91.071747,LandslideGuard_Project_Master,,,,,,,,NO_TEMPORAL_DATA
25.305047,91.075778,LandslideGuard_Project_Master,,,,,,,,NO_TEMPORAL_DATA
25.455817,91.086289,LandslideGuard_Project_Master,,,,,,,,NO_TEMPORAL_DATA
25.455639,91.082944,LandslideGuard_Project_Master,,,,,,,,NO_TEMPORAL_DATA
25.462319,91.096836,LandslideGuard_Project_Master,,,,,,,,NO_TEMPORAL_DATA
25.496081,91.117675,LandslideGuard_Project_Master,,,,,,,,NO_TEMPORAL_DATA
25.496861,91.198556,LandslideGuard_Project_Master,,,,,,,,NO_TEMPORAL_DATA
25.496367,91.163575,LandslideGuard_Project_Master,,,,,,,,NO_TEMPORAL_DATA
25.507378,91.223883,LandslideGuard_Project_Master,,,,,,,,NO_TEMPORAL_DATA
25.507528,91.224333,LandslideGuard_Project_Master,,,,,,,,NO_TEMPORAL_DATA
25.508,91.225694,LandslideGuard_Project_Master,,,,,,,,NO_TEMPORAL_DATA
25.546553,91.235222,LandslideGuard_Project_Master,,,,,,,,NO_TEMPORAL_DATA
25.546456,91.235733,LandslideGuard_Project_Master,,,,,,,,NO_TEMPORAL_DATA
25.544028,91.215472,LandslideGuard_Project_Master,,,,,,,,NO_TEMPORAL_DATA
25.533183,91.205647,LandslideGuard_Project_Master,,,,,,,,NO_TEMPORAL_DATA
25.534486,91.205492,LandslideGuard_Project_Master,,,,,,,,NO_TEMPORAL_DATA
25.537344,91.207542,LandslideGuard_Project_Master,,,,,,,,NO_TEMPORAL_DATA
25.53725,91.206972,LandslideGuard_Project_Master,,,,,,,,NO_TEMPORAL_DATA
25.536889,91.206556,LandslideGuard_Project_Master,,,,,,,,NO_TEMPORAL_DATA
25.537636,91.208528,LandslideGuard_Project_Master,,,,,,,,NO_TEMPORAL_DATA
25.572492,91.209156,LandslideGuard_Project_Master,,,,,,,,NO_TEMPORAL_DATA
25.569778,91.21575,LandslideGuard_Project_Master,,,,,,,,NO_TEMPORAL_DATA
25.570361,91.215056,LandslideGuard_Project_Master,,,,,,,,NO_TEMPORAL_DATA
25.569222,91.217222,LandslideGuard_Project_Master,,,,,,,,NO_TEMPORAL_DATA
25.565333,91.225667,LandslideGuard_Project_Master,,,,,,,,NO_TEMPORAL_DATA
25.565489,91.220686,LandslideGuard_Project_Master,,,,,,,,NO_TEMPORAL_DATA
25.553794,91.231139,LandslideGuard_Project_Master,,,,,,,,NO_TEMPORAL_DATA
25.558442,91.228547,LandslideGuard_Project_Master,,,,,,,,NO_TEMPORAL_DATA
25.559222,91.229639,LandslideGuard_Project_Master,,,,,,,,NO_TEMPORAL_DATA
25.558489,91.230911,LandslideGuard_Project_Master,,,,,,,,NO_TEMPORAL_DATA
25.555256,91.234944,LandslideGuard_Project_Master,,,,,,,,NO_TEMPORAL_DATA
25.552647,91.237072,LandslideGuard_Project_Master,,,,,,,,NO_TEMPORAL_DATA
25.551667,91.2325,LandslideGuard_Project_Master,,,,,,,,NO_TEMPORAL_DATA
25.551225,91.232636,LandslideGuard_Project_Master,,,,,,,,NO_TEMPORAL_DATA
25.550608,91.232894,LandslideGuard_Project_Master,,,,,,,,NO_TEMPORAL_DATA
25.549667,91.242444,LandslideGuard_Project_Master,,,,,,,,NO_TEMPORAL_DATA
25.549139,91.244417,LandslideGuard_Project_Master,,,,,,,,NO_TEMPORAL_DATA
25.549333,91.246583,LandslideGuard_Project_Master,,,,,,,,NO_TEMPORAL_DATA
25.549639,91.247472,LandslideGuard_Project_Master,,,,,,,,NO_TEMPORAL_DATA
25.560667,91.228028,LandslideGuard_Project_Master,,,,,,,,NO_TEMPORAL_DATA
25.560931,91.227694,LandslideGuard_Project_Master,,,,,,,,NO_TEMPORAL_DATA
25.563239,91.225711,LandslideGuard_Project_Master,,,,,,,,NO_TEMPORAL_DATA
25.580703,91.237361,LandslideGuard_Project_Master,,,,,,,,NO_TEMPORAL_DATA
25.583236,91.237317,LandslideGuard_Project_Master,,,,,,,,NO_TEMPORAL_DATA
25.57425,91.214472,LandslideGuard_Project_Master,,,,,,,,NO_TEMPORAL_DATA
25.581822,91.189944,LandslideGuard_Project_Master,,,,,,,,NO_TEMPORAL_DATA
25.582061,91.185611,LandslideGuard_Project_Master,,,,,,,,NO_TEMPORAL_DATA
25.582836,91.183972,LandslideGuard_Project_Master,,,,,,,,NO_TEMPORAL_DATA
25.581572,91.181611,LandslideGuard_Project_Master,,,,,,,,NO_TEMPORAL_DATA
25.581983,91.176972,LandslideGuard_Project_Master,,,,,,,,NO_TEMPORAL_DATA
25.585389,91.1765,LandslideGuard_Project_Master,,,,,,,,NO_TEMPORAL_DATA
25.597614,91.153233,LandslideGuard_Project_Master,,,,,,,,NO_TEMPORAL_DATA
25.436875,91.06105,LandslideGuard_Project_Master,,,,,,,,NO_TEMPORAL_DATA
25.436706,91.051053,LandslideGuard_Project_Master,,,,,,,,NO_TEMPORAL_DATA
25.436306,91.050361,LandslideGuard_Project_Master,,,,,,,,NO_TEMPORAL_DATA
25.440153,90.881372,LandslideGuard_Project_Master,,,,,,,,NO_TEMPORAL_DATA
25.560028,90.833917,LandslideGuard_Project_Master,,,,,,,,NO_TEMPORAL_DATA
25.565569,90.808153,LandslideGuard_Project_Master,,,,,,,,NO_TEMPORAL_DATA
25.552992,90.814503,LandslideGuard_Project_Master,,,,,,,,NO_TEMPORAL_DATA
25.558058,90.809919,LandslideGuard_Project_Master,,,,,,,,NO_TEMPORAL_DATA
25.557833,90.818103,LandslideGuard_Project_Master,,,,,,,,NO_TEMPORAL_DATA
25.553522,90.815225,LandslideGuard_Project_Master,,,,,,,,NO_TEMPORAL_DATA
25.48586,90.7005,LandslideGuard_Project_Master,,,,,,,,NO_TEMPORAL_DATA
25.47542,90.698611,LandslideGuard_Project_Master,,,,,,,,NO_TEMPORAL_DATA
25.39766,90.70111,LandslideGuard_Project_Master,,,,,,,,NO_TEMPORAL_DATA
25.39799,90.69972,LandslideGuard_Project_Master,,,,,,,,NO_TEMPORAL_DATA
25.40121,90.71722,LandslideGuard_Project_Master,,,,,,,,NO_TEMPORAL_DATA
25.403061,90.724166,LandslideGuard_Project_Master,,,,,,,,NO_TEMPORAL_DATA
25.416456,90.802981,LandslideGuard_Project_Master,,,,,,,,NO_TEMPORAL_DATA
25.479069,90.807167,LandslideGuard_Project_Master,,,,,,,,NO_TEMPORAL_DATA
25.374072,90.8146,LandslideGuard_Project_Master,,,,,,,,NO_TEMPORAL_DATA
25.311336,90.969222,LandslideGuard_Project_Master,,,,,,,,NO_TEMPORAL_DATA
25.359281,91.035939,LandslideGuard_Project_Master,,,,,,,,NO_TEMPORAL_DATA
25.361056,91.034889,LandslideGuard_Project_Master,,,,,,,,NO_TEMPORAL_DATA
25.376992,91.038136,LandslideGuard_Project_Master,,,,,,,,NO_TEMPORAL_DATA
25.191366,91.040468,LandslideGuard_Project_Master,,,,,,,,NO_TEMPORAL_DATA
25.18676,91.396515,LandslideGuard_Project_Master,,,,,,,,NO_TEMPORAL_DATA
25.188327,91.761486,LandslideGuard_Project_Master,,,,,,,,NO_TEMPORAL_DATA
25.169159,91.690014,LandslideGuard_Project_Master,,,,,,,,NO_TEMPORAL_DATA
25.180032,91.65815,LandslideGuard_Project_Master,,,,,,,,NO_TEMPORAL_DATA
25.181969,91.637545,LandslideGuard_Project_Master,,,,,,,,NO_TEMPORAL_DATA
25.182254,91.618979,LandslideGuard_Project_Master,,,,,,,,NO_TEMPORAL_DATA
25.180536,91.576839,LandslideGuard_Project_Master,,,,,,,,NO_TEMPORAL_DATA
25.181759,91.573658,LandslideGuard_Project_Master,,,,,,,,NO_TEMPORAL_DATA
25.18092,91.570335,LandslideGuard_Project_Master,,,,,,,,NO_TEMPORAL_DATA
25.160222,91.527843,LandslideGuard_Project_Master,,,,,,,,NO_TEMPORAL_DATA
25.159469,91.528337,LandslideGuard_Project_Master,,,,,,,,NO_TEMPORAL_DATA
25.160398,91.489558,LandslideGuard_Project_Master,,,,,,,,NO_TEMPORAL_DATA
25.158643,91.525222,LandslideGuard_Project_Master,,,,,,,,NO_TEMPORAL_DATA
25.18955,91.453997,LandslideGuard_Project_Master,,,,,,,,NO_TEMPORAL_DATA
25.247518,91.450545,LandslideGuard_Project_Master,,,,,,,,NO_TEMPORAL_DATA
25.24736,91.451647,LandslideGuard_Project_Master,,,,,,,,NO_TEMPORAL_DATA
25.251211,91.454514,LandslideGuard_Project_Master,,,,,,,,NO_TEMPORAL_DATA
25.196781,91.574727,LandslideGuard_Project_Master,,,,,,,,NO_TEMPORAL_DATA
25.205078,91.57517,LandslideGuard_Project_Master,,,,,,,,NO_TEMPORAL_DATA
25.214783,91.590875,LandslideGuard_Project_Master,,,,,,,,NO_TEMPORAL_DATA
25.207314,91.592357,LandslideGuard_Project_Master,,,,,,,,NO_TEMPORAL_DATA
25.208313,91.606889,LandslideGuard_Project_Master,,,,,,,,NO_TEMPORAL_DATA
25.205651,91.599771,LandslideGuard_Project_Master,,,,,,,,NO_TEMPORAL_DATA
25.218821,91.581584,LandslideGuard_Project_Master,,,,,,,,NO_TEMPORAL_DATA
25.265048,91.591553,LandslideGuard_Project_Master,,,,,,,,NO_TEMPORAL_DATA
25.273217,91.609962,LandslideGuard_Project_Master,,,,,,,,NO_TEMPORAL_DATA
25.26851,91.580418,LandslideGuard_Project_Master,,,,,,,,NO_TEMPORAL_DATA
25.27342,91.578074,LandslideGuard_Project_Master,,,,,,,,NO_TEMPORAL_DATA
25.273477,91.577794,LandslideGuard_Project_Master,,,,,,,,NO_TEMPORAL_DATA
25.277934,91.575,LandslideGuard_Project_Master,,,,,,,,NO_TEMPORAL_DATA
25.282485,91.57685,LandslideGuard_Project_Master,,,,,,,,NO_TEMPORAL_DATA
25.282943,91.580161,LandslideGuard_Project_Master,,,,,,,,NO_TEMPORAL_DATA
25.289055,91.533039,LandslideGuard_Project_Master,,,,,,,,NO_TEMPORAL_DATA
25.295624,91.56964,LandslideGuard_Project_Master,,,,,,,,NO_TEMPORAL_DATA
25.31458,91.45242,LandslideGuard_Project_Master,,,,,,,,NO_TEMPORAL_DATA
25.31848,91.45262,LandslideGuard_Project_Master,,,,,,,,NO_TEMPORAL_DATA
25.31488,91.44913,LandslideGuard_Project_Master,,,,,,,,NO_TEMPORAL_DATA
25.38803,91.46977,LandslideGuard_Project_Master,,,,,,,,NO_TEMPORAL_DATA
25.4013,91.45855,LandslideGuard_Project_Master,,,,,,,,NO_TEMPORAL_DATA
25.40023,91.5159,LandslideGuard_Project_Master,,,,,,,,NO_TEMPORAL_DATA
25.525533,91.467683,LandslideGuard_Project_Master,,,,,,,,NO_TEMPORAL_DATA
25.522717,91.448328,LandslideGuard_Project_Master,,,,,,,,NO_TEMPORAL_DATA
25.587111,91.498556,LandslideGuard_Project_Master,,,,,,,,NO_TEMPORAL_DATA
25.545722,91.520556,LandslideGuard_Project_Master,,,,,,,,NO_TEMPORAL_DATA
25.523,91.521389,LandslideGuard_Project_Master,,,2016.0,,,2016.0,,YEAR_ONLY
25.524931,91.514383,LandslideGuard_Project_Master,,,2016.0,,,2016.0,,YEAR_ONLY
25.520356,91.537764,LandslideGuard_Project_Master,,,2016.0,,,2016.0,,YEAR_ONLY
25.5502,91.618106,LandslideGuard_Project_Master,,,2016.0,,,2016.0,,YEAR_ONLY
25.548306,91.61775,LandslideGuard_Project_Master,,,2016.0,,,2016.0,,YEAR_ONLY
25.537972,91.602361,LandslideGuard_Project_Master,,,2016.0,,,2016.0,,YEAR_ONLY
25.40547,91.53712,LandslideGuard_Project_Master,,,,,,,,NO_TEMPORAL_DATA
25.542744,91.662067,LandslideGuard_Project_Master,,,2016.0,,,2016.0,,YEAR_ONLY
25.549789,91.645033,LandslideGuard_Project_Master,,,2016.0,,,2016.0,,YEAR_ONLY
25.548089,91.647706,LandslideGuard_Project_Master,,,2016.0,,,2016.0,,YEAR_ONLY
25.535628,91.679575,LandslideGuard_Project_Master,,,2016.0,,,2016.0,,YEAR_ONLY
25.507586,91.708236,LandslideGuard_Project_Master,,,2016.0,,,2016.0,,YEAR_ONLY
25.509233,91.703961,LandslideGuard_Project_Master,,,2016.0,,,2016.0,,YEAR_ONLY
25.504083,91.723028,LandslideGuard_Project_Master,,,2016.0,,,2016.0,,YEAR_ONLY
25.509358,91.719631,LandslideGuard_Project_Master,,,2016.0,,,2016.0,,YEAR_ONLY
25.577212,91.75219,LandslideGuard_Project_Master,,,,,,,,NO_TEMPORAL_DATA
25.576847,91.753423,LandslideGuard_Project_Master,,,,,,,,NO_TEMPORAL_DATA
25.568056,91.737944,LandslideGuard_Project_Master,,,2016.0,,,2016.0,,YEAR_ONLY
25.568106,91.737919,LandslideGuard_Project_Master,,,2016.0,,,2016.0,,YEAR_ONLY
25.581829,91.765659,LandslideGuard_Project_Master,,,,,,,,NO_TEMPORAL_DATA
25.585875,91.777328,LandslideGuard_Project_Master,,,,,,,,NO_TEMPORAL_DATA
25.446933,91.742919,LandslideGuard_Project_Master,,,,,,,,NO_TEMPORAL_DATA
25.423674,91.721317,LandslideGuard_Project_Master,,,,,,,,NO_TEMPORAL_DATA
25.397722,91.769417,LandslideGuard_Project_Master,,,,,,,,NO_TEMPORAL_DATA
25.398345,91.769704,LandslideGuard_Project_Master,,,,,,,,NO_TEMPORAL_DATA
25.408236,91.778704,LandslideGuard_Project_Master,,,,,,,,NO_TEMPORAL_DATA
25.390714,91.764766,LandslideGuard_Project_Master,,,,,,,,NO_TEMPORAL_DATA
25.387912,91.762233,LandslideGuard_Project_Master,,,,,,,,NO_TEMPORAL_DATA
25.35525,91.767889,LandslideGuard_Project_Master,,,,,,,,NO_TEMPORAL_DATA
25.353486,91.765544,LandslideGuard_Project_Master,,,,,,,,NO_TEMPORAL_DATA
25.348394,91.762714,LandslideGuard_Project_Master,,,,,,,,NO_TEMPORAL_DATA
25.338631,91.777559,LandslideGuard_Project_Master,,,,,,,,NO_TEMPORAL_DATA
25.338711,91.775111,LandslideGuard_Project_Master,,,,,,,,NO_TEMPORAL_DATA
25.298951,91.726475,LandslideGuard_Project_Master,,,,,,,,NO_TEMPORAL_DATA
25.299931,91.726268,LandslideGuard_Project_Master,,,,,,,,NO_TEMPORAL_DATA
25.300389,91.726722,LandslideGuard_Project_Master,,,,,,,,NO_TEMPORAL_DATA
25.381107,91.756477,LandslideGuard_Project_Master,,,,,,,,NO_TEMPORAL_DATA
25.382563,91.757675,LandslideGuard_Project_Master,,,,,,,,NO_TEMPORAL_DATA
25.382898,91.757906,LandslideGuard_Project_Master,,,,,,,,NO_TEMPORAL_DATA
25.331948,91.661011,LandslideGuard_Project_Master,,,,,,,,NO_TEMPORAL_DATA
25.326032,91.659568,LandslideGuard_Project_Master,,,,,,,,NO_TEMPORAL_DATA
25.331209,91.67737,LandslideGuard_Project_Master,,,,,,,,NO_TEMPORAL_DATA
25.247226,91.671435,LandslideGuard_Project_Master,,,,,,,,NO_TEMPORAL_DATA
25.220023,91.631989,LandslideGuard_Project_Master,,,,,,,,NO_TEMPORAL_DATA
25.200934,91.63449,LandslideGuard_Project_Master,,,,,,,,NO_TEMPORAL_DATA
25.20111,91.640451,LandslideGuard_Project_Master,,,,,,,,NO_TEMPORAL_DATA
25.209703,91.646662,LandslideGuard_Project_Master,,,,,,,,NO_TEMPORAL_DATA
25.209456,91.646315,LandslideGuard_Project_Master,,,,,,,,NO_TEMPORAL_DATA
25.209427,91.646032,LandslideGuard_Project_Master,,,,,,,,NO_TEMPORAL_DATA
25.223553,91.671157,LandslideGuard_Project_Master,,,,,,,,NO_TEMPORAL_DATA
25.237221,91.679456,LandslideGuard_Project_Master,,,,,,,,NO_TEMPORAL_DATA
25.240338,91.677786,LandslideGuard_Project_Master,,,,,,,,NO_TEMPORAL_DATA
25.23572,91.68776,LandslideGuard_Project_Master,,,,,,,,NO_TEMPORAL_DATA
25.228005,91.687913,LandslideGuard_Project_Master,,,,,,,,NO_TEMPORAL_DATA
25.228272,91.687776,LandslideGuard_Project_Master,,,,,,,,NO_TEMPORAL_DATA
25.22784,91.688252,LandslideGuard_Project_Master,,,,,,,,NO_TEMPORAL_DATA
25.222564,91.691398,LandslideGuard_Project_Master,,,,,,,,NO_TEMPORAL_DATA
25.22175,91.693006,LandslideGuard_Project_Master,,,,,,,,NO_TEMPORAL_DATA
25.224808,91.696177,LandslideGuard_Project_Master,,,,,,,,NO_TEMPORAL_DATA
25.228344,91.693332,LandslideGuard_Project_Master,,,,,,,,NO_TEMPORAL_DATA
25.229161,91.693249,LandslideGuard_Project_Master,,,,,,,,NO_TEMPORAL_DATA
25.224417,91.689893,LandslideGuard_Project_Master,,,,,,,,NO_TEMPORAL_DATA
25.227063,91.691293,LandslideGuard_Project_Master,,,,,,,,NO_TEMPORAL_DATA
25.227183,91.690972,LandslideGuard_Project_Master,,,,,,,,NO_TEMPORAL_DATA
25.230063,91.688941,LandslideGuard_Project_Master,,,,,,,,NO_TEMPORAL_DATA
25.229822,91.693551,LandslideGuard_Project_Master,,,,,,,,NO_TEMPORAL_DATA
25.234966,91.690051,LandslideGuard_Project_Master,,,,,,,,NO_TEMPORAL_DATA
25.23416,91.690216,LandslideGuard_Project_Master,,,,,,,,NO_TEMPORAL_DATA
25.234952,91.689803,LandslideGuard_Project_Master,,,,,,,,NO_TEMPORAL_DATA
25.236582,91.688857,LandslideGuard_Project_Master,,,,,,,,NO_TEMPORAL_DATA
25.226046,91.701458,LandslideGuard_Project_Master,,,,,,,,NO_TEMPORAL_DATA
25.224506,91.704403,LandslideGuard_Project_Master,,,,,,,,NO_TEMPORAL_DATA
25.218961,91.707094,LandslideGuard_Project_Master,,,,,,,,NO_TEMPORAL_DATA
25.219787,91.710947,LandslideGuard_Project_Master,,,,,,,,NO_TEMPORAL_DATA
25.217558,91.709355,LandslideGuard_Project_Master,,,,,,,,NO_TEMPORAL_DATA
25.216805,91.709405,LandslideGuard_Project_Master,,,,,,,,NO_TEMPORAL_DATA
25.208256,91.69041,LandslideGuard_Project_Master,,,,,,,,NO_TEMPORAL_DATA
25.20836,91.725397,LandslideGuard_Project_Master,,,,,,,,NO_TEMPORAL_DATA
25.207515,91.746839,LandslideGuard_Project_Master,,,,,,,,NO_TEMPORAL_DATA
25.206426,91.75498,LandslideGuard_Project_Master,,,,,,,,NO_TEMPORAL_DATA
25.205307,91.755686,LandslideGuard_Project_Master,,,,,,,,NO_TEMPORAL_DATA
25.205465,91.755789,LandslideGuard_Project_Master,,,,,,,,NO_TEMPORAL_DATA
25.212554,91.747962,LandslideGuard_Project_Master,,,,,,,,NO_TEMPORAL_DATA
25.209568,91.745894,LandslideGuard_Project_Master,,,,,,,,NO_TEMPORAL_DATA
25.20655,91.744914,LandslideGuard_Project_Master,,,,,,,,NO_TEMPORAL_DATA
25.204882,91.742535,LandslideGuard_Project_Master,,,,,,,,NO_TEMPORAL_DATA
25.2071,91.741225,LandslideGuard_Project_Master,,,,,,,,NO_TEMPORAL_DATA
25.208593,91.742294,LandslideGuard_Project_Master,,,,,,,,NO_TEMPORAL_DATA
25.206885,91.740497,LandslideGuard_Project_Master,,,,,,,,NO_TEMPORAL_DATA
25.206573,91.738428,LandslideGuard_Project_Master,,,,,,,,NO_TEMPORAL_DATA
25.206686,91.73898,LandslideGuard_Project_Master,,,,,,,,NO_TEMPORAL_DATA
25.206892,91.736341,LandslideGuard_Project_Master,,,,,,,,NO_TEMPORAL_DATA
25.205623,91.736208,LandslideGuard_Project_Master,,,,,,,,NO_TEMPORAL_DATA
25.216078,91.738387,LandslideGuard_Project_Master,,,,,,,,NO_TEMPORAL_DATA
25.216464,91.735629,LandslideGuard_Project_Master,,,,,,,,NO_TEMPORAL_DATA
25.218732,91.740262,LandslideGuard_Project_Master,,,,,,,,NO_TEMPORAL_DATA
25.224654,91.735929,LandslideGuard_Project_Master,,,,,,,,NO_TEMPORAL_DATA
25.223769,91.740164,LandslideGuard_Project_Master,,,,,,,,NO_TEMPORAL_DATA
25.222221,91.742134,LandslideGuard_Project_Master,,,,,,,,NO_TEMPORAL_DATA
25.226751,91.754441,LandslideGuard_Project_Master,,,,,,,,NO_TEMPORAL_DATA
25.227249,91.748917,LandslideGuard_Project_Master,,,,,,,,NO_TEMPORAL_DATA
25.229706,91.745297,LandslideGuard_Project_Master,,,,,,,,NO_TEMPORAL_DATA
25.240315,91.733388,LandslideGuard_Project_Master,,,,,,,,NO_TEMPORAL_DATA
25.217886,91.73381,LandslideGuard_Project_Master,,,,,,,,NO_TEMPORAL_DATA
25.22026,91.720198,LandslideGuard_Project_Master,,,,,,,,NO_TEMPORAL_DATA
25.221164,91.719886,LandslideGuard_Project_Master,,,,,,,,NO_TEMPORAL_DATA
25.222501,91.714409,LandslideGuard_Project_Master,,,,,,,,NO_TEMPORAL_DATA
25.243783,91.738698,LandslideGuard_Project_Master,,,,,,,,NO_TEMPORAL_DATA
25.243358,91.747094,LandslideGuard_Project_Master,,,,,,,,NO_TEMPORAL_DATA
25.223708,91.76661,LandslideGuard_Project_Master,,,,,,,,NO_TEMPORAL_DATA
25.223307,91.762345,LandslideGuard_Project_Master,,,,,,,,NO_TEMPORAL_DATA
25.222304,91.763619,LandslideGuard_Project_Master,,,,,,,,NO_TEMPORAL_DATA
25.222528,91.765256,LandslideGuard_Project_Master,,,,,,,,NO_TEMPORAL_DATA
25.24327,91.866626,LandslideGuard_Project_Master,,,,,,,,NO_TEMPORAL_DATA
25.243671,91.866854,LandslideGuard_Project_Master,,,,,,,,NO_TEMPORAL_DATA
25.256259,91.868197,LandslideGuard_Project_Master,,,,,,,,NO_TEMPORAL_DATA
25.257449,91.87187,LandslideGuard_Project_Master,,,,,,,,NO_TEMPORAL_DATA
25.257286,91.871763,LandslideGuard_Project_Master,,,,,,,,NO_TEMPORAL_DATA
25.259326,91.872712,LandslideGuard_Project_Master,,,,,,,,NO_TEMPORAL_DATA
25.2608,91.8736,LandslideGuard_Project_Master,,,,,,,,NO_TEMPORAL_DATA
25.282608,91.867354,LandslideGuard_Project_Master,,,,,,,,NO_TEMPORAL_DATA
25.277215,91.865449,LandslideGuard_Project_Master,,,,,,,,NO_TEMPORAL_DATA
25.269949,91.875273,LandslideGuard_Project_Master,,,,,,,,NO_TEMPORAL_DATA
25.27142,91.874884,LandslideGuard_Project_Master,,,,,,,,NO_TEMPORAL_DATA
25.27197,91.874872,LandslideGuard_Project_Master,,,,,,,,NO_TEMPORAL_DATA
25.234097,91.866071,LandslideGuard_Project_Master,,,,,,,,NO_TEMPORAL_DATA
25.225772,91.863037,LandslideGuard_Project_Master,,,,,,,,NO_TEMPORAL_DATA
25.199311,91.858857,LandslideGuard_Project_Master,,,,,,,,NO_TEMPORAL_DATA
25.228755,91.963018,LandslideGuard_Project_Master,,,,,,,,NO_TEMPORAL_DATA
25.311778,91.917528,LandslideGuard_Project_Master,,,,,,,,NO_TEMPORAL_DATA
25.320833,91.9275,LandslideGuard_Project_Master,,,,,,,,NO_TEMPORAL_DATA
25.321102,91.927514,LandslideGuard_Project_Master,,,,,,,,NO_TEMPORAL_DATA
25.322897,91.927752,LandslideGuard_Project_Master,,,,,,,,NO_TEMPORAL_DATA
25.332836,91.934395,LandslideGuard_Project_Master,,,,,,,,NO_TEMPORAL_DATA
25.326694,91.933972,LandslideGuard_Project_Master,,,,,,,,NO_TEMPORAL_DATA
25.326204,91.932463,LandslideGuard_Project_Master,,,,,,,,NO_TEMPORAL_DATA
25.326063,91.931808,LandslideGuard_Project_Master,,,,,,,,NO_TEMPORAL_DATA
25.325889,91.935222,LandslideGuard_Project_Master,,,,,,,,NO_TEMPORAL_DATA
25.324861,91.938389,LandslideGuard_Project_Master,,,,,,,,NO_TEMPORAL_DATA
25.324583,91.940667,LandslideGuard_Project_Master,,,,,,,,NO_TEMPORAL_DATA
25.324806,91.942194,LandslideGuard_Project_Master,,,,,,,,NO_TEMPORAL_DATA
25.315176,91.923021,LandslideGuard_Project_Master,,,,,,,,NO_TEMPORAL_DATA
25.301167,91.929306,LandslideGuard_Project_Master,,,,,,,,NO_TEMPORAL_DATA
25.301559,91.922585,LandslideGuard_Project_Master,,,,,,,,NO_TEMPORAL_DATA
25.301383,91.922017,LandslideGuard_Project_Master,,,,,,,,NO_TEMPORAL_DATA
25.301676,91.923138,LandslideGuard_Project_Master,,,,,,,,NO_TEMPORAL_DATA
25.301444,91.9245,LandslideGuard_Project_Master,,,,,,,,NO_TEMPORAL_DATA
25.302544,91.925218,LandslideGuard_Project_Master,,,,,,,,NO_TEMPORAL_DATA
25.298806,91.923167,LandslideGuard_Project_Master,,,,,,,,NO_TEMPORAL_DATA
25.294778,91.930833,LandslideGuard_Project_Master,,,,,,,,NO_TEMPORAL_DATA
25.294601,91.930853,LandslideGuard_Project_Master,,,,,,,,NO_TEMPORAL_DATA
25.300281,91.944944,LandslideGuard_Project_Master,,,,,,,,NO_TEMPORAL_DATA
25.324889,91.943417,LandslideGuard_Project_Master,,,,,,,,NO_TEMPORAL_DATA
25.354644,91.973237,LandslideGuard_Project_Master,,,,,,,,NO_TEMPORAL_DATA
25.350166,91.972582,LandslideGuard_Project_Master,,,,,,,,NO_TEMPORAL_DATA
25.362972,91.976278,LandslideGuard_Project_Master,,,,,,,,NO_TEMPORAL_DATA
25.360351,91.974979,LandslideGuard_Project_Master,,,,,,,,NO_TEMPORAL_DATA
25.359331,91.974469,LandslideGuard_Project_Master,,,,,,,,NO_TEMPORAL_DATA
25.358977,91.973477,LandslideGuard_Project_Master,,,,,,,,NO_TEMPORAL_DATA
25.385535,91.988473,LandslideGuard_Project_Master,,,,,,,,NO_TEMPORAL_DATA
25.38707,91.988294,LandslideGuard_Project_Master,,,,,,,,NO_TEMPORAL_DATA
25.372139,91.879889,LandslideGuard_Project_Master,,,,,,,,NO_TEMPORAL_DATA
25.375917,91.876,LandslideGuard_Project_Master,,,,,,,,NO_TEMPORAL_DATA
25.3763,91.874028,LandslideGuard_Project_Master,,,,,,,,NO_TEMPORAL_DATA
25.376083,91.876944,LandslideGuard_Project_Master,,,,,,,,NO_TEMPORAL_DATA
25.383298,91.87473,LandslideGuard_Project_Master,,,,,,,,NO_TEMPORAL_DATA
25.382428,91.874568,LandslideGuard_Project_Master,,,,,,,,NO_TEMPORAL_DATA
25.386191,91.874586,LandslideGuard_Project_Master,,,,,,,,NO_TEMPORAL_DATA
25.386583,91.874694,LandslideGuard_Project_Master,,,,,,,,NO_TEMPORAL_DATA
25.387781,91.877117,LandslideGuard_Project_Master,,,,,,,,NO_TEMPORAL_DATA
25.388039,91.8773,LandslideGuard_Project_Master,,,,,,,,NO_TEMPORAL_DATA
25.382694,91.877528,LandslideGuard_Project_Master,,,,,,,,NO_TEMPORAL_DATA
25.390444,91.883806,LandslideGuard_Project_Master,,,,,,,,NO_TEMPORAL_DATA
25.391265,91.884164,LandslideGuard_Project_Master,,,,,,,,NO_TEMPORAL_DATA
25.389028,91.874917,LandslideGuard_Project_Master,,,,,,,,NO_TEMPORAL_DATA
25.391944,91.875028,LandslideGuard_Project_Master,,,,,,,,NO_TEMPORAL_DATA
25.394983,91.872484,LandslideGuard_Project_Master,,,,,,,,NO_TEMPORAL_DATA
25.393914,91.872066,LandslideGuard_Project_Master,,,,,,,,NO_TEMPORAL_DATA
25.390145,91.87196,LandslideGuard_Project_Master,,,,,,,,NO_TEMPORAL_DATA
25.391723,91.871851,LandslideGuard_Project_Master,,,,,,,,NO_TEMPORAL_DATA
25.364889,91.881,LandslideGuard_Project_Master,,,,,,,,NO_TEMPORAL_DATA
25.36925,91.879611,LandslideGuard_Project_Master,,,,,,,,NO_TEMPORAL_DATA
25.360132,91.882043,LandslideGuard_Project_Master,,,,,,,,NO_TEMPORAL_DATA
25.359985,91.882639,LandslideGuard_Project_Master,,,,,,,,NO_TEMPORAL_DATA
25.359922,91.882943,LandslideGuard_Project_Master,,,,,,,,NO_TEMPORAL_DATA
25.359923,91.883122,LandslideGuard_Project_Master,,,,,,,,NO_TEMPORAL_DATA
25.360004,91.8838,LandslideGuard_Project_Master,,,,,,,,NO_TEMPORAL_DATA
25.359306,91.885111,LandslideGuard_Project_Master,,,,,,,,NO_TEMPORAL_DATA
25.359611,91.889417,LandslideGuard_Project_Master,,,,,,,,NO_TEMPORAL_DATA
25.351304,91.89353,LandslideGuard_Project_Master,,,,,,,,NO_TEMPORAL_DATA
25.34555,91.891461,LandslideGuard_Project_Master,,,,,,,,NO_TEMPORAL_DATA
25.346641,91.891987,LandslideGuard_Project_Master,,,,,,,,NO_TEMPORAL_DATA
25.349742,91.893423,LandslideGuard_Project_Master,,,,,,,,NO_TEMPORAL_DATA
25.34815,91.892506,LandslideGuard_Project_Master,,,,,,,,NO_TEMPORAL_DATA
25.345611,91.895,LandslideGuard_Project_Master,,,,,,,,NO_TEMPORAL_DATA
25.32765,91.893414,LandslideGuard_Project_Master,,,,,,,,NO_TEMPORAL_DATA
25.415438,91.867487,LandslideGuard_Project_Master,,,,,,,,NO_TEMPORAL_DATA
25.413306,91.871139,LandslideGuard_Project_Master,,,,,,,,NO_TEMPORAL_DATA
25.397287,91.872324,LandslideGuard_Project_Master,,,,,,,,NO_TEMPORAL_DATA
25.438495,91.862917,LandslideGuard_Project_Master,,,,,,,,NO_TEMPORAL_DATA
25.422194,91.869222,LandslideGuard_Project_Master,,,,,,,,NO_TEMPORAL_DATA
25.425944,91.866,LandslideGuard_Project_Master,,,,,,,,NO_TEMPORAL_DATA
25.423839,91.862729,LandslideGuard_Project_Master,,,,,,,,NO_TEMPORAL_DATA
25.430167,91.866528,LandslideGuard_Project_Master,,,,,,,,NO_TEMPORAL_DATA
25.43561,91.862056,LandslideGuard_Project_Master,,,,,,,,NO_TEMPORAL_DATA
25.437036,91.857168,LandslideGuard_Project_Master,,,,,,,,NO_TEMPORAL_DATA
25.461894,91.830791,LandslideGuard_Project_Master,,,,,,,,NO_TEMPORAL_DATA
25.452164,91.819054,LandslideGuard_Project_Master,,,,,,,,NO_TEMPORAL_DATA
25.449349,91.817118,LandslideGuard_Project_Master,,,,,,,,NO_TEMPORAL_DATA
25.450628,91.817767,LandslideGuard_Project_Master,,,,,,,,NO_TEMPORAL_DATA
25.49137,91.821688,LandslideGuard_Project_Master,,,,,,,,NO_TEMPORAL_DATA
25.571256,91.825464,LandslideGuard_Project_Master,,,,,,,,NO_TEMPORAL_DATA
25.571555,91.826228,LandslideGuard_Project_Master,,,,,,,,NO_TEMPORAL_DATA
25.573653,91.831023,LandslideGuard_Project_Master,,,,,,,,NO_TEMPORAL_DATA
25.57428,91.831851,LandslideGuard_Project_Master,,,,,,,,NO_TEMPORAL_DATA
25.568837,91.833286,LandslideGuard_Project_Master,,,,,,,,NO_TEMPORAL_DATA
25.571299,91.833183,LandslideGuard_Project_Master,,,,,,,,NO_TEMPORAL_DATA
25.57255,91.828833,LandslideGuard_Project_Master,,,,,,,,NO_TEMPORAL_DATA
25.571747,91.827526,LandslideGuard_Project_Master,,,,,,,,NO_TEMPORAL_DATA
25.572312,91.828292,LandslideGuard_Project_Master,,,,,,,,NO_TEMPORAL_DATA
25.57822,91.86545,LandslideGuard_Project_Master,,,,,,,,NO_TEMPORAL_DATA
25.522768,91.892701,LandslideGuard_Project_Master,,,,,,,,NO_TEMPORAL_DATA
25.529056,91.923722,LandslideGuard_Project_Master,,,,,,,,NO_TEMPORAL_DATA
25.5275,91.918861,LandslideGuard_Project_Master,,,,,,,,NO_TEMPORAL_DATA
25.56667,91.90194,LandslideGuard_Project_Master,,,,,,,,NO_TEMPORAL_DATA
25.59578,91.917379,LandslideGuard_Project_Master,,,,,,,,NO_TEMPORAL_DATA
25.536972,91.973639,LandslideGuard_Project_Master,,,,,,,,NO_TEMPORAL_DATA
25.39897,91.993367,LandslideGuard_Project_Master,,,,,,,,NO_TEMPORAL_DATA
25.407917,91.998889,LandslideGuard_Project_Master,,,,,,,,NO_TEMPORAL_DATA
25.400194,92.015731,LandslideGuard_Project_Master,,,,,,,,NO_TEMPORAL_DATA
25.463778,92.04425,LandslideGuard_Project_Master,,,,,,,,NO_TEMPORAL_DATA
25.490961,92.070397,LandslideGuard_Project_Master,,,,,,,,NO_TEMPORAL_DATA
25.489833,92.069033,LandslideGuard_Project_Master,,,,,,,,NO_TEMPORAL_DATA
25.490472,92.069472,LandslideGuard_Project_Master,,,,,,,,NO_TEMPORAL_DATA
25.490475,92.069278,LandslideGuard_Project_Master,,,,,,,,NO_TEMPORAL_DATA
25.541611,92.0125,LandslideGuard_Project_Master,,,,,,,,NO_TEMPORAL_DATA
25.539611,92.001556,LandslideGuard_Project_Master,,,,,,,,NO_TEMPORAL_DATA
25.592972,92.055139,LandslideGuard_Project_Master,,,,,,,,NO_TEMPORAL_DATA
25.582167,92.058333,LandslideGuard_Project_Master,,,,,,,,NO_TEMPORAL_DATA
25.576203,92.057722,LandslideGuard_Project_Master,,,,,,,,NO_TEMPORAL_DATA
25.57395,92.058583,LandslideGuard_Project_Master,,,,,,,,NO_TEMPORAL_DATA
25.53458,92.11539,LandslideGuard_Project_Master,,,,,,,,NO_TEMPORAL_DATA
25.54261,92.10867,LandslideGuard_Project_Master,,,,,,,,NO_TEMPORAL_DATA
25.545083,92.103175,LandslideGuard_Project_Master,,,,,,,,NO_TEMPORAL_DATA
25.545139,92.104778,LandslideGuard_Project_Master,,,,,,,,NO_TEMPORAL_DATA
25.54328,92.10478,LandslideGuard_Project_Master,,,,,,,,NO_TEMPORAL_DATA
25.544506,92.102033,LandslideGuard_Project_Master,,,,,,,,NO_TEMPORAL_DATA
25.54264,92.10214,LandslideGuard_Project_Master,,,,,,,,NO_TEMPORAL_DATA
25.54231,92.1,LandslideGuard_Project_Master,,,,,,,,NO_TEMPORAL_DATA
25.542806,92.096972,LandslideGuard_Project_Master,,,,,,,,NO_TEMPORAL_DATA
25.542694,92.096472,LandslideGuard_Project_Master,,,,,,,,NO_TEMPORAL_DATA
25.54261,92.09842,LandslideGuard_Project_Master,,,,,,,,NO_TEMPORAL_DATA
25.450464,92.095806,LandslideGuard_Project_Master,,,,,,,,NO_TEMPORAL_DATA
25.312667,92.130417,LandslideGuard_Project_Master,,,,,,,,NO_TEMPORAL_DATA
25.358972,92.003131,LandslideGuard_Project_Master,,,,,,,,NO_TEMPORAL_DATA
25.356361,92.004972,LandslideGuard_Project_Master,,,,,,,,NO_TEMPORAL_DATA
25.356461,92.006278,LandslideGuard_Project_Master,,,,,,,,NO_TEMPORAL_DATA
25.347353,92.010558,LandslideGuard_Project_Master,,,,,,,,NO_TEMPORAL_DATA
25.347444,92.007917,LandslideGuard_Project_Master,,,,,,,,NO_TEMPORAL_DATA
25.346972,92.008278,LandslideGuard_Project_Master,,,,,,,,NO_TEMPORAL_DATA
25.346111,92.00675,LandslideGuard_Project_Master,,,,,,,,NO_TEMPORAL_DATA
25.341306,92.009611,LandslideGuard_Project_Master,,,,,,,,NO_TEMPORAL_DATA
25.343028,92.0625,LandslideGuard_Project_Master,,,,,,,,NO_TEMPORAL_DATA
25.343528,92.069028,LandslideGuard_Project_Master,,,,,,,,NO_TEMPORAL_DATA
25.21225,92.047306,LandslideGuard_Project_Master,,,2016.0,,,2016.0,,YEAR_ONLY
25.214153,92.045428,LandslideGuard_Project_Master,,,2016.0,,,2016.0,,YEAR_ONLY
25.215583,92.077639,LandslideGuard_Project_Master,,,,,,,,NO_TEMPORAL_DATA
25.215611,92.077361,LandslideGuard_Project_Master,,,,,,,,NO_TEMPORAL_DATA
25.214944,92.073917,LandslideGuard_Project_Master,,,2016.0,,,2016.0,,YEAR_ONLY
25.215028,92.075167,LandslideGuard_Project_Master,,,,,,,,NO_TEMPORAL_DATA
25.211814,92.065517,LandslideGuard_Project_Master,,,,,,,,NO_TEMPORAL_DATA
25.211722,92.065389,LandslideGuard_Project_Master,,,2016.0,,,2016.0,,YEAR_ONLY
25.236428,92.096172,LandslideGuard_Project_Master,,,2015.0,,,2015.0,,YEAR_ONLY
25.237361,92.096992,LandslideGuard_Project_Master,,,2015.0,,,2015.0,,YEAR_ONLY
25.234922,92.095531,LandslideGuard_Project_Master,,,2015.0,,,2015.0,,YEAR_ONLY
25.226806,92.090611,LandslideGuard_Project_Master,,,2015.0,,,2015.0,,YEAR_ONLY
25.247014,92.096144,LandslideGuard_Project_Master,,,,,,,,NO_TEMPORAL_DATA
25.191611,92.155361,LandslideGuard_Project_Master,,,2016.0,,,2016.0,,YEAR_ONLY
25.156419,92.141353,LandslideGuard_Project_Master,,,2016.0,,,2016.0,,YEAR_ONLY
25.143375,92.141861,LandslideGuard_Project_Master,,,2010.0,,,2010.0,,YEAR_ONLY
25.189106,92.079564,LandslideGuard_Project_Master,,,2010.0,,,2010.0,,YEAR_ONLY
25.188444,92.074139,LandslideGuard_Project_Master,,,,,,,,NO_TEMPORAL_DATA
25.184381,92.029531,LandslideGuard_Project_Master,,,2005.0,,,2005.0,,YEAR_ONLY
25.191111,92.003389,LandslideGuard_Project_Master,,,2016.0,,,2016.0,,YEAR_ONLY
25.148158,92.177172,LandslideGuard_Project_Master,,,2016.0,,,2016.0,,YEAR_ONLY
25.148303,92.176236,LandslideGuard_Project_Master,,,2016.0,,,2016.0,,YEAR_ONLY
25.148747,92.175119,LandslideGuard_Project_Master,,,2016.0,,,2016.0,,YEAR_ONLY
25.148019,92.178114,LandslideGuard_Project_Master,,,2016.0,,,2016.0,,YEAR_ONLY
25.148083,92.180639,LandslideGuard_Project_Master,,,2016.0,,,2016.0,,YEAR_ONLY
25.147942,92.181586,LandslideGuard_Project_Master,,,2016.0,,,2016.0,,YEAR_ONLY
25.152367,92.195708,LandslideGuard_Project_Master,,,2016.0,,,2016.0,,YEAR_ONLY
25.151189,92.191308,LandslideGuard_Project_Master,,,,,,,,NO_TEMPORAL_DATA
25.159367,92.202078,LandslideGuard_Project_Master,,,2016.0,,,2016.0,,YEAR_ONLY
25.156889,92.198194,LandslideGuard_Project_Master,,,,,,,,NO_TEMPORAL_DATA
25.156542,92.198469,LandslideGuard_Project_Master,,,2016.0,,,2016.0,,YEAR_ONLY
25.153272,92.206058,LandslideGuard_Project_Master,,,2016.0,,,2016.0,,YEAR_ONLY
25.150286,92.213508,LandslideGuard_Project_Master,,,2016.0,,,2016.0,,YEAR_ONLY
25.14965,92.214519,LandslideGuard_Project_Master,,,2016.0,,,2016.0,,YEAR_ONLY
25.143969,92.217497,LandslideGuard_Project_Master,,,2016.0,,,2016.0,,YEAR_ONLY
25.157592,92.239928,LandslideGuard_Project_Master,,,2016.0,,,2016.0,,YEAR_ONLY
25.136047,92.222064,LandslideGuard_Project_Master,,,2016.0,,,2016.0,,YEAR_ONLY
25.133289,92.225272,LandslideGuard_Project_Master,,,2015.0,,,2015.0,,YEAR_ONLY
25.133911,92.222392,LandslideGuard_Project_Master,,,2015.0,,,2015.0,,YEAR_ONLY
25.122381,92.243069,LandslideGuard_Project_Master,,,2016.0,,,2016.0,,YEAR_ONLY
25.114997,92.358378,LandslideGuard_Project_Master,,,2014.0,,,2014.0,,YEAR_ONLY
25.117453,92.35705,LandslideGuard_Project_Master,,,2015.0,,,2015.0,,YEAR_ONLY
25.093078,92.348025,LandslideGuard_Project_Master,,,2016.0,,,2016.0,,YEAR_ONLY
25.113475,92.350506,LandslideGuard_Project_Master,,,2013.0,,,2013.0,,YEAR_ONLY
25.112806,92.350194,LandslideGuard_Project_Master,,,2016.0,,,2016.0,,YEAR_ONLY
25.111331,92.351128,LandslideGuard_Project_Master,,,,,,,,NO_TEMPORAL_DATA
25.097997,92.355972,LandslideGuard_Project_Master,,,2015.0,,,2015.0,,YEAR_ONLY
25.096592,92.351017,LandslideGuard_Project_Master,,,2016.0,,,2016.0,,YEAR_ONLY
25.092981,92.353708,LandslideGuard_Project_Master,,,2015.0,,,2015.0,,YEAR_ONLY
25.095131,92.350111,LandslideGuard_Project_Master,,,2014.0,,,2014.0,,YEAR_ONLY
25.092178,92.353564,LandslideGuard_Project_Master,,,2014.0,,,2014.0,,YEAR_ONLY
25.09178,92.35469,LandslideGuard_Project_Master,,,2018.0,,,2018.0,,YEAR_ONLY
25.091778,92.354694,LandslideGuard_Project_Master,,,,,,,,NO_TEMPORAL_DATA
25.092083,92.35925,LandslideGuard_Project_Master,,,2016.0,,,2016.0,,YEAR_ONLY
25.091361,92.356889,LandslideGuard_Project_Master,,,2016.0,,,2016.0,,YEAR_ONLY
25.087917,92.357906,LandslideGuard_Project_Master,,,2014.0,,,2014.0,,YEAR_ONLY
25.08586,92.35869,LandslideGuard_Project_Master,,,,,,,,NO_TEMPORAL_DATA
25.079722,92.359361,LandslideGuard_Project_Master,,,2013.0,,,2013.0,,YEAR_ONLY
25.079028,92.359111,LandslideGuard_Project_Master,,,2014.0,,,2014.0,,YEAR_ONLY
25.084611,92.335667,LandslideGuard_Project_Master,,,2016.0,,,2016.0,,YEAR_ONLY
25.0,92.43,LandslideGuard_Project_Master,,,,,,,,NO_TEMPORAL_DATA
24.99,92.45,LandslideGuard_Project_Master,,,2016.0,,,2016.0,,YEAR_ONLY
25.037203,92.450339,LandslideGuard_Project_Master,,,2015.0,,,2015.0,,YEAR_ONLY
25.038186,92.440725,LandslideGuard_Project_Master,,,2014.0,,,2014.0,,YEAR_ONLY
25.037833,92.440417,LandslideGuard_Project_Master,,,2014.0,,,2014.0,,YEAR_ONLY
25.037722,92.439556,LandslideGuard_Project_Master,,,2016.0,,,2016.0,,YEAR_ONLY
25.038361,92.43675,LandslideGuard_Project_Master,,,2016.0,,,2016.0,,YEAR_ONLY
25.034289,92.435222,LandslideGuard_Project_Master,,,2015.0,,,2015.0,,YEAR_ONLY
25.033514,92.435539,LandslideGuard_Project_Master,,,2016.0,,,2016.0,,YEAR_ONLY
25.033628,92.439331,LandslideGuard_Project_Master,,,2016.0,,,2016.0,,YEAR_ONLY
25.045389,92.410444,LandslideGuard_Project_Master,,,2014.0,,,2014.0,,YEAR_ONLY
25.046181,92.408878,LandslideGuard_Project_Master,,,2016.0,,,2016.0,,YEAR_ONLY
25.047444,92.409156,LandslideGuard_Project_Master,,,,,,,,NO_TEMPORAL_DATA
25.045386,92.420764,LandslideGuard_Project_Master,,,2016.0,,,2016.0,,YEAR_ONLY
25.045111,92.4215,LandslideGuard_Project_Master,,,2016.0,,,2016.0,,YEAR_ONLY
25.044947,92.420261,LandslideGuard_Project_Master,,,,,,,,NO_TEMPORAL_DATA
25.044056,92.418778,LandslideGuard_Project_Master,,,2015.0,,,2015.0,,YEAR_ONLY
25.043914,92.423556,LandslideGuard_Project_Master,,,2015.0,,,2015.0,,YEAR_ONLY
25.044733,92.423675,LandslideGuard_Project_Master,,,2015.0,,,2015.0,,YEAR_ONLY
25.044417,92.423908,LandslideGuard_Project_Master,,,2016.0,,,2016.0,,YEAR_ONLY
25.043667,92.425444,LandslideGuard_Project_Master,,,2016.0,,,2016.0,,YEAR_ONLY
25.044442,92.427761,LandslideGuard_Project_Master,,,2016.0,,,2016.0,,YEAR_ONLY
25.042778,92.432472,LandslideGuard_Project_Master,,,2015.0,,,2015.0,,YEAR_ONLY
25.042408,92.434525,LandslideGuard_Project_Master,,,2015.0,,,2015.0,,YEAR_ONLY
25.044136,92.430244,LandslideGuard_Project_Master,,,2016.0,,,2016.0,,YEAR_ONLY
25.044778,92.430333,LandslideGuard_Project_Master,,,2015.0,,,2015.0,,YEAR_ONLY
25.044833,92.429333,LandslideGuard_Project_Master,,,2015.0,,,2015.0,,YEAR_ONLY
25.042556,92.435028,LandslideGuard_Project_Master,,,2016.0,,,2016.0,,YEAR_ONLY
25.039097,92.436869,LandslideGuard_Project_Master,,,,,,,,NO_TEMPORAL_DATA
25.042189,92.441964,LandslideGuard_Project_Master,,,2015.0,,,2015.0,,YEAR_ONLY
25.040511,92.446119,LandslideGuard_Project_Master,,,2015.0,,,2015.0,,YEAR_ONLY
25.052236,92.399047,LandslideGuard_Project_Master,,,2016.0,,,2016.0,,YEAR_ONLY
25.049744,92.400678,LandslideGuard_Project_Master,,,2016.0,,,2016.0,,YEAR_ONLY
25.047194,92.404806,LandslideGuard_Project_Master,,,2016.0,,,2016.0,,YEAR_ONLY
25.047906,92.404822,LandslideGuard_Project_Master,,,,,,,,NO_TEMPORAL_DATA
25.047556,92.405806,LandslideGuard_Project_Master,,,2015.0,,,2015.0,,YEAR_ONLY
25.056022,92.394119,LandslideGuard_Project_Master,,,2016.0,,,2016.0,,YEAR_ONLY
25.062025,92.386975,LandslideGuard_Project_Master,,,2013.0,,,2013.0,,YEAR_ONLY
25.075567,92.363317,LandslideGuard_Project_Master,,,2014.0,,,2014.0,,YEAR_ONLY
25.075167,92.370953,LandslideGuard_Project_Master,,,2014.0,,,2014.0,,YEAR_ONLY
25.073731,92.370786,LandslideGuard_Project_Master,,,2015.0,,,2015.0,,YEAR_ONLY
25.073,92.368778,LandslideGuard_Project_Master,,,2015.0,,,2015.0,,YEAR_ONLY
25.068158,92.380058,LandslideGuard_Project_Master,,,2016.0,,,2016.0,,YEAR_ONLY
25.073217,92.372161,LandslideGuard_Project_Master,,,2014.0,,,2014.0,,YEAR_ONLY
25.074439,92.371186,LandslideGuard_Project_Master,,,,,,,,NO_TEMPORAL_DATA
25.079,92.361667,LandslideGuard_Project_Master,,,2015.0,,,2015.0,,YEAR_ONLY
25.081381,92.359972,LandslideGuard_Project_Master,,,2014.0,,,2014.0,,YEAR_ONLY
25.083061,92.360322,LandslideGuard_Project_Master,,,2015.0,,,2015.0,,YEAR_ONLY
25.083361,92.361083,LandslideGuard_Project_Master,,,2016.0,,,2016.0,,YEAR_ONLY
25.104417,92.365028,LandslideGuard_Project_Master,,,1989.0,,,1989.0,,YEAR_ONLY
25.113586,92.370594,LandslideGuard_Project_Master,,,2014.0,,,2014.0,,YEAR_ONLY
25.126972,92.388083,LandslideGuard_Project_Master,,,2016.0,,,2016.0,,YEAR_ONLY
25.12186,92.388583,LandslideGuard_Project_Master,,,,,,,,NO_TEMPORAL_DATA
25.129169,92.388306,LandslideGuard_Project_Master,,,2016.0,,,2016.0,,YEAR_ONLY
25.134194,92.383528,LandslideGuard_Project_Master,,,,,,,,NO_TEMPORAL_DATA
25.134293,92.38155,LandslideGuard_Project_Master,,,2010.0,,,2010.0,,YEAR_ONLY
25.134972,92.380278,LandslideGuard_Project_Master,,,2014.0,,,2014.0,,YEAR_ONLY
25.149603,92.367964,LandslideGuard_Project_Master,,,,,,,,NO_TEMPORAL_DATA
25.14775,92.375528,LandslideGuard_Project_Master,,,2016.0,,,2016.0,,YEAR_ONLY
25.165222,92.388389,LandslideGuard_Project_Master,,,2016.0,,,2016.0,,YEAR_ONLY
25.165028,92.388056,LandslideGuard_Project_Master,,,2016.0,,,2016.0,,YEAR_ONLY
25.164133,92.417747,LandslideGuard_Project_Master,,,2016.0,,,2016.0,,YEAR_ONLY
25.029708,92.463967,LandslideGuard_Project_Master,,,2015.0,,,2015.0,,YEAR_ONLY
25.032989,92.462214,LandslideGuard_Project_Master,,,2015.0,,,2015.0,,YEAR_ONLY
25.032119,92.462636,LandslideGuard_Project_Master,,,2015.0,,,2015.0,,YEAR_ONLY
25.031431,92.463231,LandslideGuard_Project_Master,,,2015.0,,,2015.0,,YEAR_ONLY
25.02,92.52,LandslideGuard_Project_Master,,,2019.0,,,2019.0,,YEAR_ONLY
25.02,92.52,LandslideGuard_Project_Master,,,2019.0,,,2019.0,,YEAR_ONLY
24.96,92.66,LandslideGuard_Project_Master,,,,,,,,NO_TEMPORAL_DATA
24.96,92.66,LandslideGuard_Project_Master,,,,,,,,NO_TEMPORAL_DATA
24.96,92.7,LandslideGuard_Project_Master,,,,,,,,NO_TEMPORAL_DATA
24.96,92.7,LandslideGuard_Project_Master,,,,,,,,NO_TEMPORAL_DATA
24.98,92.72,LandslideGuard_Project_Master,,,,,,,,NO_TEMPORAL_DATA
24.97,92.72,LandslideGuard_Project_Master,,,,,,,,NO_TEMPORAL_DATA
24.97,92.72,LandslideGuard_Project_Master,,,2017.0,,,2017.0,,YEAR_ONLY
24.97,92.72,LandslideGuard_Project_Master,,,,,,,,NO_TEMPORAL_DATA
24.93,92.84,LandslideGuard_Project_Master,,,,,,,,NO_TEMPORAL_DATA
24.95,92.8,LandslideGuard_Project_Master,,,,,,,,NO_TEMPORAL_DATA
24.95,92.73,LandslideGuard_Project_Master,,,2018.0,,,2018.0,,YEAR_ONLY
24.97,92.76,LandslideGuard_Project_Master,,,,,,,,NO_TEMPORAL_DATA
24.98,92.75,LandslideGuard_Project_Master,,,,,,,,NO_TEMPORAL_DATA
25.01,92.73,LandslideGuard_Project_Master,,,,,,,,NO_TEMPORAL_DATA
25.01,92.75,LandslideGuard_Project_Master,,,,,,,,NO_TEMPORAL_DATA
25.01,92.75,LandslideGuard_Project_Master,,,,,,,,NO_TEMPORAL_DATA
25.01,92.75,LandslideGuard_Project_Master,,,,,,,,NO_TEMPORAL_DATA
24.99,92.75,LandslideGuard_Project_Master,,,,,,,,NO_TEMPORAL_DATA
25.010379,92.75482,LandslideGuard_Project_Master,,,,,,,,NO_TEMPORAL_DATA
25.01856,92.77011,LandslideGuard_Project_Master,,,,,,,,NO_TEMPORAL_DATA
25.019029,92.770549,LandslideGuard_Project_Master,,,,,,,,NO_TEMPORAL_DATA
25.039722,92.781889,LandslideGuard_Project_Master,,,,,,,,NO_TEMPORAL_DATA
25.041083,92.783111,LandslideGuard_Project_Master,,,,,,,,NO_TEMPORAL_DATA
25.049417,92.796722,LandslideGuard_Project_Master,,,,,,,,NO_TEMPORAL_DATA
25.049444,92.79725,LandslideGuard_Project_Master,,,,,,,,NO_TEMPORAL_DATA
25.047417,92.793389,LandslideGuard_Project_Master,,,,,,,,NO_TEMPORAL_DATA
25.047833,92.789306,LandslideGuard_Project_Master,,,,,,,,NO_TEMPORAL_DATA
25.04783,92.78931,LandslideGuard_Project_Master,,,,,,,,NO_TEMPORAL_DATA
25.046778,92.790111,LandslideGuard_Project_Master,,,,,,,,NO_TEMPORAL_DATA
25.046444,92.789667,LandslideGuard_Project_Master,,,,,,,,NO_TEMPORAL_DATA
25.063378,92.795536,LandslideGuard_Project_Master,,,,,,,,NO_TEMPORAL_DATA
25.061375,92.795906,LandslideGuard_Project_Master,,,,,,,,NO_TEMPORAL_DATA
25.061847,92.79345,LandslideGuard_Project_Master,,,,,,,,NO_TEMPORAL_DATA
25.072636,92.794514,LandslideGuard_Project_Master,,,,,,,,NO_TEMPORAL_DATA
25.073228,92.814734,LandslideGuard_Project_Master,,,,,,,,NO_TEMPORAL_DATA
25.060088,92.807089,LandslideGuard_Project_Master,,,,,,,,NO_TEMPORAL_DATA
25.060944,92.80675,LandslideGuard_Project_Master,,,,,,,,NO_TEMPORAL_DATA
25.061417,92.806833,LandslideGuard_Project_Master,,,,,,,,NO_TEMPORAL_DATA
25.063472,92.807796,LandslideGuard_Project_Master,,,,,,,,NO_TEMPORAL_DATA
25.056611,92.801722,LandslideGuard_Project_Master,,,,,,,,NO_TEMPORAL_DATA
25.054917,92.800333,LandslideGuard_Project_Master,,,,,,,,NO_TEMPORAL_DATA
25.049917,92.799667,LandslideGuard_Project_Master,,,,,,,,NO_TEMPORAL_DATA
25.0365,92.780417,LandslideGuard_Project_Master,,,,,,,,NO_TEMPORAL_DATA
25.034948,92.778753,LandslideGuard_Project_Master,,,,,,,,NO_TEMPORAL_DATA
25.11219,92.86881,LandslideGuard_Project_Master,,,,,,,,NO_TEMPORAL_DATA
25.112861,92.877556,LandslideGuard_Project_Master,,,,,,,,NO_TEMPORAL_DATA
25.11286,92.87756,LandslideGuard_Project_Master,,,,,,,,NO_TEMPORAL_DATA
25.107546,92.885543,LandslideGuard_Project_Master,,,,,,,,NO_TEMPORAL_DATA
25.109417,92.88075,LandslideGuard_Project_Master,,,2016.0,,,2016.0,,YEAR_ONLY
25.109889,92.893167,LandslideGuard_Project_Master,,,2016.0,,,2016.0,,YEAR_ONLY
25.124306,92.904278,LandslideGuard_Project_Master,,,,,,,,NO_TEMPORAL_DATA
24.99,92.6,LandslideGuard_Project_Master,,,,,,,,NO_TEMPORAL_DATA
25.333758,92.589778,LandslideGuard_Project_Master,,,,,,,,NO_TEMPORAL_DATA
25.343939,92.5849,LandslideGuard_Project_Master,,,,,,,,NO_TEMPORAL_DATA
25.343111,92.584269,LandslideGuard_Project_Master,,,,,,,,NO_TEMPORAL_DATA
25.339339,92.584781,LandslideGuard_Project_Master,,,,,,,,NO_TEMPORAL_DATA
25.342269,92.58225,LandslideGuard_Project_Master,,,,,,,,NO_TEMPORAL_DATA
25.35465,92.5735,LandslideGuard_Project_Master,,,,,,,,NO_TEMPORAL_DATA
25.354239,92.572861,LandslideGuard_Project_Master,,,,,,,,NO_TEMPORAL_DATA
25.375806,92.609725,LandslideGuard_Project_Master,,,,,,,,NO_TEMPORAL_DATA
25.375719,92.610181,LandslideGuard_Project_Master,,,,,,,,NO_TEMPORAL_DATA
25.363156,92.618839,LandslideGuard_Project_Master,,,,,,,,NO_TEMPORAL_DATA
25.309969,92.69525,LandslideGuard_Project_Master,,,,,,,,NO_TEMPORAL_DATA
25.316519,92.692311,LandslideGuard_Project_Master,,,,,,,,NO_TEMPORAL_DATA
25.316519,92.692,LandslideGuard_Project_Master,,,,,,,,NO_TEMPORAL_DATA
25.316589,92.687186,LandslideGuard_Project_Master,,,,,,,,NO_TEMPORAL_DATA
25.318161,92.687219,LandslideGuard_Project_Master,,,,,,,,NO_TEMPORAL_DATA
25.316069,92.685461,LandslideGuard_Project_Master,,,,,,,,NO_TEMPORAL_DATA
25.290089,92.799175,LandslideGuard_Project_Master,,,,,,,,NO_TEMPORAL_DATA
25.257696,92.809603,LandslideGuard_Project_Master,,,,,,,,NO_TEMPORAL_DATA
25.238045,92.801279,LandslideGuard_Project_Master,,,,,,,,NO_TEMPORAL_DATA
25.336054,92.82053,LandslideGuard_Project_Master,,,,,,,,NO_TEMPORAL_DATA
25.323731,92.80751,LandslideGuard_Project_Master,,,,,,,,NO_TEMPORAL_DATA
25.320232,92.818091,LandslideGuard_Project_Master,,,,,,,,NO_TEMPORAL_DATA
25.41616,92.778653,LandslideGuard_Project_Master,,,,,,,,NO_TEMPORAL_DATA
25.40837,92.82826,LandslideGuard_Project_Master,,,,,,,,NO_TEMPORAL_DATA
25.438723,92.912025,LandslideGuard_Project_Master,,,,,,,,NO_TEMPORAL_DATA
25.441757,92.907383,LandslideGuard_Project_Master,,,,,,,,NO_TEMPORAL_DATA
25.441734,92.892033,LandslideGuard_Project_Master,,,,,,,,NO_TEMPORAL_DATA
25.434031,92.885056,LandslideGuard_Project_Master,,,,,,,,NO_TEMPORAL_DATA
25.513567,92.784825,LandslideGuard_Project_Master,,,,,,,,NO_TEMPORAL_DATA
25.51402,92.765435,LandslideGuard_Project_Master,,,,,,,,NO_TEMPORAL_DATA
25.57994,92.72822,LandslideGuard_Project_Master,,,,,,,,NO_TEMPORAL_DATA
25.569,92.71653,LandslideGuard_Project_Master,,,,,,,,NO_TEMPORAL_DATA
25.571,92.55128,LandslideGuard_Project_Master,,,,,,,,NO_TEMPORAL_DATA
25.529408,92.455339,LandslideGuard_Project_Master,,,,,,,,NO_TEMPORAL_DATA
25.527489,92.415139,LandslideGuard_Project_Master,,,,,,,,NO_TEMPORAL_DATA
25.484178,92.510928,LandslideGuard_Project_Master,,,,,,,,NO_TEMPORAL_DATA
25.36565,92.5314,LandslideGuard_Project_Master,,,,,,,,NO_TEMPORAL_DATA
25.35093,92.51236,LandslideGuard_Project_Master,,,,,,,,NO_TEMPORAL_DATA
25.352431,92.513478,LandslideGuard_Project_Master,,,,,,,,NO_TEMPORAL_DATA
25.321975,92.504228,LandslideGuard_Project_Master,,,,,,,,NO_TEMPORAL_DATA
25.192422,92.37705,LandslideGuard_Project_Master,,,2016.0,,,2016.0,,YEAR_ONLY
25.264575,92.381497,LandslideGuard_Project_Master,,,2016.0,,,2016.0,,YEAR_ONLY
25.258603,92.38555,LandslideGuard_Project_Master,,,2016.0,,,2016.0,,YEAR_ONLY
25.261117,92.385231,LandslideGuard_Project_Master,,,2016.0,,,2016.0,,YEAR_ONLY
25.2625,92.384639,LandslideGuard_Project_Master,,,2016.0,,,2016.0,,YEAR_ONLY
25.280528,92.380042,LandslideGuard_Project_Master,,,2014.0,,,2014.0,,YEAR_ONLY
25.274,92.373944,LandslideGuard_Project_Master,,,2016.0,,,2016.0,,YEAR_ONLY
25.297628,92.387525,LandslideGuard_Project_Master,,,2016.0,,,2016.0,,YEAR_ONLY
25.282267,92.341433,LandslideGuard_Project_Master,,,2016.0,,,2016.0,,YEAR_ONLY
25.281122,92.345397,LandslideGuard_Project_Master,,,2016.0,,,2016.0,,YEAR_ONLY
25.197283,92.2225,LandslideGuard_Project_Master,,,2016.0,,,2016.0,,YEAR_ONLY
25.229167,92.2235,LandslideGuard_Project_Master,,,2016.0,,,2016.0,,YEAR_ONLY
25.229972,92.223278,LandslideGuard_Project_Master,,,2016.0,,,2016.0,,YEAR_ONLY
25.230047,92.221119,LandslideGuard_Project_Master,,,2016.0,,,2016.0,,YEAR_ONLY
25.231383,92.2215,LandslideGuard_Project_Master,,,2016.0,,,2016.0,,YEAR_ONLY
25.233583,92.209583,LandslideGuard_Project_Master,,,2015.0,,,2015.0,,YEAR_ONLY
25.197283,92.1991,LandslideGuard_Project_Master,,,2016.0,,,2016.0,,YEAR_ONLY
25.200333,92.200472,LandslideGuard_Project_Master,,,2016.0,,,2016.0,,YEAR_ONLY
25.202886,92.201147,LandslideGuard_Project_Master,,,2016.0,,,2016.0,,YEAR_ONLY
25.206972,92.208028,LandslideGuard_Project_Master,,,2016.0,,,2016.0,,YEAR_ONLY
25.228472,92.187806,LandslideGuard_Project_Master,,,2016.0,,,2016.0,,YEAR_ONLY
25.232417,92.178881,LandslideGuard_Project_Master,,,2016.0,,,2016.0,,YEAR_ONLY
25.266067,92.204897,LandslideGuard_Project_Master,,,,,,,,NO_TEMPORAL_DATA
25.262931,92.203628,LandslideGuard_Project_Master,,,,,,,,NO_TEMPORAL_DATA
25.263806,92.203,LandslideGuard_Project_Master,,,,,,,,NO_TEMPORAL_DATA
25.265158,92.202239,LandslideGuard_Project_Master,,,,,,,,NO_TEMPORAL_DATA
25.266222,92.202528,LandslideGuard_Project_Master,,,,,,,,NO_TEMPORAL_DATA
25.430111,92.182167,LandslideGuard_Project_Master,,,,,,,,NO_TEMPORAL_DATA
25.426306,92.181278,LandslideGuard_Project_Master,,,,,,,,NO_TEMPORAL_DATA
25.426194,92.180472,LandslideGuard_Project_Master,,,,,,,,NO_TEMPORAL_DATA
25.435167,92.185006,LandslideGuard_Project_Master,,,,,,,,NO_TEMPORAL_DATA
25.434972,92.18425,LandslideGuard_Project_Master,,,,,,,,NO_TEMPORAL_DATA
25.439889,92.181083,LandslideGuard_Project_Master,,,,,,,,NO_TEMPORAL_DATA
25.439833,92.181333,LandslideGuard_Project_Master,,,,,,,,NO_TEMPORAL_DATA
25.44889,92.19417,LandslideGuard_Project_Master,,,,,,,,NO_TEMPORAL_DATA
25.42142,92.28894,LandslideGuard_Project_Master,,,,,,,,NO_TEMPORAL_DATA
25.561281,92.330142,LandslideGuard_Project_Master,,,,,,,,NO_TEMPORAL_DATA
25.563472,92.329689,LandslideGuard_Project_Master,,,,,,,,NO_TEMPORAL_DATA
25.551667,92.331806,LandslideGuard_Project_Master,,,,,,,,NO_TEMPORAL_DATA
25.578206,92.266856,LandslideGuard_Project_Master,,,,,,,,NO_TEMPORAL_DATA
25.576806,92.242444,LandslideGuard_Project_Master,,,,,,,,NO_TEMPORAL_DATA
25.559778,92.226278,LandslideGuard_Project_Master,,,,,,,,NO_TEMPORAL_DATA
25.569278,92.2025,LandslideGuard_Project_Master,,,,,,,,NO_TEMPORAL_DATA
25.569333,92.202139,LandslideGuard_Project_Master,,,,,,,,NO_TEMPORAL_DATA
25.611931,92.452931,LandslideGuard_Project_Master,,,,,,,,NO_TEMPORAL_DATA
25.75933,92.52258,LandslideGuard_Project_Master,,,,,,,,NO_TEMPORAL_DATA
25.79939,92.52653,LandslideGuard_Project_Master,,,,,,,,NO_TEMPORAL_DATA
25.809417,92.474833,LandslideGuard_Project_Master,,,2016.0,,,2016.0,,YEAR_ONLY
25.82108,92.544,LandslideGuard_Project_Master,,,,,,,,NO_TEMPORAL_DATA
25.95931,92.51753,LandslideGuard_Project_Master,,,,,,,,NO_TEMPORAL_DATA
25.98219,92.51892,LandslideGuard_Project_Master,,,,,,,,NO_TEMPORAL_DATA
25.98736,92.50083,LandslideGuard_Project_Master,,,,,,,,NO_TEMPORAL_DATA
25.977194,92.354778,LandslideGuard_Project_Master,,,2016.0,,,2016.0,,YEAR_ONLY
25.968083,92.3575,LandslideGuard_Project_Master,,,,,,,,NO_TEMPORAL_DATA
25.96667,92.356917,LandslideGuard_Project_Master,,,2016.0,,,2016.0,,YEAR_ONLY
25.961444,92.341333,LandslideGuard_Project_Master,,,,,,,,NO_TEMPORAL_DATA
25.946611,92.305361,LandslideGuard_Project_Master,,,2015.0,,,2015.0,,YEAR_ONLY
26.0591,92.236,LandslideGuard_Project_Master,,,,,,,,NO_TEMPORAL_DATA
26.061,92.241,LandslideGuard_Project_Master,,,,,,,,NO_TEMPORAL_DATA
26.013528,92.266083,LandslideGuard_Project_Master,,,2016.0,,,2016.0,,YEAR_ONLY
26.012,92.264167,LandslideGuard_Project_Master,,,2016.0,,,2016.0,,YEAR_ONLY
26.022833,92.274028,LandslideGuard_Project_Master,,,2016.0,,,2016.0,,YEAR_ONLY
26.03275,92.271861,LandslideGuard_Project_Master,,,,,,,,NO_TEMPORAL_DATA
26.036583,92.273056,LandslideGuard_Project_Master,,,,,,,,NO_TEMPORAL_DATA
26.039361,92.273806,LandslideGuard_Project_Master,,,,,,,,NO_TEMPORAL_DATA
26.042139,92.27525,LandslideGuard_Project_Master,,,,,,,,NO_TEMPORAL_DATA
26.119417,92.439972,LandslideGuard_Project_Master,,,2015.0,,,2015.0,,YEAR_ONLY
26.116972,92.440083,LandslideGuard_Project_Master,,,2014.0,,,2014.0,,YEAR_ONLY
26.117417,92.438667,LandslideGuard_Project_Master,,,2016.0,,,2016.0,,YEAR_ONLY
26.110139,92.439333,LandslideGuard_Project_Master,,,2014.0,,,2014.0,,YEAR_ONLY
26.108417,92.440222,LandslideGuard_Project_Master,,,2013.0,,,2013.0,,YEAR_ONLY
26.113639,92.441222,LandslideGuard_Project_Master,,,2010.0,,,2010.0,,YEAR_ONLY
26.117111,92.441028,LandslideGuard_Project_Master,,,2014.0,,,2014.0,,YEAR_ONLY
26.118167,92.440944,LandslideGuard_Project_Master,,,2012.0,,,2012.0,,YEAR_ONLY
26.102333,92.4415,LandslideGuard_Project_Master,,,2012.0,,,2012.0,,YEAR_ONLY
26.102667,92.441639,LandslideGuard_Project_Master,,,2013.0,,,2013.0,,YEAR_ONLY
26.103028,92.440889,LandslideGuard_Project_Master,,,2011.0,,,2011.0,,YEAR_ONLY
26.105667,92.441,LandslideGuard_Project_Master,,,,,,,,NO_TEMPORAL_DATA
26.107667,92.44003,LandslideGuard_Project_Master,,,,,,,,NO_TEMPORAL_DATA
26.10725,92.44,LandslideGuard_Project_Master,,,2013.0,,,2013.0,,YEAR_ONLY
26.102167,92.440472,LandslideGuard_Project_Master,,,2010.0,,,2010.0,,YEAR_ONLY
26.101333,92.440556,LandslideGuard_Project_Master,,,2011.0,,,2011.0,,YEAR_ONLY
26.098222,92.439389,LandslideGuard_Project_Master,,,,,,,,NO_TEMPORAL_DATA
26.096722,92.43875,LandslideGuard_Project_Master,,,,,,,,NO_TEMPORAL_DATA
26.043583,92.440528,LandslideGuard_Project_Master,,,2016.0,,,2016.0,,YEAR_ONLY
26.048611,92.432194,LandslideGuard_Project_Master,,,2016.0,,,2016.0,,YEAR_ONLY
26.045806,92.450778,LandslideGuard_Project_Master,,,,,,,,NO_TEMPORAL_DATA
26.043722,92.441472,LandslideGuard_Project_Master,,,2015.0,,,2015.0,,YEAR_ONLY
26.043611,92.440944,LandslideGuard_Project_Master,,,2016.0,,,2016.0,,YEAR_ONLY
26.030972,92.474139,LandslideGuard_Project_Master,,,2014.0,,,2014.0,,YEAR_ONLY
26.024167,92.475,LandslideGuard_Project_Master,,,,,,,,NO_TEMPORAL_DATA
26.016389,92.48225,LandslideGuard_Project_Master,,,,,,,,NO_TEMPORAL_DATA
26.031583,92.47375,LandslideGuard_Project_Master,,,2014.0,,,2014.0,,YEAR_ONLY
26.031528,92.472778,LandslideGuard_Project_Master,,,2016.0,,,2016.0,,YEAR_ONLY
26.035278,92.470861,LandslideGuard_Project_Master,,,2010.0,,,2010.0,,YEAR_ONLY
26.033556,92.468056,LandslideGuard_Project_Master,,,2014.0,,,2014.0,,YEAR_ONLY
26.039194,92.4595,LandslideGuard_Project_Master,,,2014.0,,,2014.0,,YEAR_ONLY
26.043583,92.452222,LandslideGuard_Project_Master,,,2014.0,,,2014.0,,YEAR_ONLY
26.045472,92.457417,LandslideGuard_Project_Master,,,2016.0,,,2016.0,,YEAR_ONLY
26.172917,92.762778,LandslideGuard_Project_Master,,,2016.0,,,2016.0,,YEAR_ONLY
25.81806,92.74872,LandslideGuard_Project_Master,,,,,,,,NO_TEMPORAL_DATA
25.945,92.66358,LandslideGuard_Project_Master,,,,,,,,NO_TEMPORAL_DATA
25.90653,92.65819,LandslideGuard_Project_Master,,,,,,,,NO_TEMPORAL_DATA
25.90692,92.64714,LandslideGuard_Project_Master,,,,,,,,NO_TEMPORAL_DATA
25.96094,92.60122,LandslideGuard_Project_Master,,,,,,,,NO_TEMPORAL_DATA
25.965731,92.59267,LandslideGuard_Project_Master,,,,,,,,NO_TEMPORAL_DATA
25.95386,92.60367,LandslideGuard_Project_Master,,,,,,,,NO_TEMPORAL_DATA
25.95381,92.60444,LandslideGuard_Project_Master,,,,,,,,NO_TEMPORAL_DATA
25.86958,92.59411,LandslideGuard_Project_Master,,,,,,,,NO_TEMPORAL_DATA
25.88692,92.61347,LandslideGuard_Project_Master,,,,,,,,NO_TEMPORAL_DATA
25.85544,92.57369,LandslideGuard_Project_Master,,,,,,,,NO_TEMPORAL_DATA
25.864186,92.571047,LandslideGuard_Project_Master,,,,,,,,NO_TEMPORAL_DATA
25.85167,92.58089,LandslideGuard_Project_Master,,,,,,,,NO_TEMPORAL_DATA
25.82769,92.55658,LandslideGuard_Project_Master,,,,,,,,NO_TEMPORAL_DATA
25.82528,92.54775,LandslideGuard_Project_Master,,,,,,,,NO_TEMPORAL_DATA
25.822458,92.546381,LandslideGuard_Project_Master,,,,,,,,NO_TEMPORAL_DATA
25.81542,92.5535,LandslideGuard_Project_Master,,,,,,,,NO_TEMPORAL_DATA
25.81428,92.55422,LandslideGuard_Project_Master,,,,,,,,NO_TEMPORAL_DATA
25.812,92.55069,LandslideGuard_Project_Master,,,,,,,,NO_TEMPORAL_DATA
25.81236,92.55156,LandslideGuard_Project_Master,,,,,,,,NO_TEMPORAL_DATA
25.81175,92.55003,LandslideGuard_Project_Master,,,,,,,,NO_TEMPORAL_DATA
25.84494,92.61514,LandslideGuard_Project_Master,,,,,,,,NO_TEMPORAL_DATA
25.84875,92.68328,LandslideGuard_Project_Master,,,,,,,,NO_TEMPORAL_DATA
25.85992,92.72558,LandslideGuard_Project_Master,,,,,,,,NO_TEMPORAL_DATA
25.84967,92.69042,LandslideGuard_Project_Master,,,,,,,,NO_TEMPORAL_DATA
25.84992,92.69072,LandslideGuard_Project_Master,,,,,,,,NO_TEMPORAL_DATA
25.8515,92.69203,LandslideGuard_Project_Master,,,,,,,,NO_TEMPORAL_DATA
25.81689,92.71744,LandslideGuard_Project_Master,,,,,,,,NO_TEMPORAL_DATA
25.81678,92.71878,LandslideGuard_Project_Master,,,,,,,,NO_TEMPORAL_DATA
25.61092,93.09178,LandslideGuard_Project_Master,,,2015.0,,,2015.0,,YEAR_ONLY
25.64897,93.12083,LandslideGuard_Project_Master,,,2015.0,,,2015.0,,YEAR_ONLY
25.65167,93.12083,LandslideGuard_Project_Master,,,2014.0,,,2014.0,,YEAR_ONLY
25.65792,93.11811,LandslideGuard_Project_Master,,,2014.0,,,2014.0,,YEAR_ONLY
25.65839,93.11808,LandslideGuard_Project_Master,,,2015.0,,,2015.0,,YEAR_ONLY
25.67153,93.11522,LandslideGuard_Project_Master,,,2015.0,,,2015.0,,YEAR_ONLY
25.72561,93.13075,LandslideGuard_Project_Master,,,2015.0,,,2015.0,,YEAR_ONLY
25.72486,93.131083,LandslideGuard_Project_Master,,,2015.0,,,2015.0,,YEAR_ONLY
25.81756,93.10886,LandslideGuard_Project_Master,,,2015.0,,,2015.0,,YEAR_ONLY
26.339833,93.099972,LandslideGuard_Project_Master,,,,,,,,NO_TEMPORAL_DATA
26.323083,93.093167,LandslideGuard_Project_Master,,,,,,,,NO_TEMPORAL_DATA
26.314847,93.256125,LandslideGuard_Project_Master,,,,,,,,NO_TEMPORAL_DATA
26.314964,93.256408,LandslideGuard_Project_Master,,,,,,,,NO_TEMPORAL_DATA
26.32685,93.267639,LandslideGuard_Project_Master,,,,,,,,NO_TEMPORAL_DATA
26.3287,93.269194,LandslideGuard_Project_Master,,,,,,,,NO_TEMPORAL_DATA
26.307972,93.275722,LandslideGuard_Project_Master,,,,,,,,NO_TEMPORAL_DATA
26.298389,93.21625,LandslideGuard_Project_Master,,,,,,,,NO_TEMPORAL_DATA
26.302944,93.225389,LandslideGuard_Project_Master,,,,,,,,NO_TEMPORAL_DATA
26.303333,93.225694,LandslideGuard_Project_Master,,,,,,,,NO_TEMPORAL_DATA
26.297778,93.211111,LandslideGuard_Project_Master,,,,,,,,NO_TEMPORAL_DATA
26.297306,93.211833,LandslideGuard_Project_Master,,,,,,,,NO_TEMPORAL_DATA
26.056083,93.406528,LandslideGuard_Project_Master,,,,,,,,NO_TEMPORAL_DATA
26.058972,93.406972,LandslideGuard_Project_Master,,,,,,,,NO_TEMPORAL_DATA
26.347417,93.2982,LandslideGuard_Project_Master,,,,,,,,NO_TEMPORAL_DATA
25.81044,93.58616,LandslideGuard_Project_Master,,,,,,,,NO_TEMPORAL_DATA
25.84512,93.56682,LandslideGuard_Project_Master,,,,,,,,NO_TEMPORAL_DATA
25.85072,93.56682,LandslideGuard_Project_Master,,,,,,,,NO_TEMPORAL_DATA
25.85189,93.56633,LandslideGuard_Project_Master,,,,,,,,NO_TEMPORAL_DATA
25.85498,93.56638,LandslideGuard_Project_Master,,,,,,,,NO_TEMPORAL_DATA
25.85487,93.56583,LandslideGuard_Project_Master,,,,,,,,NO_TEMPORAL_DATA
25.96256,93.46922,LandslideGuard_Project_Master,,,,,,,,NO_TEMPORAL_DATA
25.96272,93.46964,LandslideGuard_Project_Master,,,,,,,,NO_TEMPORAL_DATA
25.88494,93.45792,LandslideGuard_Project_Master,,,,,,,,NO_TEMPORAL_DATA
25.83128,93.45257,LandslideGuard_Project_Master,,,,,,,,NO_TEMPORAL_DATA
25.84267,93.45244,LandslideGuard_Project_Master,,,,,,,,NO_TEMPORAL_DATA
25.84152,93.45138,LandslideGuard_Project_Master,,,,,,,,NO_TEMPORAL_DATA
25.84444,93.45331,LandslideGuard_Project_Master,,,,,,,,NO_TEMPORAL_DATA
25.82522,93.4243,LandslideGuard_Project_Master,,,,,,,,NO_TEMPORAL_DATA
25.487139,93.493528,LandslideGuard_Project_Master,,,,,,,,NO_TEMPORAL_DATA
25.40975,93.475944,LandslideGuard_Project_Master,,,,,,,,NO_TEMPORAL_DATA
25.4095,93.476639,LandslideGuard_Project_Master,,,,,,,,NO_TEMPORAL_DATA
25.356333,93.566583,LandslideGuard_Project_Master,,,,,,,,NO_TEMPORAL_DATA
25.343583,93.566972,LandslideGuard_Project_Master,,,,,,,,NO_TEMPORAL_DATA
25.29725,93.630083,LandslideGuard_Project_Master,,,,,,,,NO_TEMPORAL_DATA
25.298167,93.632222,LandslideGuard_Project_Master,,,,,,,,NO_TEMPORAL_DATA
25.275028,93.616306,LandslideGuard_Project_Master,,,,,,,,NO_TEMPORAL_DATA
25.275083,93.616306,LandslideGuard_Project_Master,,,,,,,,NO_TEMPORAL_DATA
25.199528,93.625278,LandslideGuard_Project_Master,,,,,,,,NO_TEMPORAL_DATA
25.292417,93.498972,LandslideGuard_Project_Master,,,,,,,,NO_TEMPORAL_DATA
25.288472,93.489611,LandslideGuard_Project_Master,,,,,,,,NO_TEMPORAL_DATA
25.287664,93.488956,LandslideGuard_Project_Master,,,,,,,,NO_TEMPORAL_DATA
25.308028,93.471028,LandslideGuard_Project_Master,,,,,,,,NO_TEMPORAL_DATA
25.309111,93.470694,LandslideGuard_Project_Master,,,,,,,,NO_TEMPORAL_DATA
25.394111,93.410417,LandslideGuard_Project_Master,,,,,,,,NO_TEMPORAL_DATA
25.263528,93.390611,LandslideGuard_Project_Master,,,,,,,,NO_TEMPORAL_DATA
25.264056,93.409528,LandslideGuard_Project_Master,,,,,,,,NO_TEMPORAL_DATA
25.22,93.34,LandslideGuard_Project_Master,,,,,,,,NO_TEMPORAL_DATA
25.22,93.34,LandslideGuard_Project_Master,,,,,,,,NO_TEMPORAL_DATA
25.22,93.35,LandslideGuard_Project_Master,,,,,,,,NO_TEMPORAL_DATA
25.23,93.34,LandslideGuard_Project_Master,,,,,,,,NO_TEMPORAL_DATA
25.22,93.32,LandslideGuard_Project_Master,,,,,,,,NO_TEMPORAL_DATA
25.21,93.31,LandslideGuard_Project_Master,,,,,,,,NO_TEMPORAL_DATA
25.21,93.31,LandslideGuard_Project_Master,,,2018.0,,,2018.0,,YEAR_ONLY
25.22,93.29,LandslideGuard_Project_Master,,,,,,,,NO_TEMPORAL_DATA
25.22,93.29,LandslideGuard_Project_Master,,,,,,,,NO_TEMPORAL_DATA
25.22,93.29,LandslideGuard_Project_Master,,,,,,,,NO_TEMPORAL_DATA
25.23,93.29,LandslideGuard_Project_Master,,,2018.0,,,2018.0,,YEAR_ONLY
25.282861,93.296111,LandslideGuard_Project_Master,,,,,,,,NO_TEMPORAL_DATA
25.328139,93.334056,LandslideGuard_Project_Master,,,,,,,,NO_TEMPORAL_DATA
25.332083,93.334639,LandslideGuard_Project_Master,,,,,,,,NO_TEMPORAL_DATA
25.398083,93.297528,LandslideGuard_Project_Master,,,,,,,,NO_TEMPORAL_DATA
25.428597,93.312597,LandslideGuard_Project_Master,,,,,,,,NO_TEMPORAL_DATA
25.433903,93.328944,LandslideGuard_Project_Master,,,,,,,,NO_TEMPORAL_DATA
25.447528,93.364417,LandslideGuard_Project_Master,,,,,,,,NO_TEMPORAL_DATA
25.449056,93.370861,LandslideGuard_Project_Master,,,,,,,,NO_TEMPORAL_DATA
25.453528,93.371194,LandslideGuard_Project_Master,,,,,,,,NO_TEMPORAL_DATA
25.453611,93.371389,LandslideGuard_Project_Master,,,,,,,,NO_TEMPORAL_DATA
25.455333,93.374472,LandslideGuard_Project_Master,,,,,,,,NO_TEMPORAL_DATA
25.454083,93.375972,LandslideGuard_Project_Master,,,,,,,,NO_TEMPORAL_DATA
25.423861,93.369417,LandslideGuard_Project_Master,,,,,,,,NO_TEMPORAL_DATA
25.423806,93.369722,LandslideGuard_Project_Master,,,,,,,,NO_TEMPORAL_DATA
25.420806,93.371056,LandslideGuard_Project_Master,,,,,,,,NO_TEMPORAL_DATA
25.421333,93.370361,LandslideGuard_Project_Master,,,,,,,,NO_TEMPORAL_DATA
25.4255,93.363944,LandslideGuard_Project_Master,,,,,,,,NO_TEMPORAL_DATA
25.425611,93.364444,LandslideGuard_Project_Master,,,,,,,,NO_TEMPORAL_DATA
25.438694,93.362583,LandslideGuard_Project_Master,,,,,,,,NO_TEMPORAL_DATA
25.439372,93.354197,LandslideGuard_Project_Master,,,,,,,,NO_TEMPORAL_DATA
25.437722,93.349889,LandslideGuard_Project_Master,,,,,,,,NO_TEMPORAL_DATA
25.420278,93.371306,LandslideGuard_Project_Master,,,,,,,,NO_TEMPORAL_DATA
25.417528,93.372528,LandslideGuard_Project_Master,,,,,,,,NO_TEMPORAL_DATA
25.405,93.372194,LandslideGuard_Project_Master,,,,,,,,NO_TEMPORAL_DATA
25.4025,93.392194,LandslideGuard_Project_Master,,,,,,,,NO_TEMPORAL_DATA
25.402472,93.390444,LandslideGuard_Project_Master,,,,,,,,NO_TEMPORAL_DATA
25.435639,93.405944,LandslideGuard_Project_Master,,,,,,,,NO_TEMPORAL_DATA
25.4375,93.404444,LandslideGuard_Project_Master,,,,,,,,NO_TEMPORAL_DATA
25.436861,93.404583,LandslideGuard_Project_Master,,,,,,,,NO_TEMPORAL_DATA
25.436639,93.405917,LandslideGuard_Project_Master,,,,,,,,NO_TEMPORAL_DATA
25.436528,93.4065,LandslideGuard_Project_Master,,,,,,,,NO_TEMPORAL_DATA
25.437111,93.403639,LandslideGuard_Project_Master,,,,,,,,NO_TEMPORAL_DATA
25.436694,93.402944,LandslideGuard_Project_Master,,,,,,,,NO_TEMPORAL_DATA
25.4365,93.402333,LandslideGuard_Project_Master,,,,,,,,NO_TEMPORAL_DATA
25.443417,93.421444,LandslideGuard_Project_Master,,,,,,,,NO_TEMPORAL_DATA
25.444306,93.423944,LandslideGuard_Project_Master,,,,,,,,NO_TEMPORAL_DATA
25.443972,93.422778,LandslideGuard_Project_Master,,,,,,,,NO_TEMPORAL_DATA
25.402333,93.407583,LandslideGuard_Project_Master,,,,,,,,NO_TEMPORAL_DATA
25.435917,93.455944,LandslideGuard_Project_Master,,,,,,,,NO_TEMPORAL_DATA
25.436972,93.454111,LandslideGuard_Project_Master,,,,,,,,NO_TEMPORAL_DATA
25.443639,93.431444,LandslideGuard_Project_Master,,,,,,,,NO_TEMPORAL_DATA
25.444194,93.424694,LandslideGuard_Project_Master,,,,,,,,NO_TEMPORAL_DATA
25.444167,93.425528,LandslideGuard_Project_Master,,,,,,,,NO_TEMPORAL_DATA
25.444028,93.4265,LandslideGuard_Project_Master,,,,,,,,NO_TEMPORAL_DATA
25.443861,93.426222,LandslideGuard_Project_Master,,,,,,,,NO_TEMPORAL_DATA
25.446056,93.408583,LandslideGuard_Project_Master,,,,,,,,NO_TEMPORAL_DATA
25.452278,93.394333,LandslideGuard_Project_Master,,,,,,,,NO_TEMPORAL_DATA
25.453167,93.394667,LandslideGuard_Project_Master,,,,,,,,NO_TEMPORAL_DATA
25.462361,93.384306,LandslideGuard_Project_Master,,,,,,,,NO_TEMPORAL_DATA
25.416056,93.284222,LandslideGuard_Project_Master,,,,,,,,NO_TEMPORAL_DATA
25.410611,93.284,LandslideGuard_Project_Master,,,,,,,,NO_TEMPORAL_DATA
25.408497,93.283436,LandslideGuard_Project_Master,,,,,,,,NO_TEMPORAL_DATA
25.405,93.133,LandslideGuard_Project_Master,,,,,,,,NO_TEMPORAL_DATA
25.404,93.132,LandslideGuard_Project_Master,,,,,,,,NO_TEMPORAL_DATA
25.417333,93.129083,LandslideGuard_Project_Master,,,2015.0,,,2015.0,,YEAR_ONLY
25.50669,93.10536,LandslideGuard_Project_Master,,,2015.0,,,2015.0,,YEAR_ONLY
25.423438,92.985022,LandslideGuard_Project_Master,,,,,,,,NO_TEMPORAL_DATA
25.422535,92.989119,LandslideGuard_Project_Master,,,,,,,,NO_TEMPORAL_DATA
25.443082,92.989873,LandslideGuard_Project_Master,,,,,,,,NO_TEMPORAL_DATA
25.424,93.0,LandslideGuard_Project_Master,,,2014.0,,,2014.0,,YEAR_ONLY
25.42,93.002,LandslideGuard_Project_Master,,,2014.0,,,2014.0,,YEAR_ONLY
25.395431,92.990267,LandslideGuard_Project_Master,,,,,,,,NO_TEMPORAL_DATA
25.216881,92.982245,LandslideGuard_Project_Master,,,,,,,,NO_TEMPORAL_DATA
25.196694,93.018583,LandslideGuard_Project_Master,,,,,,,,NO_TEMPORAL_DATA
25.199722,93.016722,LandslideGuard_Project_Master,,,2016.0,,,2016.0,,YEAR_ONLY
25.205,93.008,LandslideGuard_Project_Master,,,,,,,,NO_TEMPORAL_DATA
25.205528,93.020139,LandslideGuard_Project_Master,,,2016.0,,,2016.0,,YEAR_ONLY
25.214944,93.021611,LandslideGuard_Project_Master,,,,,,,,NO_TEMPORAL_DATA
25.232306,93.033444,LandslideGuard_Project_Master,,,2016.0,,,2016.0,,YEAR_ONLY
25.232972,93.03325,LandslideGuard_Project_Master,,,,,,,,NO_TEMPORAL_DATA
25.238806,93.032194,LandslideGuard_Project_Master,,,2016.0,,,2016.0,,YEAR_ONLY
25.23925,93.031528,LandslideGuard_Project_Master,,,,,,,,NO_TEMPORAL_DATA
25.2185,93.013111,LandslideGuard_Project_Master,,,2016.0,,,2016.0,,YEAR_ONLY
25.216944,93.011361,LandslideGuard_Project_Master,,,2016.0,,,2016.0,,YEAR_ONLY
25.245972,93.028278,LandslideGuard_Project_Master,,,2016.0,,,2016.0,,YEAR_ONLY
25.205,93.059,LandslideGuard_Project_Master,,,,,,,,NO_TEMPORAL_DATA
25.204,93.059,LandslideGuard_Project_Master,,,,,,,,NO_TEMPORAL_DATA
25.193083,93.120417,LandslideGuard_Project_Master,,,2016.0,,,2016.0,,YEAR_ONLY
25.201,93.122,LandslideGuard_Project_Master,,,2014.0,,,2014.0,,YEAR_ONLY
25.208,93.121,LandslideGuard_Project_Master,,,2014.0,,,2014.0,,YEAR_ONLY
25.207389,93.122778,LandslideGuard_Project_Master,,,,,,,,NO_TEMPORAL_DATA
25.242,93.14,LandslideGuard_Project_Master,,,2014.0,,,2014.0,,YEAR_ONLY
25.241944,93.143194,LandslideGuard_Project_Master,,,2016.0,,,2016.0,,YEAR_ONLY
25.204556,93.138889,LandslideGuard_Project_Master,,,2016.0,,,2016.0,,YEAR_ONLY
25.206,93.126,LandslideGuard_Project_Master,,,2014.0,,,2014.0,,YEAR_ONLY
25.201083,93.140806,LandslideGuard_Project_Master,,,,,,,,NO_TEMPORAL_DATA
25.229556,93.1556,LandslideGuard_Project_Master,,,,,,,,NO_TEMPORAL_DATA
25.274806,93.145556,LandslideGuard_Project_Master,,,,,,,,NO_TEMPORAL_DATA
25.387,93.12,LandslideGuard_Project_Master,,,,,,,,NO_TEMPORAL_DATA
25.362583,93.257722,LandslideGuard_Project_Master,,,,,,,,NO_TEMPORAL_DATA
25.369972,93.260306,LandslideGuard_Project_Master,,,,,,,,NO_TEMPORAL_DATA
25.278472,93.252972,LandslideGuard_Project_Master,,,,,,,,NO_TEMPORAL_DATA
25.278917,93.253194,LandslideGuard_Project_Master,,,,,,,,NO_TEMPORAL_DATA
25.224278,93.222861,LandslideGuard_Project_Master,,,,,,,,NO_TEMPORAL_DATA
25.2,93.25,LandslideGuard_Project_Master,,,,,,,,NO_TEMPORAL_DATA
25.2,93.25,LandslideGuard_Project_Master,,,,,,,,NO_TEMPORAL_DATA
25.21,93.25,LandslideGuard_Project_Master,,,,,,,,NO_TEMPORAL_DATA
25.24,93.27,LandslideGuard_Project_Master,,,,,,,,NO_TEMPORAL_DATA
25.24,93.27,LandslideGuard_Project_Master,,,,,,,,NO_TEMPORAL_DATA
25.24,93.28,LandslideGuard_Project_Master,,,,,,,,NO_TEMPORAL_DATA
25.189,93.226,LandslideGuard_Project_Master,,,,,,,,NO_TEMPORAL_DATA
25.13,93.27,LandslideGuard_Project_Master,,,,,,,,NO_TEMPORAL_DATA
25.1,93.28,LandslideGuard_Project_Master,,,,,,,,NO_TEMPORAL_DATA
25.1,93.28,LandslideGuard_Project_Master,,,,,,,,NO_TEMPORAL_DATA
25.1,93.28,LandslideGuard_Project_Master,,,,,,,,NO_TEMPORAL_DATA
25.003,93.164,LandslideGuard_Project_Master,,,,,,,,NO_TEMPORAL_DATA
24.993,93.161583,LandslideGuard_Project_Master,,,,,,,,NO_TEMPORAL_DATA
24.99561,93.16261,LandslideGuard_Project_Master,,,,,,,,NO_TEMPORAL_DATA
25.145,93.158,LandslideGuard_Project_Master,,,,,,,,NO_TEMPORAL_DATA
25.189,93.192,LandslideGuard_Project_Master,,,,,,,,NO_TEMPORAL_DATA
25.191,93.192,LandslideGuard_Project_Master,,,,,,,,NO_TEMPORAL_DATA
25.19,93.191,LandslideGuard_Project_Master,,,,,,,,NO_TEMPORAL_DATA
25.169,93.156,LandslideGuard_Project_Master,,,,,,,,NO_TEMPORAL_DATA
25.169,93.155,LandslideGuard_Project_Master,,,,,,,,NO_TEMPORAL_DATA
25.184528,93.125639,LandslideGuard_Project_Master,,,2016.0,,,2016.0,,YEAR_ONLY
25.176389,93.116139,LandslideGuard_Project_Master,,,2016.0,,,2016.0,,YEAR_ONLY
25.18725,93.120556,LandslideGuard_Project_Master,,,2016.0,,,2016.0,,YEAR_ONLY
25.186,93.104,LandslideGuard_Project_Master,,,2014.0,,,2014.0,,YEAR_ONLY
25.189556,93.096417,LandslideGuard_Project_Master,,,,,,,,NO_TEMPORAL_DATA
25.179861,93.070778,LandslideGuard_Project_Master,,,2016.0,,,2016.0,,YEAR_ONLY
25.188,93.066,LandslideGuard_Project_Master,,,2014.0,,,2014.0,,YEAR_ONLY
25.155,93.073,LandslideGuard_Project_Master,,,2014.0,,,2014.0,,YEAR_ONLY
25.155,93.067,LandslideGuard_Project_Master,,,2014.0,,,2014.0,,YEAR_ONLY
25.155,93.067,LandslideGuard_Project_Master,,,2014.0,,,2014.0,,YEAR_ONLY
25.157,93.066,LandslideGuard_Project_Master,,,2014.0,,,2014.0,,YEAR_ONLY
25.157,93.062,LandslideGuard_Project_Master,,,2014.0,,,2014.0,,YEAR_ONLY
25.134,93.045,LandslideGuard_Project_Master,,,2014.0,,,2014.0,,YEAR_ONLY
25.139,93.04,LandslideGuard_Project_Master,,,2014.0,,,2014.0,,YEAR_ONLY
25.135,93.04,LandslideGuard_Project_Master,,,2014.0,,,2014.0,,YEAR_ONLY
25.135,93.04,LandslideGuard_Project_Master,,,2014.0,,,2014.0,,YEAR_ONLY
25.136,93.04,LandslideGuard_Project_Master,,,2014.0,,,2014.0,,YEAR_ONLY
25.137,93.04,LandslideGuard_Project_Master,,,2014.0,,,2014.0,,YEAR_ONLY
25.137,93.04,LandslideGuard_Project_Master,,,2014.0,,,2014.0,,YEAR_ONLY
25.137,93.034,LandslideGuard_Project_Master,,,2014.0,,,2014.0,,YEAR_ONLY
25.123,93.033,LandslideGuard_Project_Master,,,2014.0,,,2014.0,,YEAR_ONLY
25.123,93.034,LandslideGuard_Project_Master,,,2014.0,,,2014.0,,YEAR_ONLY
25.106389,93.031472,LandslideGuard_Project_Master,,,,,,,,NO_TEMPORAL_DATA
25.119,93.018,LandslideGuard_Project_Master,,,,,,,,NO_TEMPORAL_DATA
25.119,93.017,LandslideGuard_Project_Master,,,,,,,,NO_TEMPORAL_DATA
25.118,93.014,LandslideGuard_Project_Master,,,,,,,,NO_TEMPORAL_DATA
25.12,93.02,LandslideGuard_Project_Master,,,,,,,,NO_TEMPORAL_DATA
25.122,93.025,LandslideGuard_Project_Master,,,2014.0,,,2014.0,,YEAR_ONLY
25.122,93.026,LandslideGuard_Project_Master,,,2014.0,,,2014.0,,YEAR_ONLY
25.139,93.025,LandslideGuard_Project_Master,,,,,,,,NO_TEMPORAL_DATA
25.139,93.025,LandslideGuard_Project_Master,,,2014.0,,,2014.0,,YEAR_ONLY
25.140417,93.020389,LandslideGuard_Project_Master,,,2014.0,,,2014.0,,YEAR_ONLY
25.139611,93.019556,LandslideGuard_Project_Master,,,2016.0,,,2016.0,,YEAR_ONLY
25.137,93.018,LandslideGuard_Project_Master,,,2014.0,,,2014.0,,YEAR_ONLY
25.134472,93.018972,LandslideGuard_Project_Master,,,2016.0,,,2016.0,,YEAR_ONLY
25.156389,93.018389,LandslideGuard_Project_Master,,,2016.0,,,2016.0,,YEAR_ONLY
25.157139,93.017194,LandslideGuard_Project_Master,,,2016.0,,,2016.0,,YEAR_ONLY
25.156694,93.017667,LandslideGuard_Project_Master,,,1998.0,,,1998.0,,YEAR_ONLY
25.159333,93.017,LandslideGuard_Project_Master,,,2016.0,,,2016.0,,YEAR_ONLY
25.157361,93.016083,LandslideGuard_Project_Master,,,2016.0,,,2016.0,,YEAR_ONLY
25.156,93.018,LandslideGuard_Project_Master,,,2014.0,,,2014.0,,YEAR_ONLY
25.155722,93.022778,LandslideGuard_Project_Master,,,2016.0,,,2016.0,,YEAR_ONLY
25.155611,93.022222,LandslideGuard_Project_Master,,,2016.0,,,2016.0,,YEAR_ONLY
25.156583,93.019611,LandslideGuard_Project_Master,,,2016.0,,,2016.0,,YEAR_ONLY
25.163444,93.023167,LandslideGuard_Project_Master,,,2016.0,,,2016.0,,YEAR_ONLY
25.165639,93.025444,LandslideGuard_Project_Master,,,2016.0,,,2016.0,,YEAR_ONLY
25.150694,93.025833,LandslideGuard_Project_Master,,,2016.0,,,2016.0,,YEAR_ONLY
25.145861,93.024194,LandslideGuard_Project_Master,,,2016.0,,,2016.0,,YEAR_ONLY
25.14525,93.029167,LandslideGuard_Project_Master,,,,,,,,NO_TEMPORAL_DATA
25.146778,93.030972,LandslideGuard_Project_Master,,,,,,,,NO_TEMPORAL_DATA
25.148722,93.031917,LandslideGuard_Project_Master,,,2016.0,,,2016.0,,YEAR_ONLY
25.142,93.04,LandslideGuard_Project_Master,,,2014.0,,,2014.0,,YEAR_ONLY
25.142,93.04,LandslideGuard_Project_Master,,,2014.0,,,2014.0,,YEAR_ONLY
25.164,93.040194,LandslideGuard_Project_Master,,,2016.0,,,2016.0,,YEAR_ONLY
25.188444,93.019667,LandslideGuard_Project_Master,,,2016.0,,,2016.0,,YEAR_ONLY
25.1775,93.026222,LandslideGuard_Project_Master,,,2014.0,,,2014.0,,YEAR_ONLY
25.176917,93.026556,LandslideGuard_Project_Master,,,2014.0,,,2014.0,,YEAR_ONLY
25.175056,93.020417,LandslideGuard_Project_Master,,,2016.0,,,2016.0,,YEAR_ONLY
25.177028,93.020889,LandslideGuard_Project_Master,,,2016.0,,,2016.0,,YEAR_ONLY
25.175972,93.020167,LandslideGuard_Project_Master,,,2016.0,,,2016.0,,YEAR_ONLY
25.171889,93.003944,LandslideGuard_Project_Master,,,2016.0,,,2016.0,,YEAR_ONLY
25.121,92.915028,LandslideGuard_Project_Master,,,,,,,,NO_TEMPORAL_DATA
25.108972,92.928861,LandslideGuard_Project_Master,,,,,,,,NO_TEMPORAL_DATA
25.108877,92.929125,LandslideGuard_Project_Master,,,,,,,,NO_TEMPORAL_DATA
25.108778,92.920333,LandslideGuard_Project_Master,,,,,,,,NO_TEMPORAL_DATA
25.11297,92.95433,LandslideGuard_Project_Master,,,,,,,,NO_TEMPORAL_DATA
25.108759,92.978048,LandslideGuard_Project_Master,,,,,,,,NO_TEMPORAL_DATA
25.108806,92.975139,LandslideGuard_Project_Master,,,,,,,,NO_TEMPORAL_DATA
25.105414,92.972784,LandslideGuard_Project_Master,,,,,,,,NO_TEMPORAL_DATA
25.12906,92.97418,LandslideGuard_Project_Master,,,,,,,,NO_TEMPORAL_DATA
25.124583,92.989111,LandslideGuard_Project_Master,,,,,,,,NO_TEMPORAL_DATA
25.107,93.002,LandslideGuard_Project_Master,,,,,,,,NO_TEMPORAL_DATA
25.108,93.003,LandslideGuard_Project_Master,,,,,,,,NO_TEMPORAL_DATA
25.108,93.003,LandslideGuard_Project_Master,,,,,,,,NO_TEMPORAL_DATA
25.106,93.001,LandslideGuard_Project_Master,,,,,,,,NO_TEMPORAL_DATA
25.110111,92.998778,LandslideGuard_Project_Master,,,2016.0,,,2016.0,,YEAR_ONLY
25.110778,92.987917,LandslideGuard_Project_Master,,,2016.0,,,2016.0,,YEAR_ONLY
25.10275,92.986944,LandslideGuard_Project_Master,,,,,,,,NO_TEMPORAL_DATA
25.10292,92.986883,LandslideGuard_Project_Master,,,,,,,,NO_TEMPORAL_DATA
25.106956,92.991363,LandslideGuard_Project_Master,,,,,,,,NO_TEMPORAL_DATA
25.088389,92.958944,LandslideGuard_Project_Master,,,,,,,,NO_TEMPORAL_DATA
25.078935,92.95379,LandslideGuard_Project_Master,,,,,,,,NO_TEMPORAL_DATA
25.008,93.04,LandslideGuard_Project_Master,,,2014.0,,,2014.0,,YEAR_ONLY
24.97228,93.03289,LandslideGuard_Project_Master,,,,,,,,NO_TEMPORAL_DATA
24.97692,93.033,LandslideGuard_Project_Master,,,,,,,,NO_TEMPORAL_DATA
24.97714,93.03344,LandslideGuard_Project_Master,,,,,,,,NO_TEMPORAL_DATA
24.96,92.98,LandslideGuard_Project_Master,,,,,,,,NO_TEMPORAL_DATA
24.98,92.96,LandslideGuard_Project_Master,,,,,,,,NO_TEMPORAL_DATA
24.96,92.92,LandslideGuard_Project_Master,,,,,,,,NO_TEMPORAL_DATA
24.96,92.95,LandslideGuard_Project_Master,,,,,,,,NO_TEMPORAL_DATA
24.795892,93.045425,LandslideGuard_Project_Master,,,,,,,,NO_TEMPORAL_DATA
24.813648,93.073009,LandslideGuard_Project_Master,,,,,,,,NO_TEMPORAL_DATA
24.85325,93.2449,LandslideGuard_Project_Master,,,,,,,,NO_TEMPORAL_DATA
24.797951,93.214998,LandslideGuard_Project_Master,,,,,,,,NO_TEMPORAL_DATA
24.79847,93.21583,LandslideGuard_Project_Master,,,,,,,,NO_TEMPORAL_DATA
24.804448,93.235711,LandslideGuard_Project_Master,,,,,,,,NO_TEMPORAL_DATA
24.80592,93.23789,LandslideGuard_Project_Master,,,,,,,,NO_TEMPORAL_DATA
24.805138,93.23716,LandslideGuard_Project_Master,,,,,,,,NO_TEMPORAL_DATA
24.795814,93.230263,LandslideGuard_Project_Master,,,,,,,,NO_TEMPORAL_DATA
24.80831,93.24264,LandslideGuard_Project_Master,,,,,,,,NO_TEMPORAL_DATA
24.813306,93.243417,LandslideGuard_Project_Master,,,,,,,,NO_TEMPORAL_DATA
24.813889,93.245222,LandslideGuard_Project_Master,,,2016.0,,,2016.0,,YEAR_ONLY
24.8145,93.246,LandslideGuard_Project_Master,,,,,,,,NO_TEMPORAL_DATA
24.798278,93.394306,LandslideGuard_Project_Master,,,,,,,,NO_TEMPORAL_DATA
24.811139,93.417,LandslideGuard_Project_Master,,,,,,,,NO_TEMPORAL_DATA
24.811333,93.42275,LandslideGuard_Project_Master,,,,,,,,NO_TEMPORAL_DATA
24.812167,93.423,LandslideGuard_Project_Master,,,,,,,,NO_TEMPORAL_DATA
24.806806,93.404806,LandslideGuard_Project_Master,,,,,,,,NO_TEMPORAL_DATA
24.799333,93.435417,LandslideGuard_Project_Master,,,,,,,,NO_TEMPORAL_DATA
24.788889,93.441889,LandslideGuard_Project_Master,,,,,,,,NO_TEMPORAL_DATA
24.789917,93.459806,LandslideGuard_Project_Master,,,,,,,,NO_TEMPORAL_DATA
24.784611,93.462278,LandslideGuard_Project_Master,,,,,,,,NO_TEMPORAL_DATA
24.798806,93.464667,LandslideGuard_Project_Master,,,,,,,,NO_TEMPORAL_DATA
24.801389,93.469444,LandslideGuard_Project_Master,,,,,,,,NO_TEMPORAL_DATA
24.818,93.45,LandslideGuard_Project_Master,,,,,,,,NO_TEMPORAL_DATA
24.819722,93.459972,LandslideGuard_Project_Master,,,,,,,,NO_TEMPORAL_DATA
24.826694,93.467944,LandslideGuard_Project_Master,,,,,,,,NO_TEMPORAL_DATA
24.83025,93.466972,LandslideGuard_Project_Master,,,,,,,,NO_TEMPORAL_DATA
24.83278,93.46333,LandslideGuard_Project_Master,,,,,,,,NO_TEMPORAL_DATA
24.834694,93.459167,LandslideGuard_Project_Master,,,,,,,,NO_TEMPORAL_DATA
24.834917,93.459083,LandslideGuard_Project_Master,,,,,,,,NO_TEMPORAL_DATA
24.816111,93.443917,LandslideGuard_Project_Master,,,,,,,,NO_TEMPORAL_DATA
24.815361,93.441528,LandslideGuard_Project_Master,,,,,,,,NO_TEMPORAL_DATA
24.815528,93.43725,LandslideGuard_Project_Master,,,,,,,,NO_TEMPORAL_DATA
24.812083,93.433917,LandslideGuard_Project_Master,,,,,,,,NO_TEMPORAL_DATA
24.814333,93.428306,LandslideGuard_Project_Master,,,,,,,,NO_TEMPORAL_DATA
24.846028,93.43875,LandslideGuard_Project_Master,,,,,,,,NO_TEMPORAL_DATA
24.842944,93.439972,LandslideGuard_Project_Master,,,,,,,,NO_TEMPORAL_DATA
24.84833,93.45917,LandslideGuard_Project_Master,,,,,,,,NO_TEMPORAL_DATA
24.84833,93.45917,LandslideGuard_Project_Master,,,,,,,,NO_TEMPORAL_DATA
24.85225,93.449639,LandslideGuard_Project_Master,,,,,,,,NO_TEMPORAL_DATA
24.851722,93.449389,LandslideGuard_Project_Master,,,,,,,,NO_TEMPORAL_DATA
24.8545,93.449036,LandslideGuard_Project_Master,,,,,,,,NO_TEMPORAL_DATA
24.860889,93.463222,LandslideGuard_Project_Master,,,,,,,,NO_TEMPORAL_DATA
24.877417,93.460583,LandslideGuard_Project_Master,,,,,,,,NO_TEMPORAL_DATA
24.874222,93.466667,LandslideGuard_Project_Master,,,,,,,,NO_TEMPORAL_DATA
24.883194,93.465667,LandslideGuard_Project_Master,,,,,,,,NO_TEMPORAL_DATA
24.890333,93.466667,LandslideGuard_Project_Master,,,,,,,,NO_TEMPORAL_DATA
24.90139,93.45389,LandslideGuard_Project_Master,,,,,,,,NO_TEMPORAL_DATA
24.930806,93.444833,LandslideGuard_Project_Master,,,,,,,,NO_TEMPORAL_DATA
25.07,93.29,LandslideGuard_Project_Master,,,,,,,,NO_TEMPORAL_DATA
25.14,93.31,LandslideGuard_Project_Master,,,,,,,,NO_TEMPORAL_DATA
25.14,93.3,LandslideGuard_Project_Master,,,2018.0,,,2018.0,,YEAR_ONLY
25.13,93.29,LandslideGuard_Project_Master,,,,,,,,NO_TEMPORAL_DATA
25.17,93.29,LandslideGuard_Project_Master,,,,,,,,NO_TEMPORAL_DATA
25.18,93.3,LandslideGuard_Project_Master,,,,,,,,NO_TEMPORAL_DATA
25.18,93.3,LandslideGuard_Project_Master,,,,,,,,NO_TEMPORAL_DATA
25.18,93.3,LandslideGuard_Project_Master,,,,,,,,NO_TEMPORAL_DATA
25.19,93.3,LandslideGuard_Project_Master,,,,,,,,NO_TEMPORAL_DATA
25.19,93.3,LandslideGuard_Project_Master,,,,,,,,NO_TEMPORAL_DATA
25.19,93.3,LandslideGuard_Project_Master,,,,,,,,NO_TEMPORAL_DATA
25.18,93.33,LandslideGuard_Project_Master,,,,,,,,NO_TEMPORAL_DATA
25.17,93.36,LandslideGuard_Project_Master,,,,,,,,NO_TEMPORAL_DATA
25.15,93.37,LandslideGuard_Project_Master,,,,,,,,NO_TEMPORAL_DATA
25.12,93.37,LandslideGuard_Project_Master,,,,,,,,NO_TEMPORAL_DATA
25.11,93.37,LandslideGuard_Project_Master,,,,,,,,NO_TEMPORAL_DATA
25.11,93.37,LandslideGuard_Project_Master,,,2020.0,,,2020.0,,YEAR_ONLY
25.07,93.43,LandslideGuard_Project_Master,,,,,,,,NO_TEMPORAL_DATA
24.99694,93.50222,LandslideGuard_Project_Master,,,,,,,,NO_TEMPORAL_DATA
24.99306,93.4975,LandslideGuard_Project_Master,,,,,,,,NO_TEMPORAL_DATA
24.99083,93.50583,LandslideGuard_Project_Master,,,,,,,,NO_TEMPORAL_DATA
24.99083,93.50583,LandslideGuard_Project_Master,,,,,,,,NO_TEMPORAL_DATA
24.989697,93.507075,LandslideGuard_Project_Master,,,,,,,,NO_TEMPORAL_DATA
25.006694,93.523444,LandslideGuard_Project_Master,,,,,,,,NO_TEMPORAL_DATA
25.013083,93.530111,LandslideGuard_Project_Master,,,,,,,,NO_TEMPORAL_DATA
25.025639,93.537222,LandslideGuard_Project_Master,,,,,,,,NO_TEMPORAL_DATA
25.025472,93.537028,LandslideGuard_Project_Master,,,,,,,,NO_TEMPORAL_DATA
25.013472,93.530472,LandslideGuard_Project_Master,,,,,,,,NO_TEMPORAL_DATA
25.013161,93.529758,LandslideGuard_Project_Master,,,,,,,,NO_TEMPORAL_DATA
25.187583,93.653861,LandslideGuard_Project_Master,,,,,,,,NO_TEMPORAL_DATA
25.121417,93.654972,LandslideGuard_Project_Master,,,,,,,,NO_TEMPORAL_DATA
25.121111,93.654694,LandslideGuard_Project_Master,,,,,,,,NO_TEMPORAL_DATA
25.119917,93.653333,LandslideGuard_Project_Master,,,,,,,,NO_TEMPORAL_DATA
25.120444,93.653778,LandslideGuard_Project_Master,,,,,,,,NO_TEMPORAL_DATA
25.118083,93.649472,LandslideGuard_Project_Master,,,,,,,,NO_TEMPORAL_DATA
25.118056,93.648556,LandslideGuard_Project_Master,,,,,,,,NO_TEMPORAL_DATA
25.118,93.64775,LandslideGuard_Project_Master,,,,,,,,NO_TEMPORAL_DATA
25.117806,93.647528,LandslideGuard_Project_Master,,,,,,,,NO_TEMPORAL_DATA
25.11775,93.647222,LandslideGuard_Project_Master,,,,,,,,NO_TEMPORAL_DATA
25.116833,93.645889,LandslideGuard_Project_Master,,,,,,,,NO_TEMPORAL_DATA
25.115833,93.645833,LandslideGuard_Project_Master,,,,,,,,NO_TEMPORAL_DATA
25.116556,93.645944,LandslideGuard_Project_Master,,,,,,,,NO_TEMPORAL_DATA
25.115194,93.645,LandslideGuard_Project_Master,,,,,,,,NO_TEMPORAL_DATA
25.116,93.643278,LandslideGuard_Project_Master,,,,,,,,NO_TEMPORAL_DATA
25.115111,93.642361,LandslideGuard_Project_Master,,,,,,,,NO_TEMPORAL_DATA
25.116111,93.640417,LandslideGuard_Project_Master,,,,,,,,NO_TEMPORAL_DATA
25.115889,93.639611,LandslideGuard_Project_Master,,,,,,,,NO_TEMPORAL_DATA
25.116083,93.639889,LandslideGuard_Project_Master,,,,,,,,NO_TEMPORAL_DATA
25.115417,93.63925,LandslideGuard_Project_Master,,,,,,,,NO_TEMPORAL_DATA
25.115444,93.638778,LandslideGuard_Project_Master,,,,,,,,NO_TEMPORAL_DATA
25.111556,93.629972,LandslideGuard_Project_Master,,,,,,,,NO_TEMPORAL_DATA
25.105108,93.621136,LandslideGuard_Project_Master,,,,,,,,NO_TEMPORAL_DATA
25.106472,93.623472,LandslideGuard_Project_Master,,,,,,,,NO_TEMPORAL_DATA
25.107694,93.623556,LandslideGuard_Project_Master,,,,,,,,NO_TEMPORAL_DATA
25.110667,93.62275,LandslideGuard_Project_Master,,,,,,,,NO_TEMPORAL_DATA
25.110917,93.622361,LandslideGuard_Project_Master,,,,,,,,NO_TEMPORAL_DATA
25.109944,93.626528,LandslideGuard_Project_Master,,,,,,,,NO_TEMPORAL_DATA
25.110472,93.625389,LandslideGuard_Project_Master,,,,,,,,NO_TEMPORAL_DATA
25.110389,93.625583,LandslideGuard_Project_Master,,,,,,,,NO_TEMPORAL_DATA
25.110389,93.624056,LandslideGuard_Project_Master,,,,,,,,NO_TEMPORAL_DATA
25.101083,93.620333,LandslideGuard_Project_Master,,,,,,,,NO_TEMPORAL_DATA
25.098639,93.620778,LandslideGuard_Project_Master,,,,,,,,NO_TEMPORAL_DATA
25.096333,93.61925,LandslideGuard_Project_Master,,,,,,,,NO_TEMPORAL_DATA
25.09225,93.619972,LandslideGuard_Project_Master,,,,,,,,NO_TEMPORAL_DATA
25.113472,93.636917,LandslideGuard_Project_Master,,,,,,,,NO_TEMPORAL_DATA
25.088639,93.619722,LandslideGuard_Project_Master,,,,,,,,NO_TEMPORAL_DATA
25.087417,93.618333,LandslideGuard_Project_Master,,,,,,,,NO_TEMPORAL_DATA
25.083083,93.613583,LandslideGuard_Project_Master,,,,,,,,NO_TEMPORAL_DATA
25.08025,93.612278,LandslideGuard_Project_Master,,,,,,,,NO_TEMPORAL_DATA
25.077778,93.611583,LandslideGuard_Project_Master,,,,,,,,NO_TEMPORAL_DATA
25.077361,93.611028,LandslideGuard_Project_Master,,,,,,,,NO_TEMPORAL_DATA
25.080389,93.611889,LandslideGuard_Project_Master,,,,,,,,NO_TEMPORAL_DATA
25.072528,93.6075,LandslideGuard_Project_Master,,,,,,,,NO_TEMPORAL_DATA
25.067306,93.604861,LandslideGuard_Project_Master,,,,,,,,NO_TEMPORAL_DATA
25.057194,93.603028,LandslideGuard_Project_Master,,,,,,,,NO_TEMPORAL_DATA
25.058833,93.604028,LandslideGuard_Project_Master,,,,,,,,NO_TEMPORAL_DATA
25.059167,93.604222,LandslideGuard_Project_Master,,,,,,,,NO_TEMPORAL_DATA
25.059861,93.604639,LandslideGuard_Project_Master,,,,,,,,NO_TEMPORAL_DATA
25.061861,93.605361,LandslideGuard_Project_Master,,,,,,,,NO_TEMPORAL_DATA
25.061417,93.604889,LandslideGuard_Project_Master,,,,,,,,NO_TEMPORAL_DATA
25.055139,93.603778,LandslideGuard_Project_Master,,,,,,,,NO_TEMPORAL_DATA
25.054083,93.603694,LandslideGuard_Project_Master,,,,,,,,NO_TEMPORAL_DATA
25.049861,93.602389,LandslideGuard_Project_Master,,,,,,,,NO_TEMPORAL_DATA
25.029333,93.586167,LandslideGuard_Project_Master,,,,,,,,NO_TEMPORAL_DATA
24.981031,93.654678,LandslideGuard_Project_Master,,,,,,,,NO_TEMPORAL_DATA
24.975175,93.652939,LandslideGuard_Project_Master,,,,,,,,NO_TEMPORAL_DATA
24.935611,93.654444,LandslideGuard_Project_Master,,,,,,,,NO_TEMPORAL_DATA
24.922861,93.633144,LandslideGuard_Project_Master,,,,,,,,NO_TEMPORAL_DATA
24.888556,93.641472,LandslideGuard_Project_Master,,,,,,,,NO_TEMPORAL_DATA
24.975961,93.567983,LandslideGuard_Project_Master,,,,,,,,NO_TEMPORAL_DATA
24.971389,93.559056,LandslideGuard_Project_Master,,,,,,,,NO_TEMPORAL_DATA
24.978611,93.528278,LandslideGuard_Project_Master,,,,,,,,NO_TEMPORAL_DATA
24.987361,93.525333,LandslideGuard_Project_Master,,,,,,,,NO_TEMPORAL_DATA
24.984722,93.524917,LandslideGuard_Project_Master,,,,,,,,NO_TEMPORAL_DATA
24.982611,93.52,LandslideGuard_Project_Master,,,,,,,,NO_TEMPORAL_DATA
24.984528,93.509861,LandslideGuard_Project_Master,,,,,,,,NO_TEMPORAL_DATA
24.985167,93.508306,LandslideGuard_Project_Master,,,,,,,,NO_TEMPORAL_DATA
24.987583,93.506167,LandslideGuard_Project_Master,,,,,,,,NO_TEMPORAL_DATA
24.987464,93.506244,LandslideGuard_Project_Master,,,,,,,,NO_TEMPORAL_DATA
24.98611,93.50583,LandslideGuard_Project_Master,,,,,,,,NO_TEMPORAL_DATA
24.986861,93.506028,LandslideGuard_Project_Master,,,,,,,,NO_TEMPORAL_DATA
24.982694,93.507,LandslideGuard_Project_Master,,,,,,,,NO_TEMPORAL_DATA
24.97775,93.502639,LandslideGuard_Project_Master,,,,,,,,NO_TEMPORAL_DATA
24.978389,93.502278,LandslideGuard_Project_Master,,,,,,,,NO_TEMPORAL_DATA
24.978444,93.5,LandslideGuard_Project_Master,,,,,,,,NO_TEMPORAL_DATA
24.983194,93.500417,LandslideGuard_Project_Master,,,,,,,,NO_TEMPORAL_DATA
24.985944,93.504944,LandslideGuard_Project_Master,,,,,,,,NO_TEMPORAL_DATA
24.98722,93.50361,LandslideGuard_Project_Master,,,,,,,,NO_TEMPORAL_DATA
24.98722,93.50361,LandslideGuard_Project_Master,,,,,,,,NO_TEMPORAL_DATA
24.98575,93.497389,LandslideGuard_Project_Master,,,,,,,,NO_TEMPORAL_DATA
24.983806,93.497528,LandslideGuard_Project_Master,,,,,,,,NO_TEMPORAL_DATA
24.987667,93.494361,LandslideGuard_Project_Master,,,,,,,,NO_TEMPORAL_DATA
24.986472,93.49425,LandslideGuard_Project_Master,,,,,,,,NO_TEMPORAL_DATA
24.986333,93.494361,LandslideGuard_Project_Master,,,,,,,,NO_TEMPORAL_DATA
24.986444,93.494,LandslideGuard_Project_Master,,,,,,,,NO_TEMPORAL_DATA
24.985806,93.492972,LandslideGuard_Project_Master,,,,,,,,NO_TEMPORAL_DATA
24.985389,93.49275,LandslideGuard_Project_Master,,,,,,,,NO_TEMPORAL_DATA
24.952611,93.487611,LandslideGuard_Project_Master,,,,,,,,NO_TEMPORAL_DATA
24.950361,93.482333,LandslideGuard_Project_Master,,,,,,,,NO_TEMPORAL_DATA
24.950278,93.481917,LandslideGuard_Project_Master,,,,,,,,NO_TEMPORAL_DATA
24.950139,93.481278,LandslideGuard_Project_Master,,,,,,,,NO_TEMPORAL_DATA
24.943833,93.488917,LandslideGuard_Project_Master,,,,,,,,NO_TEMPORAL_DATA
24.94775,93.492889,LandslideGuard_Project_Master,,,,,,,,NO_TEMPORAL_DATA
24.942778,93.495333,LandslideGuard_Project_Master,,,,,,,,NO_TEMPORAL_DATA
24.917278,93.471167,LandslideGuard_Project_Master,,,,,,,,NO_TEMPORAL_DATA
24.916444,93.481556,LandslideGuard_Project_Master,,,,,,,,NO_TEMPORAL_DATA
24.911722,93.484361,LandslideGuard_Project_Master,,,,,,,,NO_TEMPORAL_DATA
24.888472,93.473028,LandslideGuard_Project_Master,,,,,,,,NO_TEMPORAL_DATA
24.898,93.487722,LandslideGuard_Project_Master,,,,,,,,NO_TEMPORAL_DATA
24.836222,93.482111,LandslideGuard_Project_Master,,,,,,,,NO_TEMPORAL_DATA
24.836222,93.482111,LandslideGuard_Project_Master,,,,,,,,NO_TEMPORAL_DATA
24.836194,93.481992,LandslideGuard_Project_Master,,,,,,,,NO_TEMPORAL_DATA
24.83725,93.494528,LandslideGuard_Project_Master,,,,,,,,NO_TEMPORAL_DATA
24.842444,93.499333,LandslideGuard_Project_Master,,,,,,,,NO_TEMPORAL_DATA
24.845611,93.498778,LandslideGuard_Project_Master,,,,,,,,NO_TEMPORAL_DATA
24.841611,93.498556,LandslideGuard_Project_Master,,,,,,,,NO_TEMPORAL_DATA
24.841472,93.495917,LandslideGuard_Project_Master,,,,,,,,NO_TEMPORAL_DATA
24.85,93.497583,LandslideGuard_Project_Master,,,,,,,,NO_TEMPORAL_DATA
24.831719,93.514025,LandslideGuard_Project_Master,,,,,,,,NO_TEMPORAL_DATA
24.829333,93.507056,LandslideGuard_Project_Master,,,,,,,,NO_TEMPORAL_DATA
24.81778,93.51583,LandslideGuard_Project_Master,,,,,,,,NO_TEMPORAL_DATA
24.824111,93.474139,LandslideGuard_Project_Master,,,,,,,,NO_TEMPORAL_DATA
24.824611,93.476528,LandslideGuard_Project_Master,,,,,,,,NO_TEMPORAL_DATA
24.827,93.478472,LandslideGuard_Project_Master,,,,,,,,NO_TEMPORAL_DATA
24.827778,93.479167,LandslideGuard_Project_Master,,,,,,,,NO_TEMPORAL_DATA
24.804167,93.471667,LandslideGuard_Project_Master,,,,,,,,NO_TEMPORAL_DATA
24.8,93.472222,LandslideGuard_Project_Master,,,,,,,,NO_TEMPORAL_DATA
24.816242,93.523119,LandslideGuard_Project_Master,,,,,,,,NO_TEMPORAL_DATA
24.820667,93.525444,LandslideGuard_Project_Master,,,,,,,,NO_TEMPORAL_DATA
24.81722,93.51722,LandslideGuard_Project_Master,,,,,,,,NO_TEMPORAL_DATA
24.82375,93.523861,LandslideGuard_Project_Master,,,,,,,,NO_TEMPORAL_DATA
24.8133,93.5472,LandslideGuard_Project_Master,,,,,,,,NO_TEMPORAL_DATA
24.81867,93.54819,LandslideGuard_Project_Master,,,,,,,,NO_TEMPORAL_DATA
24.8175,93.54908,LandslideGuard_Project_Master,,,,,,,,NO_TEMPORAL_DATA
24.834069,93.578039,LandslideGuard_Project_Master,,,,,,,,NO_TEMPORAL_DATA
24.819975,93.576653,LandslideGuard_Project_Master,,,,,,,,NO_TEMPORAL_DATA
24.820728,93.575906,LandslideGuard_Project_Master,,,,,,,,NO_TEMPORAL_DATA
24.854044,93.585331,LandslideGuard_Project_Master,,,,,,,,NO_TEMPORAL_DATA
24.860347,93.572383,LandslideGuard_Project_Master,,,,,,,,NO_TEMPORAL_DATA
24.854806,93.573444,LandslideGuard_Project_Master,,,,,,,,NO_TEMPORAL_DATA
24.863272,93.574044,LandslideGuard_Project_Master,,,,,,,,NO_TEMPORAL_DATA
24.862778,93.585333,LandslideGuard_Project_Master,,,,,,,,NO_TEMPORAL_DATA
24.86375,93.598917,LandslideGuard_Project_Master,,,,,,,,NO_TEMPORAL_DATA
24.863414,93.598719,LandslideGuard_Project_Master,,,,,,,,NO_TEMPORAL_DATA
24.862444,93.598194,LandslideGuard_Project_Master,,,,,,,,NO_TEMPORAL_DATA
24.862444,93.610639,LandslideGuard_Project_Master,,,,,,,,NO_TEMPORAL_DATA
24.862903,93.616397,LandslideGuard_Project_Master,,,,,,,,NO_TEMPORAL_DATA
24.872153,93.623861,LandslideGuard_Project_Master,,,,,,,,NO_TEMPORAL_DATA
24.867694,93.625858,LandslideGuard_Project_Master,,,,,,,,NO_TEMPORAL_DATA
24.864739,93.625244,LandslideGuard_Project_Master,,,,,,,,NO_TEMPORAL_DATA
24.860639,93.62675,LandslideGuard_Project_Master,,,,,,,,NO_TEMPORAL_DATA
24.861264,93.627742,LandslideGuard_Project_Master,,,,,,,,NO_TEMPORAL_DATA
24.834028,93.644,LandslideGuard_Project_Master,,,,,,,,NO_TEMPORAL_DATA
24.808619,93.651094,LandslideGuard_Project_Master,,,,,,,,NO_TEMPORAL_DATA
24.801111,93.653111,LandslideGuard_Project_Master,,,,,,,,NO_TEMPORAL_DATA
24.798333,93.655056,LandslideGuard_Project_Master,,,,,,,,NO_TEMPORAL_DATA
24.769333,93.653722,LandslideGuard_Project_Master,,,,,,,,NO_TEMPORAL_DATA
24.756089,93.622039,LandslideGuard_Project_Master,,,,,,,,NO_TEMPORAL_DATA
24.698392,93.644183,LandslideGuard_Project_Master,,,,,,,,NO_TEMPORAL_DATA
24.699761,93.650047,LandslideGuard_Project_Master,,,,,,,,NO_TEMPORAL_DATA
24.724406,93.514431,LandslideGuard_Project_Master,,,,,,,,NO_TEMPORAL_DATA
24.719397,93.509003,LandslideGuard_Project_Master,,,,,,,,NO_TEMPORAL_DATA
24.719214,93.508903,LandslideGuard_Project_Master,,,,,,,,NO_TEMPORAL_DATA
24.718914,93.508378,LandslideGuard_Project_Master,,,,,,,,NO_TEMPORAL_DATA
24.718567,93.500017,LandslideGuard_Project_Master,,,,,,,,NO_TEMPORAL_DATA
24.720167,93.496944,LandslideGuard_Project_Master,,,,,,,,NO_TEMPORAL_DATA
24.722472,93.492806,LandslideGuard_Project_Master,,,,,,,,NO_TEMPORAL_DATA
24.723056,93.491833,LandslideGuard_Project_Master,,,,,,,,NO_TEMPORAL_DATA
24.730139,93.485389,LandslideGuard_Project_Master,,,,,,,,NO_TEMPORAL_DATA
24.729944,93.485833,LandslideGuard_Project_Master,,,,,,,,NO_TEMPORAL_DATA
24.732417,93.483139,LandslideGuard_Project_Master,,,,,,,,NO_TEMPORAL_DATA
24.732139,93.479194,LandslideGuard_Project_Master,,,,,,,,NO_TEMPORAL_DATA
24.689806,93.522583,LandslideGuard_Project_Master,,,,,,,,NO_TEMPORAL_DATA
24.664694,93.532361,LandslideGuard_Project_Master,,,,,,,,NO_TEMPORAL_DATA
24.626389,93.604389,LandslideGuard_Project_Master,,,,,,,,NO_TEMPORAL_DATA
24.628,93.603944,LandslideGuard_Project_Master,,,,,,,,NO_TEMPORAL_DATA
24.62775,93.604611,LandslideGuard_Project_Master,,,,,,,,NO_TEMPORAL_DATA
24.630083,93.606139,LandslideGuard_Project_Master,,,,,,,,NO_TEMPORAL_DATA
24.628361,93.604917,LandslideGuard_Project_Master,,,,,,,,NO_TEMPORAL_DATA
24.656306,93.580806,LandslideGuard_Project_Master,,,,,,,,NO_TEMPORAL_DATA
24.641417,93.596611,LandslideGuard_Project_Master,,,,,,,,NO_TEMPORAL_DATA
24.641194,93.594472,LandslideGuard_Project_Master,,,,,,,,NO_TEMPORAL_DATA
24.642722,93.602083,LandslideGuard_Project_Master,,,,,,,,NO_TEMPORAL_DATA
24.636444,93.606694,LandslideGuard_Project_Master,,,,,,,,NO_TEMPORAL_DATA
24.633083,93.610222,LandslideGuard_Project_Master,,,,,,,,NO_TEMPORAL_DATA
24.639,93.611556,LandslideGuard_Project_Master,,,,,,,,NO_TEMPORAL_DATA
24.63875,93.611278,LandslideGuard_Project_Master,,,,,,,,NO_TEMPORAL_DATA
24.639722,93.612222,LandslideGuard_Project_Master,,,,,,,,NO_TEMPORAL_DATA
24.637769,93.612292,LandslideGuard_Project_Master,,,,,,,,NO_TEMPORAL_DATA
24.640639,93.620311,LandslideGuard_Project_Master,,,,,,,,NO_TEMPORAL_DATA
24.640072,93.627392,LandslideGuard_Project_Master,,,,,,,,NO_TEMPORAL_DATA
24.641528,93.623694,LandslideGuard_Project_Master,,,,,,,,NO_TEMPORAL_DATA
24.641369,93.623008,LandslideGuard_Project_Master,,,,,,,,NO_TEMPORAL_DATA
24.64175,93.623222,LandslideGuard_Project_Master,,,,,,,,NO_TEMPORAL_DATA
24.645275,93.628828,LandslideGuard_Project_Master,,,,,,,,NO_TEMPORAL_DATA
24.644889,93.619583,LandslideGuard_Project_Master,,,,,,,,NO_TEMPORAL_DATA
24.658206,93.625503,LandslideGuard_Project_Master,,,,,,,,NO_TEMPORAL_DATA
24.662664,93.62825,LandslideGuard_Project_Master,,,,,,,,NO_TEMPORAL_DATA
24.660825,93.632156,LandslideGuard_Project_Master,,,,,,,,NO_TEMPORAL_DATA
24.653156,93.646406,LandslideGuard_Project_Master,,,,,,,,NO_TEMPORAL_DATA
24.641747,93.640183,LandslideGuard_Project_Master,,,,,,,,NO_TEMPORAL_DATA
24.747778,93.424528,LandslideGuard_Project_Master,,,,,,,,NO_TEMPORAL_DATA
24.75,93.427528,LandslideGuard_Project_Master,,,,,,,,NO_TEMPORAL_DATA
24.751111,93.459361,LandslideGuard_Project_Master,,,,,,,,NO_TEMPORAL_DATA
24.751222,93.459722,LandslideGuard_Project_Master,,,,,,,,NO_TEMPORAL_DATA
24.751667,93.461667,LandslideGuard_Project_Master,,,,,,,,NO_TEMPORAL_DATA
24.751139,93.462806,LandslideGuard_Project_Master,,,,,,,,NO_TEMPORAL_DATA
24.747694,93.462667,LandslideGuard_Project_Master,,,,,,,,NO_TEMPORAL_DATA
24.747833,93.462778,LandslideGuard_Project_Master,,,,,,,,NO_TEMPORAL_DATA
24.75075,93.464944,LandslideGuard_Project_Master,,,,,,,,NO_TEMPORAL_DATA
24.7585,93.459139,LandslideGuard_Project_Master,,,,,,,,NO_TEMPORAL_DATA
24.768694,93.45725,LandslideGuard_Project_Master,,,,,,,,NO_TEMPORAL_DATA
24.768917,93.457306,LandslideGuard_Project_Master,,,,,,,,NO_TEMPORAL_DATA
24.768472,93.457389,LandslideGuard_Project_Master,,,,,,,,NO_TEMPORAL_DATA
24.766667,93.458111,LandslideGuard_Project_Master,,,,,,,,NO_TEMPORAL_DATA
24.767,93.458139,LandslideGuard_Project_Master,,,,,,,,NO_TEMPORAL_DATA
24.766389,93.457722,LandslideGuard_Project_Master,,,,,,,,NO_TEMPORAL_DATA
24.764917,93.45875,LandslideGuard_Project_Master,,,,,,,,NO_TEMPORAL_DATA
24.758778,93.456889,LandslideGuard_Project_Master,,,,,,,,NO_TEMPORAL_DATA
24.759667,93.462694,LandslideGuard_Project_Master,,,,,,,,NO_TEMPORAL_DATA
24.764917,93.46125,LandslideGuard_Project_Master,,,,,,,,NO_TEMPORAL_DATA
24.765361,93.460889,LandslideGuard_Project_Master,,,,,,,,NO_TEMPORAL_DATA
24.783806,93.455556,LandslideGuard_Project_Master,,,,,,,,NO_TEMPORAL_DATA
24.776583,93.456056,LandslideGuard_Project_Master,,,,,,,,NO_TEMPORAL_DATA
24.775972,93.457139,LandslideGuard_Project_Master,,,,,,,,NO_TEMPORAL_DATA
24.776028,93.457083,LandslideGuard_Project_Master,,,,,,,,NO_TEMPORAL_DATA
24.772806,93.457417,LandslideGuard_Project_Master,,,,,,,,NO_TEMPORAL_DATA
24.775917,93.453139,LandslideGuard_Project_Master,,,,,,,,NO_TEMPORAL_DATA
24.775167,93.440722,LandslideGuard_Project_Master,,,,,,,,NO_TEMPORAL_DATA
24.766472,93.434167,LandslideGuard_Project_Master,,,,,,,,NO_TEMPORAL_DATA
24.775917,93.432611,LandslideGuard_Project_Master,,,,,,,,NO_TEMPORAL_DATA
24.768778,93.386806,LandslideGuard_Project_Master,,,,,,,,NO_TEMPORAL_DATA
24.734233,93.293194,LandslideGuard_Project_Master,,,,,,,,NO_TEMPORAL_DATA
24.734861,93.296,LandslideGuard_Project_Master,,,,,,,,NO_TEMPORAL_DATA
24.734806,93.296306,LandslideGuard_Project_Master,,,,,,,,NO_TEMPORAL_DATA
24.768556,93.314358,LandslideGuard_Project_Master,,,,,,,,NO_TEMPORAL_DATA
24.766556,93.319833,LandslideGuard_Project_Master,,,,,,,,NO_TEMPORAL_DATA
24.762667,93.255556,LandslideGuard_Project_Master,,,,,,,,NO_TEMPORAL_DATA
24.761056,93.255167,LandslideGuard_Project_Master,,,,,,,,NO_TEMPORAL_DATA
24.7825,93.19944,LandslideGuard_Project_Master,,,,,,,,NO_TEMPORAL_DATA
24.728917,93.256389,LandslideGuard_Project_Master,,,,,,,,NO_TEMPORAL_DATA
24.724333,93.273111,LandslideGuard_Project_Master,,,,,,,,NO_TEMPORAL_DATA
24.62,93.17,LandslideGuard_Project_Master,,,,,,,,NO_TEMPORAL_DATA
24.68,93.11,LandslideGuard_Project_Master,,,,,,,,NO_TEMPORAL_DATA
24.69,93.12,LandslideGuard_Project_Master,,,,,,,,NO_TEMPORAL_DATA
24.72,93.13,LandslideGuard_Project_Master,,,,,,,,NO_TEMPORAL_DATA
24.73,93.13,LandslideGuard_Project_Master,,,,,,,,NO_TEMPORAL_DATA
24.72,93.14,LandslideGuard_Project_Master,,,,,,,,NO_TEMPORAL_DATA
24.72,93.14,LandslideGuard_Project_Master,,,,,,,,NO_TEMPORAL_DATA
24.72,93.14,LandslideGuard_Project_Master,,,,,,,,NO_TEMPORAL_DATA
24.72,93.18,LandslideGuard_Project_Master,,,,,,,,NO_TEMPORAL_DATA
24.72,93.18,LandslideGuard_Project_Master,,,,,,,,NO_TEMPORAL_DATA
24.72,93.18,LandslideGuard_Project_Master,,,,,,,,NO_TEMPORAL_DATA
24.72,93.18,LandslideGuard_Project_Master,,,,,,,,NO_TEMPORAL_DATA
24.73,93.19,LandslideGuard_Project_Master,,,,,,,,NO_TEMPORAL_DATA
24.73,93.18,LandslideGuard_Project_Master,,,,,,,,NO_TEMPORAL_DATA
24.73,93.18,LandslideGuard_Project_Master,,,,,,,,NO_TEMPORAL_DATA
24.73,93.18,LandslideGuard_Project_Master,,,,,,,,NO_TEMPORAL_DATA
24.73,93.17,LandslideGuard_Project_Master,,,,,,,,NO_TEMPORAL_DATA
24.73,93.15,LandslideGuard_Project_Master,,,,,,,,NO_TEMPORAL_DATA
24.74,93.15,LandslideGuard_Project_Master,,,,,,,,NO_TEMPORAL_DATA
24.74,93.15,LandslideGuard_Project_Master,,,,,,,,NO_TEMPORAL_DATA
24.74,93.15,LandslideGuard_Project_Master,,,,,,,,NO_TEMPORAL_DATA
24.74,93.16,LandslideGuard_Project_Master,,,,,,,,NO_TEMPORAL_DATA
24.74,93.12,LandslideGuard_Project_Master,,,,,,,,NO_TEMPORAL_DATA
24.645417,93.005361,LandslideGuard_Project_Master,,,2016.0,,,2016.0,,YEAR_ONLY
24.64,92.98,LandslideGuard_Project_Master,,,2019.0,,,2019.0,,YEAR_ONLY
24.53,93.07,LandslideGuard_Project_Master,,,,,,,,NO_TEMPORAL_DATA
24.53,93.08,LandslideGuard_Project_Master,,,,,,,,NO_TEMPORAL_DATA
24.52,93.1,LandslideGuard_Project_Master,,,,,,,,NO_TEMPORAL_DATA
24.52,93.1,LandslideGuard_Project_Master,,,,,,,,NO_TEMPORAL_DATA
24.52,93.09,LandslideGuard_Project_Master,,,,,,,,NO_TEMPORAL_DATA
24.52,93.09,LandslideGuard_Project_Master,,,,,,,,NO_TEMPORAL_DATA
24.52,93.09,LandslideGuard_Project_Master,,,,,,,,NO_TEMPORAL_DATA
24.52,93.09,LandslideGuard_Project_Master,,,,,,,,NO_TEMPORAL_DATA
24.52,93.09,LandslideGuard_Project_Master,,,2016.0,,,2016.0,,YEAR_ONLY
24.52,93.09,LandslideGuard_Project_Master,,,,,,,,NO_TEMPORAL_DATA
24.52,93.09,LandslideGuard_Project_Master,,,2016.0,,,2016.0,,YEAR_ONLY
24.52,93.08,LandslideGuard_Project_Master,,,,,,,,NO_TEMPORAL_DATA
24.52,93.07,LandslideGuard_Project_Master,,,,,,,,NO_TEMPORAL_DATA
24.56,92.94,LandslideGuard_Project_Master,,,,,,,,NO_TEMPORAL_DATA
24.5,93.12,LandslideGuard_Project_Master,,,2010.0,,,2010.0,,YEAR_ONLY
24.51,93.12,LandslideGuard_Project_Master,,,,,,,,NO_TEMPORAL_DATA
24.52,93.11,LandslideGuard_Project_Master,,,2016.0,,,2016.0,,YEAR_ONLY
24.52,93.11,LandslideGuard_Project_Master,,,,,,,,NO_TEMPORAL_DATA
24.54,93.11,LandslideGuard_Project_Master,,,,,,,,NO_TEMPORAL_DATA
24.36,93.27,LandslideGuard_Project_Master,,,,,,,,NO_TEMPORAL_DATA
24.35,93.28,LandslideGuard_Project_Master,,,,,,,,NO_TEMPORAL_DATA
24.37,93.26,LandslideGuard_Project_Master,,,,,,,,NO_TEMPORAL_DATA
24.32,93.28,LandslideGuard_Project_Master,,,,,,,,NO_TEMPORAL_DATA
24.21,93.28,LandslideGuard_Project_Master,,,,,,,,NO_TEMPORAL_DATA
24.2,93.22,LandslideGuard_Project_Master,,,,,,,,NO_TEMPORAL_DATA
24.21,93.21,LandslideGuard_Project_Master,,,,,,,,NO_TEMPORAL_DATA
24.21,93.21,LandslideGuard_Project_Master,,,,,,,,NO_TEMPORAL_DATA
24.21,93.21,LandslideGuard_Project_Master,,,,,,,,NO_TEMPORAL_DATA
24.22,93.2,LandslideGuard_Project_Master,,,,,,,,NO_TEMPORAL_DATA
24.27,93.18,LandslideGuard_Project_Master,,,,,,,,NO_TEMPORAL_DATA
24.24,93.18,LandslideGuard_Project_Master,,,,,,,,NO_TEMPORAL_DATA
24.24,93.19,LandslideGuard_Project_Master,,,,,,,,NO_TEMPORAL_DATA
24.24,93.19,LandslideGuard_Project_Master,,,,,,,,NO_TEMPORAL_DATA
24.23,93.19,LandslideGuard_Project_Master,,,,,,,,NO_TEMPORAL_DATA
24.27,93.11,LandslideGuard_Project_Master,,,,,,,,NO_TEMPORAL_DATA
24.28,93.11,LandslideGuard_Project_Master,,,,,,,,NO_TEMPORAL_DATA
24.28,93.11,LandslideGuard_Project_Master,,,,,,,,NO_TEMPORAL_DATA
24.29,93.12,LandslideGuard_Project_Master,,,,,,,,NO_TEMPORAL_DATA
24.29,93.12,LandslideGuard_Project_Master,,,,,,,,NO_TEMPORAL_DATA
24.29,93.11,LandslideGuard_Project_Master,,,,,,,,NO_TEMPORAL_DATA
24.31,93.12,LandslideGuard_Project_Master,,,,,,,,NO_TEMPORAL_DATA
24.31,93.12,LandslideGuard_Project_Master,,,,,,,,NO_TEMPORAL_DATA
24.31,93.13,LandslideGuard_Project_Master,,,,,,,,NO_TEMPORAL_DATA
24.32,93.14,LandslideGuard_Project_Master,,,,,,,,NO_TEMPORAL_DATA
24.32,93.14,LandslideGuard_Project_Master,,,,,,,,NO_TEMPORAL_DATA
24.28,93.18,LandslideGuard_Project_Master,,,,,,,,NO_TEMPORAL_DATA
24.31,93.18,LandslideGuard_Project_Master,,,,,,,,NO_TEMPORAL_DATA
24.32,93.16,LandslideGuard_Project_Master,,,,,,,,NO_TEMPORAL_DATA
24.32,93.15,LandslideGuard_Project_Master,,,,,,,,NO_TEMPORAL_DATA
24.32,93.15,LandslideGuard_Project_Master,,,,,,,,NO_TEMPORAL_DATA
24.33,93.15,LandslideGuard_Project_Master,,,,,,,,NO_TEMPORAL_DATA
24.33,93.15,LandslideGuard_Project_Master,,,,,,,,NO_TEMPORAL_DATA
24.33,93.15,LandslideGuard_Project_Master,,,,,,,,NO_TEMPORAL_DATA
24.33,93.16,LandslideGuard_Project_Master,,,,,,,,NO_TEMPORAL_DATA
24.29,92.95,LandslideGuard_Project_Master,,,2019.0,,,2019.0,,YEAR_ONLY
24.29,92.96,LandslideGuard_Project_Master,,,2019.0,,,2019.0,,YEAR_ONLY
24.233808,92.978777,LandslideGuard_Project_Master,,,,,,,,NO_TEMPORAL_DATA
24.26,92.96,LandslideGuard_Project_Master,,,2019.0,,,2019.0,,YEAR_ONLY
24.240415,92.941421,LandslideGuard_Project_Master,,,2016.0,,,2016.0,,YEAR_ONLY
24.246076,92.948994,LandslideGuard_Project_Master,,,,,,,,NO_TEMPORAL_DATA
24.242764,92.955406,LandslideGuard_Project_Master,,,,,,,,NO_TEMPORAL_DATA
24.248558,92.954177,LandslideGuard_Project_Master,,,2016.0,,,2016.0,,YEAR_ONLY
24.222837,92.952639,LandslideGuard_Project_Master,,,,,,,,NO_TEMPORAL_DATA
24.218066,92.951214,LandslideGuard_Project_Master,,,2016.0,,,2016.0,,YEAR_ONLY
24.198831,92.946348,LandslideGuard_Project_Master,,,2016.0,,,2016.0,,YEAR_ONLY
24.201154,92.944079,LandslideGuard_Project_Master,,,,,,,,NO_TEMPORAL_DATA
24.175865,92.945618,LandslideGuard_Project_Master,,,,,,,,NO_TEMPORAL_DATA
24.188702,92.943036,LandslideGuard_Project_Master,,,,,,,,NO_TEMPORAL_DATA
24.190711,92.943593,LandslideGuard_Project_Master,,,,,,,,NO_TEMPORAL_DATA
24.191114,92.943311,LandslideGuard_Project_Master,,,,,,,,NO_TEMPORAL_DATA
24.19265,92.944583,LandslideGuard_Project_Master,,,2016.0,,,2016.0,,YEAR_ONLY
24.192522,92.944635,LandslideGuard_Project_Master,,,2016.0,,,2016.0,,YEAR_ONLY
24.193682,92.946417,LandslideGuard_Project_Master,,,2016.0,,,2016.0,,YEAR_ONLY
24.194015,92.944562,LandslideGuard_Project_Master,,,,,,,,NO_TEMPORAL_DATA
24.197474,92.947295,LandslideGuard_Project_Master,,,2016.0,,,2016.0,,YEAR_ONLY
24.190369,92.94432,LandslideGuard_Project_Master,,,2016.0,,,2016.0,,YEAR_ONLY
24.183115,92.949989,LandslideGuard_Project_Master,,,,,,,,NO_TEMPORAL_DATA
24.182783,92.949911,LandslideGuard_Project_Master,,,,,,,,NO_TEMPORAL_DATA
24.182669,92.950748,LandslideGuard_Project_Master,,,,,,,,NO_TEMPORAL_DATA
24.184022,92.951257,LandslideGuard_Project_Master,,,,,,,,NO_TEMPORAL_DATA
24.194252,92.963806,LandslideGuard_Project_Master,,,,,,,,NO_TEMPORAL_DATA
24.200487,92.985172,LandslideGuard_Project_Master,,,,,,,,NO_TEMPORAL_DATA
24.200746,92.98517,LandslideGuard_Project_Master,,,,,,,,NO_TEMPORAL_DATA
24.199185,92.992094,LandslideGuard_Project_Master,,,,,,,,NO_TEMPORAL_DATA
24.199114,92.992916,LandslideGuard_Project_Master,,,2016.0,,,2016.0,,YEAR_ONLY
24.199201,92.993156,LandslideGuard_Project_Master,,,,,,,,NO_TEMPORAL_DATA
24.197817,92.993923,LandslideGuard_Project_Master,,,,,,,,NO_TEMPORAL_DATA
24.193061,92.992877,LandslideGuard_Project_Master,,,,,,,,NO_TEMPORAL_DATA
24.26,93.1,LandslideGuard_Project_Master,,,,,,,,NO_TEMPORAL_DATA
24.26,93.1,LandslideGuard_Project_Master,,,,,,,,NO_TEMPORAL_DATA
24.24,93.1,LandslideGuard_Project_Master,,,,,,,,NO_TEMPORAL_DATA
24.24,93.1,LandslideGuard_Project_Master,,,,,,,,NO_TEMPORAL_DATA
24.23,93.08,LandslideGuard_Project_Master,,,,,,,,NO_TEMPORAL_DATA
24.23,93.08,LandslideGuard_Project_Master,,,,,,,,NO_TEMPORAL_DATA
24.23,93.08,LandslideGuard_Project_Master,,,,,,,,NO_TEMPORAL_DATA
24.23,93.09,LandslideGuard_Project_Master,,,,,,,,NO_TEMPORAL_DATA
24.100401,92.915441,LandslideGuard_Project_Master,,,,,,,,NO_TEMPORAL_DATA
24.099117,92.916676,LandslideGuard_Project_Master,,,2016.0,,,2016.0,,YEAR_ONLY
24.097858,92.918738,LandslideGuard_Project_Master,,,2016.0,,,2016.0,,YEAR_ONLY
24.094248,92.917745,LandslideGuard_Project_Master,,,2016.0,,,2016.0,,YEAR_ONLY
24.07462,92.91518,LandslideGuard_Project_Master,,,2016.0,,,2016.0,,YEAR_ONLY
24.069401,92.91857,LandslideGuard_Project_Master,,,2016.0,,,2016.0,,YEAR_ONLY
24.069857,92.918457,LandslideGuard_Project_Master,,,,,,,,NO_TEMPORAL_DATA
24.069728,92.918457,LandslideGuard_Project_Master,,,2016.0,,,2016.0,,YEAR_ONLY
24.062429,92.922576,LandslideGuard_Project_Master,,,2016.0,,,2016.0,,YEAR_ONLY
24.061004,92.925342,LandslideGuard_Project_Master,,,2016.0,,,2016.0,,YEAR_ONLY
24.056205,92.916817,LandslideGuard_Project_Master,,,,,,,,NO_TEMPORAL_DATA
24.037574,92.922489,LandslideGuard_Project_Master,,,2016.0,,,2016.0,,YEAR_ONLY
24.037336,92.922455,LandslideGuard_Project_Master,,,2016.0,,,2016.0,,YEAR_ONLY
24.037395,92.922461,LandslideGuard_Project_Master,,,,,,,,NO_TEMPORAL_DATA
24.025506,92.915628,LandslideGuard_Project_Master,,,2016.0,,,2016.0,,YEAR_ONLY
24.025542,92.91546,LandslideGuard_Project_Master,,,,,,,,NO_TEMPORAL_DATA
24.014332,92.924018,LandslideGuard_Project_Master,,,,,,,,NO_TEMPORAL_DATA
24.013044,92.920237,LandslideGuard_Project_Master,,,,,,,,NO_TEMPORAL_DATA
23.970444,92.927167,LandslideGuard_Project_Master,,,2016.0,,,2016.0,,YEAR_ONLY
23.993778,93.004524,LandslideGuard_Project_Master,,,,,,,,NO_TEMPORAL_DATA
23.972027,93.014893,LandslideGuard_Project_Master,,,,,,,,NO_TEMPORAL_DATA
23.982639,93.011055,LandslideGuard_Project_Master,,,,,,,,NO_TEMPORAL_DATA
23.990028,93.010582,LandslideGuard_Project_Master,,,,,,,,NO_TEMPORAL_DATA
23.983694,93.044418,LandslideGuard_Project_Master,,,,,,,,NO_TEMPORAL_DATA
23.992805,93.043251,LandslideGuard_Project_Master,,,,,,,,NO_TEMPORAL_DATA
24.001167,93.037613,LandslideGuard_Project_Master,,,,,,,,NO_TEMPORAL_DATA
24.012472,93.047249,LandslideGuard_Project_Master,,,,,,,,NO_TEMPORAL_DATA
24.046499,93.04422,LandslideGuard_Project_Master,,,,,,,,NO_TEMPORAL_DATA
24.043417,93.066307,LandslideGuard_Project_Master,,,,,,,,NO_TEMPORAL_DATA
24.047916,93.056946,LandslideGuard_Project_Master,,,,,,,,NO_TEMPORAL_DATA
24.048695,93.061638,LandslideGuard_Project_Master,,,,,,,,NO_TEMPORAL_DATA
24.040972,93.078697,LandslideGuard_Project_Master,,,,,,,,NO_TEMPORAL_DATA
24.019306,93.181274,LandslideGuard_Project_Master,,,,,,,,NO_TEMPORAL_DATA
24.038279,93.140945,LandslideGuard_Project_Master,,,,,,,,NO_TEMPORAL_DATA
24.1,93.28,LandslideGuard_Project_Master,,,,,,,,NO_TEMPORAL_DATA
24.06,93.28,LandslideGuard_Project_Master,,,,,,,,NO_TEMPORAL_DATA
24.023861,93.248192,LandslideGuard_Project_Master,,,,,,,,NO_TEMPORAL_DATA
24.02025,93.243973,LandslideGuard_Project_Master,,,,,,,,NO_TEMPORAL_DATA
24.026138,93.240166,LandslideGuard_Project_Master,,,,,,,,NO_TEMPORAL_DATA
24.023945,93.195663,LandslideGuard_Project_Master,,,,,,,,NO_TEMPORAL_DATA
24.023916,93.194336,LandslideGuard_Project_Master,,,,,,,,NO_TEMPORAL_DATA
24.039833,93.232864,LandslideGuard_Project_Master,,,,,,,,NO_TEMPORAL_DATA
23.981083,93.287392,LandslideGuard_Project_Master,,,,,,,,NO_TEMPORAL_DATA
23.980749,93.28653,LandslideGuard_Project_Master,,,,,,,,NO_TEMPORAL_DATA
24.003889,93.323502,LandslideGuard_Project_Master,,,,,,,,NO_TEMPORAL_DATA
24.000334,93.300278,LandslideGuard_Project_Master,,,,,,,,NO_TEMPORAL_DATA
23.999111,93.285309,LandslideGuard_Project_Master,,,,,,,,NO_TEMPORAL_DATA
24.14,93.47,LandslideGuard_Project_Master,,,,,,,,NO_TEMPORAL_DATA
24.14,93.47,LandslideGuard_Project_Master,,,,,,,,NO_TEMPORAL_DATA
24.14,93.47,LandslideGuard_Project_Master,,,,,,,,NO_TEMPORAL_DATA
24.14,93.45,LandslideGuard_Project_Master,,,,,,,,NO_TEMPORAL_DATA
24.14,93.42,LandslideGuard_Project_Master,,,,,,,,NO_TEMPORAL_DATA
24.14,93.38,LandslideGuard_Project_Master,,,,,,,,NO_TEMPORAL_DATA
24.11,93.32,LandslideGuard_Project_Master,,,,,,,,NO_TEMPORAL_DATA
24.1,93.29,LandslideGuard_Project_Master,,,,,,,,NO_TEMPORAL_DATA
24.12,93.29,LandslideGuard_Project_Master,,,,,,,,NO_TEMPORAL_DATA
24.13,93.29,LandslideGuard_Project_Master,,,,,,,,NO_TEMPORAL_DATA
24.13,93.29,LandslideGuard_Project_Master,,,,,,,,NO_TEMPORAL_DATA
24.16,93.31,LandslideGuard_Project_Master,,,,,,,,NO_TEMPORAL_DATA
24.17,93.3,LandslideGuard_Project_Master,,,,,,,,NO_TEMPORAL_DATA
24.15,93.3,LandslideGuard_Project_Master,,,,,,,,NO_TEMPORAL_DATA
24.15,93.3,LandslideGuard_Project_Master,,,,,,,,NO_TEMPORAL_DATA
24.15,93.3,LandslideGuard_Project_Master,,,,,,,,NO_TEMPORAL_DATA
24.16,93.3,LandslideGuard_Project_Master,,,,,,,,NO_TEMPORAL_DATA
24.21,93.29,LandslideGuard_Project_Master,,,,,,,,NO_TEMPORAL_DATA
24.22,93.3,LandslideGuard_Project_Master,,,,,,,,NO_TEMPORAL_DATA
24.22,93.3,LandslideGuard_Project_Master,,,,,,,,NO_TEMPORAL_DATA
24.21,93.3,LandslideGuard_Project_Master,,,,,,,,NO_TEMPORAL_DATA
24.33,93.3,LandslideGuard_Project_Master,,,,,,,,NO_TEMPORAL_DATA
24.34,93.32,LandslideGuard_Project_Master,,,,,,,,NO_TEMPORAL_DATA
24.34,93.31,LandslideGuard_Project_Master,,,,,,,,NO_TEMPORAL_DATA
24.32,93.36,LandslideGuard_Project_Master,,,,,,,,NO_TEMPORAL_DATA
24.19,93.4,LandslideGuard_Project_Master,,,,,,,,NO_TEMPORAL_DATA
24.18,93.56,LandslideGuard_Project_Master,,,,,,,,NO_TEMPORAL_DATA
24.2,93.53,LandslideGuard_Project_Master,,,,,,,,NO_TEMPORAL_DATA
24.37,93.5,LandslideGuard_Project_Master,,,,,,,,NO_TEMPORAL_DATA
24.35,93.51,LandslideGuard_Project_Master,,,,,,,,NO_TEMPORAL_DATA
24.35,93.51,LandslideGuard_Project_Master,,,,,,,,NO_TEMPORAL_DATA
24.33,93.53,LandslideGuard_Project_Master,,,,,,,,NO_TEMPORAL_DATA
24.35,93.53,LandslideGuard_Project_Master,,,,,,,,NO_TEMPORAL_DATA
24.37,93.52,LandslideGuard_Project_Master,,,,,,,,NO_TEMPORAL_DATA
24.36,93.54,LandslideGuard_Project_Master,,,,,,,,NO_TEMPORAL_DATA
24.36,93.54,LandslideGuard_Project_Master,,,,,,,,NO_TEMPORAL_DATA
24.35,93.54,LandslideGuard_Project_Master,,,,,,,,NO_TEMPORAL_DATA
24.33,93.55,LandslideGuard_Project_Master,,,,,,,,NO_TEMPORAL_DATA
24.33,93.55,LandslideGuard_Project_Master,,,,,,,,NO_TEMPORAL_DATA
24.34,93.62,LandslideGuard_Project_Master,,,,,,,,NO_TEMPORAL_DATA
24.36,93.65,LandslideGuard_Project_Master,,,,,,,,NO_TEMPORAL_DATA
24.18,93.59,LandslideGuard_Project_Master,,,,,,,,NO_TEMPORAL_DATA
24.18,93.6,LandslideGuard_Project_Master,,,,,,,,NO_TEMPORAL_DATA
24.18,93.6,LandslideGuard_Project_Master,,,,,,,,NO_TEMPORAL_DATA
24.1,93.57,LandslideGuard_Project_Master,,,,,,,,NO_TEMPORAL_DATA
24.1,93.57,LandslideGuard_Project_Master,,,,,,,,NO_TEMPORAL_DATA
24.11,93.58,LandslideGuard_Project_Master,,,,,,,,NO_TEMPORAL_DATA
24.12,93.58,LandslideGuard_Project_Master,,,,,,,,NO_TEMPORAL_DATA
24.12,93.58,LandslideGuard_Project_Master,,,,,,,,NO_TEMPORAL_DATA
24.14,93.57,LandslideGuard_Project_Master,,,,,,,,NO_TEMPORAL_DATA
24.14,93.57,LandslideGuard_Project_Master,,,,,,,,NO_TEMPORAL_DATA
24.17,93.59,LandslideGuard_Project_Master,,,,,,,,NO_TEMPORAL_DATA
24.17,93.58,LandslideGuard_Project_Master,,,,,,,,NO_TEMPORAL_DATA
24.17,93.58,LandslideGuard_Project_Master,,,,,,,,NO_TEMPORAL_DATA
24.17,93.58,LandslideGuard_Project_Master,,,,,,,,NO_TEMPORAL_DATA
24.17,93.58,LandslideGuard_Project_Master,,,,,,,,NO_TEMPORAL_DATA
24.17,93.58,LandslideGuard_Project_Master,,,,,,,,NO_TEMPORAL_DATA
24.17,93.58,LandslideGuard_Project_Master,,,,,,,,NO_TEMPORAL_DATA
24.17,93.58,LandslideGuard_Project_Master,,,,,,,,NO_TEMPORAL_DATA
24.17,93.58,LandslideGuard_Project_Master,,,,,,,,NO_TEMPORAL_DATA
24.15,93.58,LandslideGuard_Project_Master,,,,,,,,NO_TEMPORAL_DATA
24.15,93.58,LandslideGuard_Project_Master,,,,,,,,NO_TEMPORAL_DATA
24.15,93.58,LandslideGuard_Project_Master,,,,,,,,NO_TEMPORAL_DATA
24.15,93.55,LandslideGuard_Project_Master,,,,,,,,NO_TEMPORAL_DATA
24.13,93.48,LandslideGuard_Project_Master,,,,,,,,NO_TEMPORAL_DATA
24.13,93.48,LandslideGuard_Project_Master,,,,,,,,NO_TEMPORAL_DATA
24.13,93.48,LandslideGuard_Project_Master,,,,,,,,NO_TEMPORAL_DATA
24.1,93.51,LandslideGuard_Project_Master,,,,,,,,NO_TEMPORAL_DATA
24.1,93.5,LandslideGuard_Project_Master,,,,,,,,NO_TEMPORAL_DATA
24.11,93.52,LandslideGuard_Project_Master,,,,,,,,NO_TEMPORAL_DATA
24.11,93.53,LandslideGuard_Project_Master,,,,,,,,NO_TEMPORAL_DATA
24.0,93.55,LandslideGuard_Project_Master,,,,,,,,NO_TEMPORAL_DATA
24.0,93.55,LandslideGuard_Project_Master,,,,,,,,NO_TEMPORAL_DATA
24.0,93.55,LandslideGuard_Project_Master,,,,,,,,NO_TEMPORAL_DATA
24.01,93.55,LandslideGuard_Project_Master,,,,,,,,NO_TEMPORAL_DATA
24.02,93.56,LandslideGuard_Project_Master,,,,,,,,NO_TEMPORAL_DATA
24.02,93.56,LandslideGuard_Project_Master,,,,,,,,NO_TEMPORAL_DATA
24.0,93.56,LandslideGuard_Project_Master,,,,,,,,NO_TEMPORAL_DATA
23.99,93.55,LandslideGuard_Project_Master,,,,,,,,NO_TEMPORAL_DATA
23.98,93.55,LandslideGuard_Project_Master,,,,,,,,NO_TEMPORAL_DATA
23.98,93.55,LandslideGuard_Project_Master,,,,,,,,NO_TEMPORAL_DATA
24.02,93.57,LandslideGuard_Project_Master,,,,,,,,NO_TEMPORAL_DATA
24.03,93.57,LandslideGuard_Project_Master,,,,,,,,NO_TEMPORAL_DATA
24.03,93.57,LandslideGuard_Project_Master,,,,,,,,NO_TEMPORAL_DATA
24.05,93.57,LandslideGuard_Project_Master,,,,,,,,NO_TEMPORAL_DATA
24.06,93.57,LandslideGuard_Project_Master,,,,,,,,NO_TEMPORAL_DATA
23.935917,93.345642,LandslideGuard_Project_Master,,,,,,,,NO_TEMPORAL_DATA
23.935917,93.345642,LandslideGuard_Project_Master,,,,,,,,NO_TEMPORAL_DATA
23.936806,93.340668,LandslideGuard_Project_Master,,,,,,,,NO_TEMPORAL_DATA
23.945055,93.313698,LandslideGuard_Project_Master,,,,,,,,NO_TEMPORAL_DATA
23.87211,93.335999,LandslideGuard_Project_Master,,,,,,,,NO_TEMPORAL_DATA
23.870445,93.353859,LandslideGuard_Project_Master,,,,,,,,NO_TEMPORAL_DATA
23.861805,93.364944,LandslideGuard_Project_Master,,,,,,,,NO_TEMPORAL_DATA
23.846056,93.371971,LandslideGuard_Project_Master,,,,,,,,NO_TEMPORAL_DATA
23.842167,93.373917,LandslideGuard_Project_Master,,,,,,,,NO_TEMPORAL_DATA
23.836056,93.37664,LandslideGuard_Project_Master,,,,,,,,NO_TEMPORAL_DATA
23.833166,93.305275,LandslideGuard_Project_Master,,,,,,,,NO_TEMPORAL_DATA
23.832916,93.301888,LandslideGuard_Project_Master,,,,,,,,NO_TEMPORAL_DATA
23.832916,93.301888,LandslideGuard_Project_Master,,,,,,,,NO_TEMPORAL_DATA
23.788666,93.386139,LandslideGuard_Project_Master,,,,,,,,NO_TEMPORAL_DATA
23.78775,93.386887,LandslideGuard_Project_Master,,,,,,,,NO_TEMPORAL_DATA
23.790138,93.394447,LandslideGuard_Project_Master,,,,,,,,NO_TEMPORAL_DATA
23.795778,93.38797,LandslideGuard_Project_Master,,,,,,,,NO_TEMPORAL_DATA
23.793417,93.387474,LandslideGuard_Project_Master,,,,,,,,NO_TEMPORAL_DATA
23.79125,93.384583,LandslideGuard_Project_Master,,,,,,,,NO_TEMPORAL_DATA
23.810806,93.379028,LandslideGuard_Project_Master,,,,,,,,NO_TEMPORAL_DATA
23.742696,93.378058,LandslideGuard_Project_Master,,,,,,,,NO_TEMPORAL_DATA
23.747111,93.378258,LandslideGuard_Project_Master,,,,,,,,NO_TEMPORAL_DATA
23.753222,93.377281,LandslideGuard_Project_Master,,,,,,,,NO_TEMPORAL_DATA
23.747943,93.374597,LandslideGuard_Project_Master,,,,,,,,NO_TEMPORAL_DATA
23.746832,93.377656,LandslideGuard_Project_Master,,,,,,,,NO_TEMPORAL_DATA
23.741851,93.377004,LandslideGuard_Project_Master,,,,,,,,NO_TEMPORAL_DATA
23.666608,93.350691,LandslideGuard_Project_Master,,,,,,,,NO_TEMPORAL_DATA
23.672022,93.349595,LandslideGuard_Project_Master,,,,,,,,NO_TEMPORAL_DATA
23.673104,93.349412,LandslideGuard_Project_Master,,,,,,,,NO_TEMPORAL_DATA
23.682274,93.350321,LandslideGuard_Project_Master,,,,,,,,NO_TEMPORAL_DATA
23.619791,93.33801,LandslideGuard_Project_Master,,,,,,,,NO_TEMPORAL_DATA
23.618316,93.342403,LandslideGuard_Project_Master,,,,,,,,NO_TEMPORAL_DATA
23.640448,93.343559,LandslideGuard_Project_Master,,,,,,,,NO_TEMPORAL_DATA
23.657642,93.349683,LandslideGuard_Project_Master,,,,,,,,NO_TEMPORAL_DATA
23.659891,93.349052,LandslideGuard_Project_Master,,,,,,,,NO_TEMPORAL_DATA
23.640073,93.315306,LandslideGuard_Project_Master,,,,,,,,NO_TEMPORAL_DATA
23.660361,93.285548,LandslideGuard_Project_Master,,,,,,,,NO_TEMPORAL_DATA
23.657018,93.286924,LandslideGuard_Project_Master,,,,,,,,NO_TEMPORAL_DATA
23.654025,93.287022,LandslideGuard_Project_Master,,,,,,,,NO_TEMPORAL_DATA
23.648967,93.291988,LandslideGuard_Project_Master,,,,,,,,NO_TEMPORAL_DATA
23.647667,93.299727,LandslideGuard_Project_Master,,,,,,,,NO_TEMPORAL_DATA
23.647375,93.303415,LandslideGuard_Project_Master,,,,,,,,NO_TEMPORAL_DATA
23.647342,93.303877,LandslideGuard_Project_Master,,,,,,,,NO_TEMPORAL_DATA
23.607873,93.351351,LandslideGuard_Project_Master,,,,,,,,NO_TEMPORAL_DATA
23.603629,93.355925,LandslideGuard_Project_Master,,,,,,,,NO_TEMPORAL_DATA
23.206,93.329028,LandslideGuard_Project_Master,,,,,,,,NO_TEMPORAL_DATA
23.237767,93.308461,LandslideGuard_Project_Master,,,,,,,,NO_TEMPORAL_DATA
23.261944,93.295194,LandslideGuard_Project_Master,,,,,,,,NO_TEMPORAL_DATA
23.270139,93.293333,LandslideGuard_Project_Master,,,,,,,,NO_TEMPORAL_DATA
23.30622,93.294554,LandslideGuard_Project_Master,,,,,,,,NO_TEMPORAL_DATA
23.306444,93.303889,LandslideGuard_Project_Master,,,,,,,,NO_TEMPORAL_DATA
23.304833,93.306778,LandslideGuard_Project_Master,,,,,,,,NO_TEMPORAL_DATA
23.303412,93.31066,LandslideGuard_Project_Master,,,,,,,,NO_TEMPORAL_DATA
23.305111,93.311528,LandslideGuard_Project_Master,,,,,,,,NO_TEMPORAL_DATA
23.306444,93.311639,LandslideGuard_Project_Master,,,,,,,,NO_TEMPORAL_DATA
23.303639,93.311361,LandslideGuard_Project_Master,,,,,,,,NO_TEMPORAL_DATA
23.304778,93.329472,LandslideGuard_Project_Master,,,,,,,,NO_TEMPORAL_DATA
23.301117,93.330175,LandslideGuard_Project_Master,,,,,,,,NO_TEMPORAL_DATA
23.26125,93.337222,LandslideGuard_Project_Master,,,,,,,,NO_TEMPORAL_DATA
23.262222,93.337667,LandslideGuard_Project_Master,,,,,,,,NO_TEMPORAL_DATA
23.297894,93.332441,LandslideGuard_Project_Master,,,,,,,,NO_TEMPORAL_DATA
23.296,93.340556,LandslideGuard_Project_Master,,,,,,,,NO_TEMPORAL_DATA
23.339889,93.357889,LandslideGuard_Project_Master,,,,,,,,NO_TEMPORAL_DATA
23.336425,93.361493,LandslideGuard_Project_Master,,,,,,,,NO_TEMPORAL_DATA
23.311082,93.323501,LandslideGuard_Project_Master,,,,,,,,NO_TEMPORAL_DATA
23.312747,93.314456,LandslideGuard_Project_Master,,,,,,,,NO_TEMPORAL_DATA
23.310611,93.312,LandslideGuard_Project_Master,,,,,,,,NO_TEMPORAL_DATA
23.311604,93.313134,LandslideGuard_Project_Master,,,,,,,,NO_TEMPORAL_DATA
23.307833,93.311672,LandslideGuard_Project_Master,,,,,,,,NO_TEMPORAL_DATA
23.310167,93.311889,LandslideGuard_Project_Master,,,,,,,,NO_TEMPORAL_DATA
23.320197,93.285718,LandslideGuard_Project_Master,,,,,,,,NO_TEMPORAL_DATA
23.351115,93.296893,LandslideGuard_Project_Master,,,,,,,,NO_TEMPORAL_DATA
23.35691,93.301356,LandslideGuard_Project_Master,,,,,,,,NO_TEMPORAL_DATA
23.354778,93.300556,LandslideGuard_Project_Master,,,,,,,,NO_TEMPORAL_DATA
23.353111,93.299361,LandslideGuard_Project_Master,,,,,,,,NO_TEMPORAL_DATA
23.350776,93.296677,LandslideGuard_Project_Master,,,,,,,,NO_TEMPORAL_DATA
23.369857,93.296657,LandslideGuard_Project_Master,,,,,,,,NO_TEMPORAL_DATA
23.361979,93.299909,LandslideGuard_Project_Master,,,,,,,,NO_TEMPORAL_DATA
23.359579,93.298884,LandslideGuard_Project_Master,,,,,,,,NO_TEMPORAL_DATA
23.388162,93.312962,LandslideGuard_Project_Master,,,,,,,,NO_TEMPORAL_DATA
23.390204,93.311043,LandslideGuard_Project_Master,,,,,,,,NO_TEMPORAL_DATA
23.393889,93.309244,LandslideGuard_Project_Master,,,,,,,,NO_TEMPORAL_DATA
23.407528,93.318111,LandslideGuard_Project_Master,,,,,,,,NO_TEMPORAL_DATA
23.404207,93.318763,LandslideGuard_Project_Master,,,,,,,,NO_TEMPORAL_DATA
23.459039,93.324774,LandslideGuard_Project_Master,,,,,,,,NO_TEMPORAL_DATA
23.4195,93.331917,LandslideGuard_Project_Master,,,,,,,,NO_TEMPORAL_DATA
23.419417,93.333333,LandslideGuard_Project_Master,,,,,,,,NO_TEMPORAL_DATA
23.412845,93.33833,LandslideGuard_Project_Master,,,,,,,,NO_TEMPORAL_DATA
23.410218,93.343897,LandslideGuard_Project_Master,,,,,,,,NO_TEMPORAL_DATA
23.411417,93.343361,LandslideGuard_Project_Master,,,,,,,,NO_TEMPORAL_DATA
23.431639,93.33925,LandslideGuard_Project_Master,,,,,,,,NO_TEMPORAL_DATA
23.43179,93.339128,LandslideGuard_Project_Master,,,,,,,,NO_TEMPORAL_DATA
23.428061,93.339182,LandslideGuard_Project_Master,,,,,,,,NO_TEMPORAL_DATA
23.427611,93.336861,LandslideGuard_Project_Master,,,,,,,,NO_TEMPORAL_DATA
23.427713,93.33564,LandslideGuard_Project_Master,,,,,,,,NO_TEMPORAL_DATA
23.427418,93.335544,LandslideGuard_Project_Master,,,,,,,,NO_TEMPORAL_DATA
23.455367,93.362276,LandslideGuard_Project_Master,,,,,,,,NO_TEMPORAL_DATA
23.396738,93.368237,LandslideGuard_Project_Master,,,,,,,,NO_TEMPORAL_DATA
23.395159,93.374335,LandslideGuard_Project_Master,,,,,,,,NO_TEMPORAL_DATA
23.394333,93.374861,LandslideGuard_Project_Master,,,,,,,,NO_TEMPORAL_DATA
23.392598,93.375863,LandslideGuard_Project_Master,,,,,,,,NO_TEMPORAL_DATA
23.391983,93.376078,LandslideGuard_Project_Master,,,,,,,,NO_TEMPORAL_DATA
23.391352,93.376359,LandslideGuard_Project_Master,,,,,,,,NO_TEMPORAL_DATA
23.395474,93.370459,LandslideGuard_Project_Master,,,,,,,,NO_TEMPORAL_DATA
23.395375,93.369426,LandslideGuard_Project_Master,,,,,,,,NO_TEMPORAL_DATA
23.40555,93.360549,LandslideGuard_Project_Master,,,,,,,,NO_TEMPORAL_DATA
23.408528,93.361278,LandslideGuard_Project_Master,,,,,,,,NO_TEMPORAL_DATA
23.406236,93.356052,LandslideGuard_Project_Master,,,,,,,,NO_TEMPORAL_DATA
23.36545,93.377907,LandslideGuard_Project_Master,,,,,,,,NO_TEMPORAL_DATA
23.366333,93.380028,LandslideGuard_Project_Master,,,,,,,,NO_TEMPORAL_DATA
23.366694,93.380139,LandslideGuard_Project_Master,,,,,,,,NO_TEMPORAL_DATA
23.367333,93.380083,LandslideGuard_Project_Master,,,,,,,,NO_TEMPORAL_DATA
23.368361,93.379667,LandslideGuard_Project_Master,,,,,,,,NO_TEMPORAL_DATA
23.368386,93.380632,LandslideGuard_Project_Master,,,,,,,,NO_TEMPORAL_DATA
23.367806,93.381139,LandslideGuard_Project_Master,,,,,,,,NO_TEMPORAL_DATA
23.382417,93.384944,LandslideGuard_Project_Master,,,,,,,,NO_TEMPORAL_DATA
23.379469,93.385565,LandslideGuard_Project_Master,,,,,,,,NO_TEMPORAL_DATA
23.379812,93.384813,LandslideGuard_Project_Master,,,,,,,,NO_TEMPORAL_DATA
23.375634,93.384499,LandslideGuard_Project_Master,,,,,,,,NO_TEMPORAL_DATA
23.376472,93.384778,LandslideGuard_Project_Master,,,,,,,,NO_TEMPORAL_DATA
23.3765,93.384861,LandslideGuard_Project_Master,,,,,,,,NO_TEMPORAL_DATA
23.375972,93.384639,LandslideGuard_Project_Master,,,,,,,,NO_TEMPORAL_DATA
23.373849,93.383061,LandslideGuard_Project_Master,,,,,,,,NO_TEMPORAL_DATA
23.379732,93.383565,LandslideGuard_Project_Master,,,,,,,,NO_TEMPORAL_DATA
23.394732,93.381271,LandslideGuard_Project_Master,,,,,,,,NO_TEMPORAL_DATA
23.393194,93.378917,LandslideGuard_Project_Master,,,,,,,,NO_TEMPORAL_DATA
23.397861,93.3845,LandslideGuard_Project_Master,,,,,,,,NO_TEMPORAL_DATA
23.397884,93.384281,LandslideGuard_Project_Master,,,,,,,,NO_TEMPORAL_DATA
23.397417,93.385722,LandslideGuard_Project_Master,,,,,,,,NO_TEMPORAL_DATA
23.541929,93.382376,LandslideGuard_Project_Master,,,,,,,,NO_TEMPORAL_DATA
23.540457,93.379051,LandslideGuard_Project_Master,,,,,,,,NO_TEMPORAL_DATA
23.546627,93.381058,LandslideGuard_Project_Master,,,,,,,,NO_TEMPORAL_DATA
23.54294,93.384772,LandslideGuard_Project_Master,,,,,,,,NO_TEMPORAL_DATA
23.512147,93.359164,LandslideGuard_Project_Master,,,,,,,,NO_TEMPORAL_DATA
23.518162,93.366956,LandslideGuard_Project_Master,,,,,,,,NO_TEMPORAL_DATA
23.514479,93.369982,LandslideGuard_Project_Master,,,,,,,,NO_TEMPORAL_DATA
23.5087,93.360825,LandslideGuard_Project_Master,,,,,,,,NO_TEMPORAL_DATA
23.510275,93.360333,LandslideGuard_Project_Master,,,,,,,,NO_TEMPORAL_DATA
23.476989,93.377213,LandslideGuard_Project_Master,,,,,,,,NO_TEMPORAL_DATA
23.490702,93.33685,LandslideGuard_Project_Master,,,,,,,,NO_TEMPORAL_DATA
23.498889,93.311889,LandslideGuard_Project_Master,,,,,,,,NO_TEMPORAL_DATA
23.496347,93.310454,LandslideGuard_Project_Master,,,,,,,,NO_TEMPORAL_DATA
23.474472,93.322667,LandslideGuard_Project_Master,,,,,,,,NO_TEMPORAL_DATA
23.461111,93.320472,LandslideGuard_Project_Master,,,,,,,,NO_TEMPORAL_DATA
23.469833,93.314889,LandslideGuard_Project_Master,,,,,,,,NO_TEMPORAL_DATA
23.467005,93.315107,LandslideGuard_Project_Master,,,,,,,,NO_TEMPORAL_DATA
23.462667,93.317472,LandslideGuard_Project_Master,,,,,,,,NO_TEMPORAL_DATA
23.462667,93.317472,LandslideGuard_Project_Master,,,,,,,,NO_TEMPORAL_DATA
23.466139,93.312778,LandslideGuard_Project_Master,,,,,,,,NO_TEMPORAL_DATA
23.466951,93.311834,LandslideGuard_Project_Master,,,,,,,,NO_TEMPORAL_DATA
23.46718,93.311778,LandslideGuard_Project_Master,,,,,,,,NO_TEMPORAL_DATA
23.467715,93.313017,LandslideGuard_Project_Master,,,,,,,,NO_TEMPORAL_DATA
23.477806,93.310111,LandslideGuard_Project_Master,,,,,,,,NO_TEMPORAL_DATA
23.478556,93.311722,LandslideGuard_Project_Master,,,,,,,,NO_TEMPORAL_DATA
23.475522,93.313978,LandslideGuard_Project_Master,,,,,,,,NO_TEMPORAL_DATA
23.473662,93.312845,LandslideGuard_Project_Master,,,,,,,,NO_TEMPORAL_DATA
23.474639,93.314167,LandslideGuard_Project_Master,,,,,,,,NO_TEMPORAL_DATA
23.482322,93.310052,LandslideGuard_Project_Master,,,,,,,,NO_TEMPORAL_DATA
23.468361,93.304222,LandslideGuard_Project_Master,,,,,,,,NO_TEMPORAL_DATA
23.470917,93.296417,LandslideGuard_Project_Master,,,,,,,,NO_TEMPORAL_DATA
23.555929,93.295668,LandslideGuard_Project_Master,,,,,,,,NO_TEMPORAL_DATA
23.484639,93.278222,LandslideGuard_Project_Master,,,,,,,,NO_TEMPORAL_DATA
23.485194,93.274236,LandslideGuard_Project_Master,,,,,,,,NO_TEMPORAL_DATA
23.468389,93.27075,LandslideGuard_Project_Master,,,,,,,,NO_TEMPORAL_DATA
23.468508,93.270788,LandslideGuard_Project_Master,,,,,,,,NO_TEMPORAL_DATA
23.46925,93.273139,LandslideGuard_Project_Master,,,,,,,,NO_TEMPORAL_DATA
23.46243,93.262259,LandslideGuard_Project_Master,,,,,,,,NO_TEMPORAL_DATA
23.470329,93.26728,LandslideGuard_Project_Master,,,,,,,,NO_TEMPORAL_DATA
23.467623,93.250867,LandslideGuard_Project_Master,,,,,,,,NO_TEMPORAL_DATA
23.467679,93.250636,LandslideGuard_Project_Master,,,,,,,,NO_TEMPORAL_DATA
23.469712,93.248874,LandslideGuard_Project_Master,,,,,,,,NO_TEMPORAL_DATA
23.471889,93.246333,LandslideGuard_Project_Master,,,,,,,,NO_TEMPORAL_DATA
23.470722,93.246639,LandslideGuard_Project_Master,,,,,,,,NO_TEMPORAL_DATA
23.473778,93.239194,LandslideGuard_Project_Master,,,,,,,,NO_TEMPORAL_DATA
23.475139,93.241028,LandslideGuard_Project_Master,,,,,,,,NO_TEMPORAL_DATA
23.474528,93.241611,LandslideGuard_Project_Master,,,,,,,,NO_TEMPORAL_DATA
23.474611,93.241556,LandslideGuard_Project_Master,,,,,,,,NO_TEMPORAL_DATA
23.473258,93.241869,LandslideGuard_Project_Master,,,,,,,,NO_TEMPORAL_DATA
23.473611,93.243069,LandslideGuard_Project_Master,,,,,,,,NO_TEMPORAL_DATA
23.474833,93.229,LandslideGuard_Project_Master,,,,,,,,NO_TEMPORAL_DATA
23.474194,93.229667,LandslideGuard_Project_Master,,,,,,,,NO_TEMPORAL_DATA
23.477778,93.236333,LandslideGuard_Project_Master,,,,,,,,NO_TEMPORAL_DATA
23.477806,93.236611,LandslideGuard_Project_Master,,,,,,,,NO_TEMPORAL_DATA
23.476694,93.238556,LandslideGuard_Project_Master,,,,,,,,NO_TEMPORAL_DATA
23.473361,93.222167,LandslideGuard_Project_Master,,,,,,,,NO_TEMPORAL_DATA
23.474056,93.225889,LandslideGuard_Project_Master,,,,,,,,NO_TEMPORAL_DATA
23.479667,93.225722,LandslideGuard_Project_Master,,,,,,,,NO_TEMPORAL_DATA
23.481881,93.214835,LandslideGuard_Project_Master,,,,,,,,NO_TEMPORAL_DATA
23.48375,93.212611,LandslideGuard_Project_Master,,,,,,,,NO_TEMPORAL_DATA
23.461083,93.205278,LandslideGuard_Project_Master,,,,,,,,NO_TEMPORAL_DATA
23.487306,93.192778,LandslideGuard_Project_Master,,,,,,,,NO_TEMPORAL_DATA
23.487813,93.20758,LandslideGuard_Project_Master,,,,,,,,NO_TEMPORAL_DATA
23.500803,93.201572,LandslideGuard_Project_Master,,,,,,,,NO_TEMPORAL_DATA
23.543891,93.232644,LandslideGuard_Project_Master,,,,,,,,NO_TEMPORAL_DATA
23.55097,93.215688,LandslideGuard_Project_Master,,,,,,,,NO_TEMPORAL_DATA
23.534307,93.168479,LandslideGuard_Project_Master,,,,,,,,NO_TEMPORAL_DATA
23.546048,93.147734,LandslideGuard_Project_Master,,,,,,,,NO_TEMPORAL_DATA
23.542899,93.156212,LandslideGuard_Project_Master,,,,,,,,NO_TEMPORAL_DATA
23.537491,93.159176,LandslideGuard_Project_Master,,,,,,,,NO_TEMPORAL_DATA
23.538538,93.158251,LandslideGuard_Project_Master,,,,,,,,NO_TEMPORAL_DATA
23.537082,93.161682,LandslideGuard_Project_Master,,,,,,,,NO_TEMPORAL_DATA
23.545796,93.136912,LandslideGuard_Project_Master,,,,,,,,NO_TEMPORAL_DATA
23.548173,93.131588,LandslideGuard_Project_Master,,,,,,,,NO_TEMPORAL_DATA
23.430917,93.171889,LandslideGuard_Project_Master,,,,,,,,NO_TEMPORAL_DATA
23.429181,93.171166,LandslideGuard_Project_Master,,,,,,,,NO_TEMPORAL_DATA
23.422583,93.166,LandslideGuard_Project_Master,,,,,,,,NO_TEMPORAL_DATA
23.423972,93.165944,LandslideGuard_Project_Master,,,,,,,,NO_TEMPORAL_DATA
23.425583,93.168278,LandslideGuard_Project_Master,,,,,,,,NO_TEMPORAL_DATA
23.42425,93.168778,LandslideGuard_Project_Master,,,,,,,,NO_TEMPORAL_DATA
23.424417,93.167306,LandslideGuard_Project_Master,,,,,,,,NO_TEMPORAL_DATA
23.418808,93.163009,LandslideGuard_Project_Master,,,,,,,,NO_TEMPORAL_DATA
23.411942,93.154836,LandslideGuard_Project_Master,,,,,,,,NO_TEMPORAL_DATA
23.414113,93.136272,LandslideGuard_Project_Master,,,,,,,,NO_TEMPORAL_DATA
23.384222,93.145528,LandslideGuard_Project_Master,,,,,,,,NO_TEMPORAL_DATA
23.383778,93.115972,LandslideGuard_Project_Master,,,,,,,,NO_TEMPORAL_DATA
23.37492,93.1185,LandslideGuard_Project_Master,,,,,,,,NO_TEMPORAL_DATA
23.382695,93.116001,LandslideGuard_Project_Master,,,,,,,,NO_TEMPORAL_DATA
23.381167,93.112917,LandslideGuard_Project_Master,,,,,,,,NO_TEMPORAL_DATA
23.370167,93.120444,LandslideGuard_Project_Master,,,,,,,,NO_TEMPORAL_DATA
23.380806,93.128917,LandslideGuard_Project_Master,,,,,,,,NO_TEMPORAL_DATA
23.38075,93.13075,LandslideGuard_Project_Master,,,,,,,,NO_TEMPORAL_DATA
23.387194,93.147806,LandslideGuard_Project_Master,,,,,,,,NO_TEMPORAL_DATA
23.378571,93.218843,LandslideGuard_Project_Master,,,,,,,,NO_TEMPORAL_DATA
23.449083,93.206222,LandslideGuard_Project_Master,,,,,,,,NO_TEMPORAL_DATA
23.448278,93.207472,LandslideGuard_Project_Master,,,,,,,,NO_TEMPORAL_DATA
23.448329,93.209889,LandslideGuard_Project_Master,,,,,,,,NO_TEMPORAL_DATA
23.439142,93.222581,LandslideGuard_Project_Master,,,,,,,,NO_TEMPORAL_DATA
23.442083,93.223472,LandslideGuard_Project_Master,,,,,,,,NO_TEMPORAL_DATA
23.445083,93.223889,LandslideGuard_Project_Master,,,,,,,,NO_TEMPORAL_DATA
23.447639,93.223611,LandslideGuard_Project_Master,,,,,,,,NO_TEMPORAL_DATA
23.458538,93.260555,LandslideGuard_Project_Master,,,,,,,,NO_TEMPORAL_DATA
23.454924,93.260137,LandslideGuard_Project_Master,,,,,,,,NO_TEMPORAL_DATA
23.453389,93.2615,LandslideGuard_Project_Master,,,,,,,,NO_TEMPORAL_DATA
23.451972,93.259686,LandslideGuard_Project_Master,,,,,,,,NO_TEMPORAL_DATA
23.457971,93.263265,LandslideGuard_Project_Master,,,,,,,,NO_TEMPORAL_DATA
23.45835,93.263247,LandslideGuard_Project_Master,,,,,,,,NO_TEMPORAL_DATA
23.458778,93.263222,LandslideGuard_Project_Master,,,,,,,,NO_TEMPORAL_DATA
23.388585,93.2446,LandslideGuard_Project_Master,,,,,,,,NO_TEMPORAL_DATA
23.279667,93.232917,LandslideGuard_Project_Master,,,,,,,,NO_TEMPORAL_DATA
23.207889,93.255917,LandslideGuard_Project_Master,,,,,,,,NO_TEMPORAL_DATA
23.21475,93.261139,LandslideGuard_Project_Master,,,,,,,,NO_TEMPORAL_DATA
23.207528,93.258861,LandslideGuard_Project_Master,,,,,,,,NO_TEMPORAL_DATA
23.208139,93.257389,LandslideGuard_Project_Master,,,,,,,,NO_TEMPORAL_DATA
23.163528,93.281056,LandslideGuard_Project_Master,,,,,,,,NO_TEMPORAL_DATA
23.163158,93.280821,LandslideGuard_Project_Master,,,,,,,,NO_TEMPORAL_DATA
23.157667,93.279722,LandslideGuard_Project_Master,,,,,,,,NO_TEMPORAL_DATA
23.161889,93.2775,LandslideGuard_Project_Master,,,,,,,,NO_TEMPORAL_DATA
23.164508,93.270428,LandslideGuard_Project_Master,,,,,,,,NO_TEMPORAL_DATA
23.182417,93.246498,LandslideGuard_Project_Master,,,,,,,,NO_TEMPORAL_DATA
23.183584,93.235031,LandslideGuard_Project_Master,,,,,,,,NO_TEMPORAL_DATA
23.181417,93.197586,LandslideGuard_Project_Master,,,,,,,,NO_TEMPORAL_DATA
23.254263,93.238127,LandslideGuard_Project_Master,,,,,,,,NO_TEMPORAL_DATA
23.168705,93.108017,LandslideGuard_Project_Master,,,,,,,,NO_TEMPORAL_DATA
23.340389,93.102306,LandslideGuard_Project_Master,,,,,,,,NO_TEMPORAL_DATA
23.340722,93.081083,LandslideGuard_Project_Master,,,,,,,,NO_TEMPORAL_DATA
23.341111,93.080583,LandslideGuard_Project_Master,,,,,,,,NO_TEMPORAL_DATA
23.341194,93.080389,LandslideGuard_Project_Master,,,,,,,,NO_TEMPORAL_DATA
23.341333,93.080056,LandslideGuard_Project_Master,,,,,,,,NO_TEMPORAL_DATA
23.3305,93.096806,LandslideGuard_Project_Master,,,,,,,,NO_TEMPORAL_DATA
23.33101,93.091406,LandslideGuard_Project_Master,,,,,,,,NO_TEMPORAL_DATA
23.325028,93.092333,LandslideGuard_Project_Master,,,,,,,,NO_TEMPORAL_DATA
23.322995,93.092151,LandslideGuard_Project_Master,,,,,,,,NO_TEMPORAL_DATA
23.322151,93.066154,LandslideGuard_Project_Master,,,,,,,,NO_TEMPORAL_DATA
23.336389,93.074722,LandslideGuard_Project_Master,,,,,,,,NO_TEMPORAL_DATA
23.336955,93.07526,LandslideGuard_Project_Master,,,,,,,,NO_TEMPORAL_DATA
23.337519,93.076258,LandslideGuard_Project_Master,,,,,,,,NO_TEMPORAL_DATA
23.299073,93.057068,LandslideGuard_Project_Master,,,,,,,,NO_TEMPORAL_DATA
23.296419,93.095813,LandslideGuard_Project_Master,,,,,,,,NO_TEMPORAL_DATA
23.244541,93.099533,LandslideGuard_Project_Master,,,,,,,,NO_TEMPORAL_DATA
23.172249,93.058052,LandslideGuard_Project_Master,,,,,,,,NO_TEMPORAL_DATA
23.182667,93.026138,LandslideGuard_Project_Master,,,,,,,,NO_TEMPORAL_DATA
23.197752,93.007805,LandslideGuard_Project_Master,,,,,,,,NO_TEMPORAL_DATA
23.221762,92.975006,LandslideGuard_Project_Master,,,,,,,,NO_TEMPORAL_DATA
23.199879,93.00705,LandslideGuard_Project_Master,,,,,,,,NO_TEMPORAL_DATA
23.176575,92.979797,LandslideGuard_Project_Master,,,,,,,,NO_TEMPORAL_DATA
23.228361,92.916832,LandslideGuard_Project_Master,,,,,,,,NO_TEMPORAL_DATA
23.23,92.919724,LandslideGuard_Project_Master,,,,,,,,NO_TEMPORAL_DATA
23.227602,92.923164,LandslideGuard_Project_Master,,,,,,,,NO_TEMPORAL_DATA
23.223055,92.931114,LandslideGuard_Project_Master,,,,,,,,NO_TEMPORAL_DATA
23.222778,92.92778,LandslideGuard_Project_Master,,,,,,,,NO_TEMPORAL_DATA
23.223555,92.92672,LandslideGuard_Project_Master,,,,,,,,NO_TEMPORAL_DATA
23.223957,92.936401,LandslideGuard_Project_Master,,,,,,,,NO_TEMPORAL_DATA
23.212713,92.930771,LandslideGuard_Project_Master,,,,,,,,NO_TEMPORAL_DATA
23.217224,92.949684,LandslideGuard_Project_Master,,,,,,,,NO_TEMPORAL_DATA
23.21685,92.955475,LandslideGuard_Project_Master,,,,,,,,NO_TEMPORAL_DATA
23.222853,92.941536,LandslideGuard_Project_Master,,,,,,,,NO_TEMPORAL_DATA
23.222778,92.943611,LandslideGuard_Project_Master,,,,,,,,NO_TEMPORAL_DATA
23.222925,92.940842,LandslideGuard_Project_Master,,,,,,,,NO_TEMPORAL_DATA
23.222652,92.940269,LandslideGuard_Project_Master,,,,,,,,NO_TEMPORAL_DATA
23.222652,92.940269,LandslideGuard_Project_Master,,,,,,,,NO_TEMPORAL_DATA
23.387328,92.933397,LandslideGuard_Project_Master,,,2016.0,,,2016.0,,YEAR_ONLY
23.457028,93.006722,LandslideGuard_Project_Master,,,,,,,,NO_TEMPORAL_DATA
23.456613,93.006652,LandslideGuard_Project_Master,,,,,,,,NO_TEMPORAL_DATA
23.456861,93.006694,LandslideGuard_Project_Master,,,,,,,,NO_TEMPORAL_DATA
23.451278,93.002944,LandslideGuard_Project_Master,,,,,,,,NO_TEMPORAL_DATA
23.459737,93.044479,LandslideGuard_Project_Master,,,,,,,,NO_TEMPORAL_DATA
23.45769,93.041184,LandslideGuard_Project_Master,,,,,,,,NO_TEMPORAL_DATA
23.457083,93.007639,LandslideGuard_Project_Master,,,,,,,,NO_TEMPORAL_DATA
23.46025,93.01125,LandslideGuard_Project_Master,,,,,,,,NO_TEMPORAL_DATA
23.461248,93.012863,LandslideGuard_Project_Master,,,,,,,,NO_TEMPORAL_DATA
23.463765,93.018316,LandslideGuard_Project_Master,,,,,,,,NO_TEMPORAL_DATA
23.463222,93.015694,LandslideGuard_Project_Master,,,,,,,,NO_TEMPORAL_DATA
23.462173,93.014317,LandslideGuard_Project_Master,,,,,,,,NO_TEMPORAL_DATA
23.470139,93.025944,LandslideGuard_Project_Master,,,,,,,,NO_TEMPORAL_DATA
23.470244,93.025409,LandslideGuard_Project_Master,,,,,,,,NO_TEMPORAL_DATA
23.480549,93.040585,LandslideGuard_Project_Master,,,,,,,,NO_TEMPORAL_DATA
23.462917,93.04575,LandslideGuard_Project_Master,,,,,,,,NO_TEMPORAL_DATA
23.517632,93.075702,LandslideGuard_Project_Master,,,,,,,,NO_TEMPORAL_DATA
23.513436,93.074047,LandslideGuard_Project_Master,,,,,,,,NO_TEMPORAL_DATA
23.548132,93.077509,LandslideGuard_Project_Master,,,,,,,,NO_TEMPORAL_DATA
23.555561,93.072462,LandslideGuard_Project_Master,,,,,,,,NO_TEMPORAL_DATA
23.610611,92.977722,LandslideGuard_Project_Master,,,,,,,,NO_TEMPORAL_DATA
23.626194,92.962111,LandslideGuard_Project_Master,,,,,,,,NO_TEMPORAL_DATA
23.6445,92.990194,LandslideGuard_Project_Master,,,,,,,,NO_TEMPORAL_DATA
23.654556,92.965056,LandslideGuard_Project_Master,,,,,,,,NO_TEMPORAL_DATA
23.656556,92.964611,LandslideGuard_Project_Master,,,,,,,,NO_TEMPORAL_DATA
23.658944,92.964056,LandslideGuard_Project_Master,,,,,,,,NO_TEMPORAL_DATA
23.658861,92.963722,LandslideGuard_Project_Master,,,,,,,,NO_TEMPORAL_DATA
23.657444,92.963889,LandslideGuard_Project_Master,,,,,,,,NO_TEMPORAL_DATA
23.655417,92.957167,LandslideGuard_Project_Master,,,,,,,,NO_TEMPORAL_DATA
23.654361,92.932389,LandslideGuard_Project_Master,,,,,,,,NO_TEMPORAL_DATA
23.720833,92.978,LandslideGuard_Project_Master,,,,,,,,NO_TEMPORAL_DATA
23.740306,92.965389,LandslideGuard_Project_Master,,,,,,,,NO_TEMPORAL_DATA
23.74425,92.968472,LandslideGuard_Project_Master,,,,,,,,NO_TEMPORAL_DATA
23.704861,92.98575,LandslideGuard_Project_Master,,,,,,,,NO_TEMPORAL_DATA
23.702056,92.993222,LandslideGuard_Project_Master,,,,,,,,NO_TEMPORAL_DATA
23.670389,92.964417,LandslideGuard_Project_Master,,,,,,,,NO_TEMPORAL_DATA
23.665806,92.969556,LandslideGuard_Project_Master,,,,,,,,NO_TEMPORAL_DATA
23.666361,92.975972,LandslideGuard_Project_Master,,,,,,,,NO_TEMPORAL_DATA
23.667361,92.978,LandslideGuard_Project_Master,,,,,,,,NO_TEMPORAL_DATA
23.667361,92.978,LandslideGuard_Project_Master,,,,,,,,NO_TEMPORAL_DATA
23.667306,92.978028,LandslideGuard_Project_Master,,,,,,,,NO_TEMPORAL_DATA
23.681206,93.019927,LandslideGuard_Project_Master,,,,,,,,NO_TEMPORAL_DATA
23.68054,93.020091,LandslideGuard_Project_Master,,,,,,,,NO_TEMPORAL_DATA
23.685795,93.019874,LandslideGuard_Project_Master,,,,,,,,NO_TEMPORAL_DATA
23.685602,93.028404,LandslideGuard_Project_Master,,,,,,,,NO_TEMPORAL_DATA
23.681548,93.030106,LandslideGuard_Project_Master,,,,,,,,NO_TEMPORAL_DATA
23.675142,93.023551,LandslideGuard_Project_Master,,,,,,,,NO_TEMPORAL_DATA
23.66958,93.02425,LandslideGuard_Project_Master,,,,,,,,NO_TEMPORAL_DATA
23.696979,93.041829,LandslideGuard_Project_Master,,,,,,,,NO_TEMPORAL_DATA
23.695088,93.041426,LandslideGuard_Project_Master,,,,,,,,NO_TEMPORAL_DATA
23.689282,93.039041,LandslideGuard_Project_Master,,,,,,,,NO_TEMPORAL_DATA
23.708377,93.053261,LandslideGuard_Project_Master,,,,,,,,NO_TEMPORAL_DATA
23.705262,93.008904,LandslideGuard_Project_Master,,,,,,,,NO_TEMPORAL_DATA
23.750139,93.098167,LandslideGuard_Project_Master,,,,,,,,NO_TEMPORAL_DATA
23.749805,93.099227,LandslideGuard_Project_Master,,,,,,,,NO_TEMPORAL_DATA
23.742754,93.094558,LandslideGuard_Project_Master,,,,,,,,NO_TEMPORAL_DATA
23.734427,93.08625,LandslideGuard_Project_Master,,,,,,,,NO_TEMPORAL_DATA
23.708507,93.05583,LandslideGuard_Project_Master,,,,,,,,NO_TEMPORAL_DATA
23.710517,93.058403,LandslideGuard_Project_Master,,,,,,,,NO_TEMPORAL_DATA
23.684707,93.088283,LandslideGuard_Project_Master,,,,,,,,NO_TEMPORAL_DATA
23.677967,93.087973,LandslideGuard_Project_Master,,,,,,,,NO_TEMPORAL_DATA
23.657186,93.087169,LandslideGuard_Project_Master,,,,,,,,NO_TEMPORAL_DATA
23.640693,93.084944,LandslideGuard_Project_Master,,,,,,,,NO_TEMPORAL_DATA
23.64119,93.085929,LandslideGuard_Project_Master,,,,,,,,NO_TEMPORAL_DATA
23.629553,93.077474,LandslideGuard_Project_Master,,,,,,,,NO_TEMPORAL_DATA
23.630914,93.079723,LandslideGuard_Project_Master,,,,,,,,NO_TEMPORAL_DATA
23.636699,93.083183,LandslideGuard_Project_Master,,,,,,,,NO_TEMPORAL_DATA
23.636647,93.082939,LandslideGuard_Project_Master,,,,,,,,NO_TEMPORAL_DATA
23.63797,93.078826,LandslideGuard_Project_Master,,,,,,,,NO_TEMPORAL_DATA
23.635733,93.07666,LandslideGuard_Project_Master,,,,,,,,NO_TEMPORAL_DATA
23.6377,93.066302,LandslideGuard_Project_Master,,,,,,,,NO_TEMPORAL_DATA
23.635122,93.065289,LandslideGuard_Project_Master,,,,,,,,NO_TEMPORAL_DATA
23.639272,93.066239,LandslideGuard_Project_Master,,,,,,,,NO_TEMPORAL_DATA
23.638822,93.066182,LandslideGuard_Project_Master,,,,,,,,NO_TEMPORAL_DATA
23.644469,93.068299,LandslideGuard_Project_Master,,,,,,,,NO_TEMPORAL_DATA
23.644962,93.076363,LandslideGuard_Project_Master,,,,,,,,NO_TEMPORAL_DATA
23.646848,93.068776,LandslideGuard_Project_Master,,,,,,,,NO_TEMPORAL_DATA
23.647593,93.068219,LandslideGuard_Project_Master,,,,,,,,NO_TEMPORAL_DATA
23.639484,93.032189,LandslideGuard_Project_Master,,,,,,,,NO_TEMPORAL_DATA
23.650925,93.030704,LandslideGuard_Project_Master,,,,,,,,NO_TEMPORAL_DATA
23.657,93.028012,LandslideGuard_Project_Master,,,,,,,,NO_TEMPORAL_DATA
23.653812,93.029927,LandslideGuard_Project_Master,,,,,,,,NO_TEMPORAL_DATA
23.663354,93.023297,LandslideGuard_Project_Master,,,,,,,,NO_TEMPORAL_DATA
23.617227,93.042191,LandslideGuard_Project_Master,,,,,,,,NO_TEMPORAL_DATA
23.626738,93.033627,LandslideGuard_Project_Master,,,,,,,,NO_TEMPORAL_DATA
23.631956,93.033971,LandslideGuard_Project_Master,,,,,,,,NO_TEMPORAL_DATA
23.63341,93.033595,LandslideGuard_Project_Master,,,,,,,,NO_TEMPORAL_DATA
23.633591,93.048668,LandslideGuard_Project_Master,,,,,,,,NO_TEMPORAL_DATA
23.570595,93.07382,LandslideGuard_Project_Master,,,,,,,,NO_TEMPORAL_DATA
23.573731,93.075313,LandslideGuard_Project_Master,,,,,,,,NO_TEMPORAL_DATA
23.606539,93.087476,LandslideGuard_Project_Master,,,,,,,,NO_TEMPORAL_DATA
23.605611,93.08682,LandslideGuard_Project_Master,,,,,,,,NO_TEMPORAL_DATA
23.602395,93.084222,LandslideGuard_Project_Master,,,,,,,,NO_TEMPORAL_DATA
23.602028,93.083824,LandslideGuard_Project_Master,,,,,,,,NO_TEMPORAL_DATA
23.603808,93.092328,LandslideGuard_Project_Master,,,,,,,,NO_TEMPORAL_DATA
23.607124,93.088782,LandslideGuard_Project_Master,,,,,,,,NO_TEMPORAL_DATA
23.60753,93.092644,LandslideGuard_Project_Master,,,,,,,,NO_TEMPORAL_DATA
23.597403,93.094131,LandslideGuard_Project_Master,,,,,,,,NO_TEMPORAL_DATA
23.583574,93.09659,LandslideGuard_Project_Master,,,,,,,,NO_TEMPORAL_DATA
23.56952,93.100523,LandslideGuard_Project_Master,,,,,,,,NO_TEMPORAL_DATA
23.573051,93.102716,LandslideGuard_Project_Master,,,,,,,,NO_TEMPORAL_DATA
23.57348,93.102938,LandslideGuard_Project_Master,,,,,,,,NO_TEMPORAL_DATA
23.577354,93.102871,LandslideGuard_Project_Master,,,,,,,,NO_TEMPORAL_DATA
23.586582,93.102493,LandslideGuard_Project_Master,,,,,,,,NO_TEMPORAL_DATA
23.563275,93.120567,LandslideGuard_Project_Master,,,,,,,,NO_TEMPORAL_DATA
23.608133,93.201022,LandslideGuard_Project_Master,,,,,,,,NO_TEMPORAL_DATA
23.612312,93.198942,LandslideGuard_Project_Master,,,,,,,,NO_TEMPORAL_DATA
23.605864,93.20387,LandslideGuard_Project_Master,,,,,,,,NO_TEMPORAL_DATA
23.603865,93.204311,LandslideGuard_Project_Master,,,,,,,,NO_TEMPORAL_DATA
23.604431,93.204251,LandslideGuard_Project_Master,,,,,,,,NO_TEMPORAL_DATA
23.597919,93.207362,LandslideGuard_Project_Master,,,,,,,,NO_TEMPORAL_DATA
23.687031,93.203106,LandslideGuard_Project_Master,,,,,,,,NO_TEMPORAL_DATA
23.705705,93.19007,LandslideGuard_Project_Master,,,,,,,,NO_TEMPORAL_DATA
23.707126,93.187183,LandslideGuard_Project_Master,,,,,,,,NO_TEMPORAL_DATA
23.701575,93.177726,LandslideGuard_Project_Master,,,,,,,,NO_TEMPORAL_DATA
23.694333,93.183335,LandslideGuard_Project_Master,,,,,,,,NO_TEMPORAL_DATA
23.701047,93.190913,LandslideGuard_Project_Master,,,,,,,,NO_TEMPORAL_DATA
23.69159,93.190067,LandslideGuard_Project_Master,,,,,,,,NO_TEMPORAL_DATA
23.689256,93.192172,LandslideGuard_Project_Master,,,,,,,,NO_TEMPORAL_DATA
23.782249,93.116165,LandslideGuard_Project_Master,,,,,,,,NO_TEMPORAL_DATA
23.777555,93.112473,LandslideGuard_Project_Master,,,,,,,,NO_TEMPORAL_DATA
23.799166,93.132919,LandslideGuard_Project_Master,,,,,,,,NO_TEMPORAL_DATA
23.792749,93.116943,LandslideGuard_Project_Master,,,,,,,,NO_TEMPORAL_DATA
23.85075,93.115608,LandslideGuard_Project_Master,,,,,,,,NO_TEMPORAL_DATA
23.853333,93.12458,LandslideGuard_Project_Master,,,,,,,,NO_TEMPORAL_DATA
23.848917,93.135307,LandslideGuard_Project_Master,,,,,,,,NO_TEMPORAL_DATA
23.851723,93.186775,LandslideGuard_Project_Master,,,,,,,,NO_TEMPORAL_DATA
23.84461,93.190277,LandslideGuard_Project_Master,,,,,,,,NO_TEMPORAL_DATA
23.791277,93.156387,LandslideGuard_Project_Master,,,,,,,,NO_TEMPORAL_DATA
23.800556,93.15889,LandslideGuard_Project_Master,,,,,,,,NO_TEMPORAL_DATA
23.803085,93.159225,LandslideGuard_Project_Master,,,,,,,,NO_TEMPORAL_DATA
23.803364,93.159164,LandslideGuard_Project_Master,,,,,,,,NO_TEMPORAL_DATA
23.803055,93.160164,LandslideGuard_Project_Master,,,,,,,,NO_TEMPORAL_DATA
23.798611,93.16378,LandslideGuard_Project_Master,,,,,,,,NO_TEMPORAL_DATA
23.801001,93.166359,LandslideGuard_Project_Master,,,,,,,,NO_TEMPORAL_DATA
23.801054,93.168762,LandslideGuard_Project_Master,,,,,,,,NO_TEMPORAL_DATA
23.801399,93.168648,LandslideGuard_Project_Master,,,,,,,,NO_TEMPORAL_DATA
23.785944,93.154137,LandslideGuard_Project_Master,,,,,,,,NO_TEMPORAL_DATA
23.782249,93.148865,LandslideGuard_Project_Master,,,,,,,,NO_TEMPORAL_DATA
23.780138,93.152916,LandslideGuard_Project_Master,,,,,,,,NO_TEMPORAL_DATA
23.866138,93.222809,LandslideGuard_Project_Master,,,,,,,,NO_TEMPORAL_DATA
23.867277,93.205643,LandslideGuard_Project_Master,,,,,,,,NO_TEMPORAL_DATA
23.863417,93.201279,LandslideGuard_Project_Master,,,,,,,,NO_TEMPORAL_DATA
23.862638,93.204025,LandslideGuard_Project_Master,,,,,,,,NO_TEMPORAL_DATA
23.860361,93.203804,LandslideGuard_Project_Master,,,,,,,,NO_TEMPORAL_DATA
23.860361,93.203804,LandslideGuard_Project_Master,,,,,,,,NO_TEMPORAL_DATA
23.860167,93.194778,LandslideGuard_Project_Master,,,,,,,,NO_TEMPORAL_DATA
23.870445,93.208611,LandslideGuard_Project_Master,,,,,,,,NO_TEMPORAL_DATA
23.870567,93.215149,LandslideGuard_Project_Master,,,,,,,,NO_TEMPORAL_DATA
23.875174,93.21302,LandslideGuard_Project_Master,,,,,,,,NO_TEMPORAL_DATA
23.885279,93.207726,LandslideGuard_Project_Master,,,,,,,,NO_TEMPORAL_DATA
23.884083,93.209908,LandslideGuard_Project_Master,,,,,,,,NO_TEMPORAL_DATA
23.886723,93.200279,LandslideGuard_Project_Master,,,,,,,,NO_TEMPORAL_DATA
23.885195,93.202332,LandslideGuard_Project_Master,,,,,,,,NO_TEMPORAL_DATA
23.881639,93.234642,LandslideGuard_Project_Master,,,,,,,,NO_TEMPORAL_DATA
23.868279,93.222557,LandslideGuard_Project_Master,,,,,,,,NO_TEMPORAL_DATA
23.874056,93.244469,LandslideGuard_Project_Master,,,,,,,,NO_TEMPORAL_DATA
23.88139,93.243027,LandslideGuard_Project_Master,,,,,,,,NO_TEMPORAL_DATA
23.883944,93.247528,LandslideGuard_Project_Master,,,,,,,,NO_TEMPORAL_DATA
23.881056,93.245804,LandslideGuard_Project_Master,,,,,,,,NO_TEMPORAL_DATA
23.882389,93.248947,LandslideGuard_Project_Master,,,,,,,,NO_TEMPORAL_DATA
23.881971,93.250969,LandslideGuard_Project_Master,,,,,,,,NO_TEMPORAL_DATA
23.881361,93.257027,LandslideGuard_Project_Master,,,,,,,,NO_TEMPORAL_DATA
23.876139,93.260445,LandslideGuard_Project_Master,,,,,,,,NO_TEMPORAL_DATA
23.877806,93.267609,LandslideGuard_Project_Master,,,,,,,,NO_TEMPORAL_DATA
23.890694,93.275024,LandslideGuard_Project_Master,,,,,,,,NO_TEMPORAL_DATA
23.901638,93.278641,LandslideGuard_Project_Master,,,,,,,,NO_TEMPORAL_DATA
23.950277,93.217056,LandslideGuard_Project_Master,,,,,,,,NO_TEMPORAL_DATA
23.942722,93.213531,LandslideGuard_Project_Master,,,,,,,,NO_TEMPORAL_DATA
23.938583,93.213997,LandslideGuard_Project_Master,,,,,,,,NO_TEMPORAL_DATA
23.939194,93.214195,LandslideGuard_Project_Master,,,,,,,,NO_TEMPORAL_DATA
23.914278,93.178864,LandslideGuard_Project_Master,,,,,,,,NO_TEMPORAL_DATA
23.908806,93.177391,LandslideGuard_Project_Master,,,,,,,,NO_TEMPORAL_DATA
23.91011,93.177193,LandslideGuard_Project_Master,,,,,,,,NO_TEMPORAL_DATA
23.908806,93.180832,LandslideGuard_Project_Master,,,,,,,,NO_TEMPORAL_DATA
23.905027,93.185776,LandslideGuard_Project_Master,,,,,,,,NO_TEMPORAL_DATA
23.938028,93.121277,LandslideGuard_Project_Master,,,,,,,,NO_TEMPORAL_DATA
23.936333,93.118858,LandslideGuard_Project_Master,,,,,,,,NO_TEMPORAL_DATA
23.950195,93.125061,LandslideGuard_Project_Master,,,,,,,,NO_TEMPORAL_DATA
23.959278,93.123558,LandslideGuard_Project_Master,,,,,,,,NO_TEMPORAL_DATA
23.956528,93.041084,LandslideGuard_Project_Master,,,,,,,,NO_TEMPORAL_DATA
23.950417,93.037109,LandslideGuard_Project_Master,,,,,,,,NO_TEMPORAL_DATA
23.948917,93.038719,LandslideGuard_Project_Master,,,,,,,,NO_TEMPORAL_DATA
23.962278,93.035309,LandslideGuard_Project_Master,,,,,,,,NO_TEMPORAL_DATA
23.966249,93.041115,LandslideGuard_Project_Master,,,,,,,,NO_TEMPORAL_DATA
23.966249,93.041115,LandslideGuard_Project_Master,,,,,,,,NO_TEMPORAL_DATA
23.966917,93.041473,LandslideGuard_Project_Master,,,,,,,,NO_TEMPORAL_DATA
23.961,93.028969,LandslideGuard_Project_Master,,,,,,,,NO_TEMPORAL_DATA
23.957556,93.026558,LandslideGuard_Project_Master,,,,,,,,NO_TEMPORAL_DATA
23.958944,93.022781,LandslideGuard_Project_Master,,,,,,,,NO_TEMPORAL_DATA
23.958944,93.022781,LandslideGuard_Project_Master,,,,,,,,NO_TEMPORAL_DATA
23.959278,93.020859,LandslideGuard_Project_Master,,,,,,,,NO_TEMPORAL_DATA
23.969223,93.016335,LandslideGuard_Project_Master,,,,,,,,NO_TEMPORAL_DATA
23.927389,93.02803,LandslideGuard_Project_Master,,,,,,,,NO_TEMPORAL_DATA
23.927389,93.02803,LandslideGuard_Project_Master,,,,,,,,NO_TEMPORAL_DATA
23.909111,93.02375,LandslideGuard_Project_Master,,,,,,,,NO_TEMPORAL_DATA
23.913445,93.023941,LandslideGuard_Project_Master,,,,,,,,NO_TEMPORAL_DATA
23.907555,93.015114,LandslideGuard_Project_Master,,,,,,,,NO_TEMPORAL_DATA
23.900694,93.015587,LandslideGuard_Project_Master,,,,,,,,NO_TEMPORAL_DATA
23.899305,93.015587,LandslideGuard_Project_Master,,,,,,,,NO_TEMPORAL_DATA
23.894444,93.019279,LandslideGuard_Project_Master,,,,,,,,NO_TEMPORAL_DATA
23.888081,93.026642,LandslideGuard_Project_Master,,,,,,,,NO_TEMPORAL_DATA
23.888945,93.033974,LandslideGuard_Project_Master,,,,,,,,NO_TEMPORAL_DATA
23.882055,93.041222,LandslideGuard_Project_Master,,,,,,,,NO_TEMPORAL_DATA
23.887251,93.095612,LandslideGuard_Project_Master,,,,,,,,NO_TEMPORAL_DATA
23.87075,93.078529,LandslideGuard_Project_Master,,,,,,,,NO_TEMPORAL_DATA
23.872055,93.094276,LandslideGuard_Project_Master,,,,,,,,NO_TEMPORAL_DATA
23.870583,93.095444,LandslideGuard_Project_Master,,,,,,,,NO_TEMPORAL_DATA
23.852861,93.059998,LandslideGuard_Project_Master,,,,,,,,NO_TEMPORAL_DATA
23.848083,93.076691,LandslideGuard_Project_Master,,,,,,,,NO_TEMPORAL_DATA
23.840334,93.071945,LandslideGuard_Project_Master,,,,,,,,NO_TEMPORAL_DATA
23.804193,93.035248,LandslideGuard_Project_Master,,,,,,,,NO_TEMPORAL_DATA
23.808111,93.041779,LandslideGuard_Project_Master,,,,,,,,NO_TEMPORAL_DATA
23.795444,93.04039,LandslideGuard_Project_Master,,,,,,,,NO_TEMPORAL_DATA
23.797361,93.040916,LandslideGuard_Project_Master,,,,,,,,NO_TEMPORAL_DATA
23.789749,93.035667,LandslideGuard_Project_Master,,,,,,,,NO_TEMPORAL_DATA
23.7885,93.024666,LandslideGuard_Project_Master,,,,,,,,NO_TEMPORAL_DATA
23.785444,93.024612,LandslideGuard_Project_Master,,,,,,,,NO_TEMPORAL_DATA
23.779444,93.023918,LandslideGuard_Project_Master,,,,,,,,NO_TEMPORAL_DATA
23.777472,93.009163,LandslideGuard_Project_Master,,,,,,,,NO_TEMPORAL_DATA
23.794195,93.025055,LandslideGuard_Project_Master,,,,,,,,NO_TEMPORAL_DATA
23.792555,93.029892,LandslideGuard_Project_Master,,,,,,,,NO_TEMPORAL_DATA
23.805779,93.027115,LandslideGuard_Project_Master,,,,,,,,NO_TEMPORAL_DATA
23.835361,93.052414,LandslideGuard_Project_Master,,,,,,,,NO_TEMPORAL_DATA
23.848,93.041885,LandslideGuard_Project_Master,,,,,,,,NO_TEMPORAL_DATA
23.844444,93.051361,LandslideGuard_Project_Master,,,,,,,,NO_TEMPORAL_DATA
23.85,93.048164,LandslideGuard_Project_Master,,,,,,,,NO_TEMPORAL_DATA
23.856972,93.046112,LandslideGuard_Project_Master,,,,,,,,NO_TEMPORAL_DATA
23.855028,93.041695,LandslideGuard_Project_Master,,,,,,,,NO_TEMPORAL_DATA
23.777805,93.00489,LandslideGuard_Project_Master,,,,,,,,NO_TEMPORAL_DATA
23.811722,92.959917,LandslideGuard_Project_Master,,,2016.0,,,2016.0,,YEAR_ONLY
23.812139,92.954167,LandslideGuard_Project_Master,,,2016.0,,,2016.0,,YEAR_ONLY
23.801624,92.960437,LandslideGuard_Project_Master,,,2016.0,,,2016.0,,YEAR_ONLY
23.82325,92.925222,LandslideGuard_Project_Master,,,2016.0,,,2016.0,,YEAR_ONLY
23.83675,92.916556,LandslideGuard_Project_Master,,,2016.0,,,2016.0,,YEAR_ONLY
23.865694,92.932639,LandslideGuard_Project_Master,,,,,,,,NO_TEMPORAL_DATA
23.844139,92.933,LandslideGuard_Project_Master,,,,,,,,NO_TEMPORAL_DATA
23.844165,92.930006,LandslideGuard_Project_Master,,,2016.0,,,2016.0,,YEAR_ONLY
23.844109,92.928779,LandslideGuard_Project_Master,,,2016.0,,,2016.0,,YEAR_ONLY
23.847224,92.927508,LandslideGuard_Project_Master,,,2015.0,,,2015.0,,YEAR_ONLY
23.847246,92.927341,LandslideGuard_Project_Master,,,2016.0,,,2016.0,,YEAR_ONLY
23.849497,92.928202,LandslideGuard_Project_Master,,,2016.0,,,2016.0,,YEAR_ONLY
23.859417,92.917333,LandslideGuard_Project_Master,,,,,,,,NO_TEMPORAL_DATA
23.871694,92.919955,LandslideGuard_Project_Master,,,2016.0,,,2016.0,,YEAR_ONLY
23.902111,92.922556,LandslideGuard_Project_Master,,,2016.0,,,2016.0,,YEAR_ONLY
23.95942,92.943345,LandslideGuard_Project_Master,,,2016.0,,,2016.0,,YEAR_ONLY
23.943241,92.933604,LandslideGuard_Project_Master,,,2016.0,,,2016.0,,YEAR_ONLY
23.94325,92.933611,LandslideGuard_Project_Master,,,2016.0,,,2016.0,,YEAR_ONLY
23.9395,92.927889,LandslideGuard_Project_Master,,,2016.0,,,2016.0,,YEAR_ONLY
23.929083,92.922778,LandslideGuard_Project_Master,,,2016.0,,,2016.0,,YEAR_ONLY
23.92425,92.925222,LandslideGuard_Project_Master,,,2016.0,,,2016.0,,YEAR_ONLY
23.918389,92.923472,LandslideGuard_Project_Master,,,2016.0,,,2016.0,,YEAR_ONLY
23.891722,92.84925,LandslideGuard_Project_Master,,,2016.0,,,2016.0,,YEAR_ONLY
23.891722,92.84925,LandslideGuard_Project_Master,,,2016.0,,,2016.0,,YEAR_ONLY
23.887333,92.851111,LandslideGuard_Project_Master,,,2016.0,,,2016.0,,YEAR_ONLY
23.883306,92.861917,LandslideGuard_Project_Master,,,,,,,,NO_TEMPORAL_DATA
23.885639,92.857861,LandslideGuard_Project_Master,,,,,,,,NO_TEMPORAL_DATA
23.88375,92.866778,LandslideGuard_Project_Master,,,2016.0,,,2016.0,,YEAR_ONLY
23.872722,92.874083,LandslideGuard_Project_Master,,,1996.0,,,1996.0,,YEAR_ONLY
23.869861,92.877444,LandslideGuard_Project_Master,,,2016.0,,,2016.0,,YEAR_ONLY
23.883944,92.880528,LandslideGuard_Project_Master,,,2016.0,,,2016.0,,YEAR_ONLY
23.882583,92.877639,LandslideGuard_Project_Master,,,2016.0,,,2016.0,,YEAR_ONLY
23.88319,92.869,LandslideGuard_Project_Master,,,2016.0,,,2016.0,,YEAR_ONLY
23.841713,92.911476,LandslideGuard_Project_Master,,,,,,,,NO_TEMPORAL_DATA
23.839417,92.910972,LandslideGuard_Project_Master,,,2016.0,,,2016.0,,YEAR_ONLY
23.788722,92.837833,LandslideGuard_Project_Master,,,2016.0,,,2016.0,,YEAR_ONLY
23.788722,92.837833,LandslideGuard_Project_Master,,,2016.0,,,2016.0,,YEAR_ONLY
23.78,92.84,LandslideGuard_Project_Master,,,2016.0,,,2016.0,,YEAR_ONLY
23.784222,92.841972,LandslideGuard_Project_Master,,,2016.0,,,2016.0,,YEAR_ONLY
23.816,92.84,LandslideGuard_Project_Master,,,2016.0,,,2016.0,,YEAR_ONLY
23.812167,92.835194,LandslideGuard_Project_Master,,,2015.0,,,2015.0,,YEAR_ONLY
23.810083,92.833861,LandslideGuard_Project_Master,,,2015.0,,,2015.0,,YEAR_ONLY
23.822086,92.826497,LandslideGuard_Project_Master,,,2016.0,,,2016.0,,YEAR_ONLY
23.822054,92.826453,LandslideGuard_Project_Master,,,2016.0,,,2016.0,,YEAR_ONLY
23.819269,92.826983,LandslideGuard_Project_Master,,,2016.0,,,2016.0,,YEAR_ONLY
23.819269,92.826983,LandslideGuard_Project_Master,,,2016.0,,,2016.0,,YEAR_ONLY
23.825205,92.830469,LandslideGuard_Project_Master,,,2016.0,,,2016.0,,YEAR_ONLY
23.824586,92.825019,LandslideGuard_Project_Master,,,2016.0,,,2016.0,,YEAR_ONLY
23.860102,92.834056,LandslideGuard_Project_Master,,,2016.0,,,2016.0,,YEAR_ONLY
23.856821,92.833784,LandslideGuard_Project_Master,,,2016.0,,,2016.0,,YEAR_ONLY
23.771587,92.732129,LandslideGuard_Project_Master,,,,,,,,NO_TEMPORAL_DATA
23.791511,92.730515,LandslideGuard_Project_Master,,,,,,,,NO_TEMPORAL_DATA
23.856861,92.743028,LandslideGuard_Project_Master,,,2016.0,,,2016.0,,YEAR_ONLY
23.851361,92.742222,LandslideGuard_Project_Master,,,2016.0,,,2016.0,,YEAR_ONLY
23.850861,92.743083,LandslideGuard_Project_Master,,,2016.0,,,2016.0,,YEAR_ONLY
23.852722,92.743306,LandslideGuard_Project_Master,,,2016.0,,,2016.0,,YEAR_ONLY
23.868917,92.735472,LandslideGuard_Project_Master,,,2016.0,,,2016.0,,YEAR_ONLY
23.889306,92.736528,LandslideGuard_Project_Master,,,,,,,,NO_TEMPORAL_DATA
23.915778,92.742417,LandslideGuard_Project_Master,,,2016.0,,,2016.0,,YEAR_ONLY
23.924278,92.744806,LandslideGuard_Project_Master,,,2016.0,,,2016.0,,YEAR_ONLY
23.918461,92.741531,LandslideGuard_Project_Master,,,2016.0,,,2016.0,,YEAR_ONLY
23.918694,92.740389,LandslideGuard_Project_Master,,,2016.0,,,2016.0,,YEAR_ONLY
23.922639,92.736528,LandslideGuard_Project_Master,,,2016.0,,,2016.0,,YEAR_ONLY
23.934222,92.730611,LandslideGuard_Project_Master,,,2016.0,,,2016.0,,YEAR_ONLY
23.88,92.69,LandslideGuard_Project_Master,,,2016.0,,,2016.0,,YEAR_ONLY
23.8985,92.64739,LandslideGuard_Project_Master,,,,,,,,NO_TEMPORAL_DATA
23.918917,92.650833,LandslideGuard_Project_Master,,,2016.0,,,2016.0,,YEAR_ONLY
23.92294,92.65703,LandslideGuard_Project_Master,,,,,,,,NO_TEMPORAL_DATA
23.923047,92.656696,LandslideGuard_Project_Master,,,2014.0,,,2014.0,,YEAR_ONLY
23.933904,92.673871,LandslideGuard_Project_Master,,,2016.0,,,2016.0,,YEAR_ONLY
23.940106,92.680592,LandslideGuard_Project_Master,,,2016.0,,,2016.0,,YEAR_ONLY
23.940333,92.680833,LandslideGuard_Project_Master,,,2016.0,,,2016.0,,YEAR_ONLY
23.934417,92.667222,LandslideGuard_Project_Master,,,2016.0,,,2016.0,,YEAR_ONLY
23.965889,92.682278,LandslideGuard_Project_Master,,,2016.0,,,2016.0,,YEAR_ONLY
23.826694,92.603833,LandslideGuard_Project_Master,,,2016.0,,,2016.0,,YEAR_ONLY
23.821894,92.569325,LandslideGuard_Project_Master,,,2016.0,,,2016.0,,YEAR_ONLY
23.811938,92.570804,LandslideGuard_Project_Master,,,2016.0,,,2016.0,,YEAR_ONLY
23.796268,92.54654,LandslideGuard_Project_Master,,,2016.0,,,2016.0,,YEAR_ONLY
23.802567,92.564045,LandslideGuard_Project_Master,,,2016.0,,,2016.0,,YEAR_ONLY
23.783846,92.553747,LandslideGuard_Project_Master,,,2016.0,,,2016.0,,YEAR_ONLY
23.783956,92.553695,LandslideGuard_Project_Master,,,2016.0,,,2016.0,,YEAR_ONLY
23.780864,92.577909,LandslideGuard_Project_Master,,,2016.0,,,2016.0,,YEAR_ONLY
23.784278,92.597111,LandslideGuard_Project_Master,,,2016.0,,,2016.0,,YEAR_ONLY
23.805313,92.592663,LandslideGuard_Project_Master,,,2016.0,,,2016.0,,YEAR_ONLY
23.808528,92.595222,LandslideGuard_Project_Master,,,2016.0,,,2016.0,,YEAR_ONLY
23.790132,92.672097,LandslideGuard_Project_Master,,,2016.0,,,2016.0,,YEAR_ONLY
23.798861,92.642417,LandslideGuard_Project_Master,,,2016.0,,,2016.0,,YEAR_ONLY
23.833698,92.650724,LandslideGuard_Project_Master,,,,,,,,NO_TEMPORAL_DATA
23.857278,92.646222,LandslideGuard_Project_Master,,,,,,,,NO_TEMPORAL_DATA
23.855535,92.648953,LandslideGuard_Project_Master,,,2016.0,,,2016.0,,YEAR_ONLY
23.846786,92.655892,LandslideGuard_Project_Master,,,2015.0,,,2015.0,,YEAR_ONLY
23.855092,92.666553,LandslideGuard_Project_Master,,,2015.0,,,2015.0,,YEAR_ONLY
23.817333,92.661222,LandslideGuard_Project_Master,,,2016.0,,,2016.0,,YEAR_ONLY
23.816611,92.662306,LandslideGuard_Project_Master,,,2016.0,,,2016.0,,YEAR_ONLY
23.823222,92.674861,LandslideGuard_Project_Master,,,2015.0,,,2015.0,,YEAR_ONLY
23.787414,92.725278,LandslideGuard_Project_Master,,,,,,,,NO_TEMPORAL_DATA
23.788032,92.729443,LandslideGuard_Project_Master,,,,,,,,NO_TEMPORAL_DATA
23.754475,92.722754,LandslideGuard_Project_Master,,,2016.0,,,2016.0,,YEAR_ONLY
23.741806,92.72525,LandslideGuard_Project_Master,,,,,,,,NO_TEMPORAL_DATA
23.742861,92.725389,LandslideGuard_Project_Master,,,,,,,,NO_TEMPORAL_DATA
23.74372,92.72417,LandslideGuard_Project_Master,,,,,,,,NO_TEMPORAL_DATA
23.744303,92.720114,LandslideGuard_Project_Master,,,,,,,,NO_TEMPORAL_DATA
23.753417,92.687556,LandslideGuard_Project_Master,,,2016.0,,,2016.0,,YEAR_ONLY
23.754359,92.690207,LandslideGuard_Project_Master,,,2016.0,,,2016.0,,YEAR_ONLY
23.754493,92.690145,LandslideGuard_Project_Master,,,2016.0,,,2016.0,,YEAR_ONLY
23.749722,92.693781,LandslideGuard_Project_Master,,,,,,,,NO_TEMPORAL_DATA
23.745639,92.694361,LandslideGuard_Project_Master,,,,,,,,NO_TEMPORAL_DATA
23.744028,92.698861,LandslideGuard_Project_Master,,,,,,,,NO_TEMPORAL_DATA
23.745083,92.6955,LandslideGuard_Project_Master,,,,,,,,NO_TEMPORAL_DATA
23.747444,92.696194,LandslideGuard_Project_Master,,,,,,,,NO_TEMPORAL_DATA
23.746722,92.695972,LandslideGuard_Project_Master,,,,,,,,NO_TEMPORAL_DATA
23.750454,92.69524,LandslideGuard_Project_Master,,,2014.0,,,2014.0,,YEAR_ONLY
23.744972,92.702889,LandslideGuard_Project_Master,,,,,,,,NO_TEMPORAL_DATA
23.737083,92.703889,LandslideGuard_Project_Master,,,,,,,,NO_TEMPORAL_DATA
23.727639,92.703083,LandslideGuard_Project_Master,,,,,,,,NO_TEMPORAL_DATA
23.735028,92.696028,LandslideGuard_Project_Master,,,,,,,,NO_TEMPORAL_DATA
23.739417,92.699917,LandslideGuard_Project_Master,,,,,,,,NO_TEMPORAL_DATA
23.736778,92.694528,LandslideGuard_Project_Master,,,,,,,,NO_TEMPORAL_DATA
23.735,92.695111,LandslideGuard_Project_Master,,,,,,,,NO_TEMPORAL_DATA
23.716333,92.688639,LandslideGuard_Project_Master,,,,,,,,NO_TEMPORAL_DATA
23.720611,92.692722,LandslideGuard_Project_Master,,,,,,,,NO_TEMPORAL_DATA
23.717222,92.694833,LandslideGuard_Project_Master,,,,,,,,NO_TEMPORAL_DATA
23.717028,92.692389,LandslideGuard_Project_Master,,,,,,,,NO_TEMPORAL_DATA
23.715278,92.697611,LandslideGuard_Project_Master,,,,,,,,NO_TEMPORAL_DATA
23.716556,92.699056,LandslideGuard_Project_Master,,,,,,,,NO_TEMPORAL_DATA
23.719972,92.697694,LandslideGuard_Project_Master,,,,,,,,NO_TEMPORAL_DATA
23.720417,92.695667,LandslideGuard_Project_Master,,,,,,,,NO_TEMPORAL_DATA
23.716111,92.712611,LandslideGuard_Project_Master,,,,,,,,NO_TEMPORAL_DATA
23.717111,92.713972,LandslideGuard_Project_Master,,,,,,,,NO_TEMPORAL_DATA
23.740028,92.709861,LandslideGuard_Project_Master,,,,,,,,NO_TEMPORAL_DATA
23.722,92.721222,LandslideGuard_Project_Master,,,2016.0,,,2016.0,,YEAR_ONLY
23.716278,92.727694,LandslideGuard_Project_Master,,,,,,,,NO_TEMPORAL_DATA
23.714694,92.728694,LandslideGuard_Project_Master,,,,,,,,NO_TEMPORAL_DATA
23.704333,92.7145,LandslideGuard_Project_Master,,,,,,,,NO_TEMPORAL_DATA
23.706667,92.714694,LandslideGuard_Project_Master,,,,,,,,NO_TEMPORAL_DATA
23.70272,92.71631,LandslideGuard_Project_Master,,,,,,,,NO_TEMPORAL_DATA
23.700556,92.715972,LandslideGuard_Project_Master,,,,,,,,NO_TEMPORAL_DATA
23.699472,92.716167,LandslideGuard_Project_Master,,,,,,,,NO_TEMPORAL_DATA
23.6995,92.71617,LandslideGuard_Project_Master,,,,,,,,NO_TEMPORAL_DATA
23.693667,92.719056,LandslideGuard_Project_Master,,,,,,,,NO_TEMPORAL_DATA
23.687833,92.722444,LandslideGuard_Project_Master,,,,,,,,NO_TEMPORAL_DATA
23.681531,92.718606,LandslideGuard_Project_Master,,,,,,,,NO_TEMPORAL_DATA
23.670556,92.728528,LandslideGuard_Project_Master,,,,,,,,NO_TEMPORAL_DATA
23.71,92.692528,LandslideGuard_Project_Master,,,,,,,,NO_TEMPORAL_DATA
23.71125,92.660167,LandslideGuard_Project_Master,,,,,,,,NO_TEMPORAL_DATA
23.712694,92.66025,LandslideGuard_Project_Master,,,,,,,,NO_TEMPORAL_DATA
23.712306,92.649528,LandslideGuard_Project_Master,,,,,,,,NO_TEMPORAL_DATA
23.712528,92.64775,LandslideGuard_Project_Master,,,,,,,,NO_TEMPORAL_DATA
23.719389,92.675083,LandslideGuard_Project_Master,,,,,,,,NO_TEMPORAL_DATA
23.7195,92.675528,LandslideGuard_Project_Master,,,,,,,,NO_TEMPORAL_DATA
23.719472,92.676444,LandslideGuard_Project_Master,,,,,,,,NO_TEMPORAL_DATA
23.722111,92.681472,LandslideGuard_Project_Master,,,,,,,,NO_TEMPORAL_DATA
23.722222,92.682278,LandslideGuard_Project_Master,,,,,,,,NO_TEMPORAL_DATA
23.721167,92.675056,LandslideGuard_Project_Master,,,,,,,,NO_TEMPORAL_DATA
23.7335,92.674472,LandslideGuard_Project_Master,,,,,,,,NO_TEMPORAL_DATA
23.733083,92.675611,LandslideGuard_Project_Master,,,,,,,,NO_TEMPORAL_DATA
23.743694,92.679028,LandslideGuard_Project_Master,,,,,,,,NO_TEMPORAL_DATA
23.750676,92.679635,LandslideGuard_Project_Master,,,2016.0,,,2016.0,,YEAR_ONLY
23.751155,92.571589,LandslideGuard_Project_Master,,,2016.0,,,2016.0,,YEAR_ONLY
23.761734,92.573908,LandslideGuard_Project_Master,,,2016.0,,,2016.0,,YEAR_ONLY
23.757805,92.561473,LandslideGuard_Project_Master,,,2016.0,,,2016.0,,YEAR_ONLY
23.728778,92.557833,LandslideGuard_Project_Master,,,,,,,,NO_TEMPORAL_DATA
23.733222,92.557833,LandslideGuard_Project_Master,,,,,,,,NO_TEMPORAL_DATA
23.735833,92.558056,LandslideGuard_Project_Master,,,,,,,,NO_TEMPORAL_DATA
23.737167,92.557167,LandslideGuard_Project_Master,,,,,,,,NO_TEMPORAL_DATA
23.7155,92.556028,LandslideGuard_Project_Master,,,,,,,,NO_TEMPORAL_DATA
23.718194,92.556417,LandslideGuard_Project_Master,,,,,,,,NO_TEMPORAL_DATA
23.726694,92.557778,LandslideGuard_Project_Master,,,,,,,,NO_TEMPORAL_DATA
23.691722,92.575111,LandslideGuard_Project_Master,,,,,,,,NO_TEMPORAL_DATA
23.690722,92.570139,LandslideGuard_Project_Master,,,,,,,,NO_TEMPORAL_DATA
23.6935,92.570306,LandslideGuard_Project_Master,,,,,,,,NO_TEMPORAL_DATA
23.695083,92.570639,LandslideGuard_Project_Master,,,,,,,,NO_TEMPORAL_DATA
23.697889,92.568444,LandslideGuard_Project_Master,,,,,,,,NO_TEMPORAL_DATA
23.710278,92.558056,LandslideGuard_Project_Master,,,,,,,,NO_TEMPORAL_DATA
23.712611,92.560444,LandslideGuard_Project_Master,,,,,,,,NO_TEMPORAL_DATA
23.678583,92.571583,LandslideGuard_Project_Master,,,,,,,,NO_TEMPORAL_DATA
23.68075,92.571917,LandslideGuard_Project_Master,,,,,,,,NO_TEMPORAL_DATA
23.684472,92.573694,LandslideGuard_Project_Master,,,,,,,,NO_TEMPORAL_DATA
23.68225,92.573694,LandslideGuard_Project_Master,,,,,,,,NO_TEMPORAL_DATA
23.67425,92.587278,LandslideGuard_Project_Master,,,,,,,,NO_TEMPORAL_DATA
23.664583,92.590111,LandslideGuard_Project_Master,,,,,,,,NO_TEMPORAL_DATA
23.669694,92.592667,LandslideGuard_Project_Master,,,,,,,,NO_TEMPORAL_DATA
23.669278,92.592278,LandslideGuard_Project_Master,,,,,,,,NO_TEMPORAL_DATA
23.674694,92.597361,LandslideGuard_Project_Master,,,,,,,,NO_TEMPORAL_DATA
23.674167,92.596889,LandslideGuard_Project_Master,,,,,,,,NO_TEMPORAL_DATA
23.675722,92.598639,LandslideGuard_Project_Master,,,,,,,,NO_TEMPORAL_DATA
23.681778,92.602611,LandslideGuard_Project_Master,,,,,,,,NO_TEMPORAL_DATA
23.684222,92.599917,LandslideGuard_Project_Master,,,,,,,,NO_TEMPORAL_DATA
23.683417,92.601222,LandslideGuard_Project_Master,,,,,,,,NO_TEMPORAL_DATA
23.682611,92.602028,LandslideGuard_Project_Master,,,,,,,,NO_TEMPORAL_DATA
23.688389,92.595583,LandslideGuard_Project_Master,,,,,,,,NO_TEMPORAL_DATA
23.619583,92.634417,LandslideGuard_Project_Master,,,,,,,,NO_TEMPORAL_DATA
23.618722,92.627389,LandslideGuard_Project_Master,,,,,,,,NO_TEMPORAL_DATA
23.621722,92.623583,LandslideGuard_Project_Master,,,,,,,,NO_TEMPORAL_DATA
23.625444,92.614889,LandslideGuard_Project_Master,,,,,,,,NO_TEMPORAL_DATA
23.615139,92.594944,LandslideGuard_Project_Master,,,,,,,,NO_TEMPORAL_DATA
23.637472,92.595278,LandslideGuard_Project_Master,,,,,,,,NO_TEMPORAL_DATA
23.657194,92.5905,LandslideGuard_Project_Master,,,,,,,,NO_TEMPORAL_DATA
23.589167,92.590111,LandslideGuard_Project_Master,,,,,,,,NO_TEMPORAL_DATA
23.562444,92.577806,LandslideGuard_Project_Master,,,,,,,,NO_TEMPORAL_DATA
23.587111,92.601667,LandslideGuard_Project_Master,,,,,,,,NO_TEMPORAL_DATA
23.587361,92.601278,LandslideGuard_Project_Master,,,,,,,,NO_TEMPORAL_DATA
23.580139,92.591139,LandslideGuard_Project_Master,,,,,,,,NO_TEMPORAL_DATA
23.587917,92.598056,LandslideGuard_Project_Master,,,,,,,,NO_TEMPORAL_DATA
23.588444,92.597417,LandslideGuard_Project_Master,,,,,,,,NO_TEMPORAL_DATA
23.588472,92.599,LandslideGuard_Project_Master,,,,,,,,NO_TEMPORAL_DATA
23.588417,92.600889,LandslideGuard_Project_Master,,,,,,,,NO_TEMPORAL_DATA
23.598139,92.599111,LandslideGuard_Project_Master,,,,,,,,NO_TEMPORAL_DATA
23.609111,92.596306,LandslideGuard_Project_Master,,,,,,,,NO_TEMPORAL_DATA
23.608389,92.596889,LandslideGuard_Project_Master,,,,,,,,NO_TEMPORAL_DATA
23.590722,92.604694,LandslideGuard_Project_Master,,,,,,,,NO_TEMPORAL_DATA
23.590139,92.607333,LandslideGuard_Project_Master,,,,,,,,NO_TEMPORAL_DATA
23.584417,92.622917,LandslideGuard_Project_Master,,,,,,,,NO_TEMPORAL_DATA
23.587,92.622389,LandslideGuard_Project_Master,,,,,,,,NO_TEMPORAL_DATA
23.618917,92.642611,LandslideGuard_Project_Master,,,,,,,,NO_TEMPORAL_DATA
23.618083,92.645028,LandslideGuard_Project_Master,,,,,,,,NO_TEMPORAL_DATA
23.65475,92.690083,LandslideGuard_Project_Master,,,,,,,,NO_TEMPORAL_DATA
23.652972,92.6985,LandslideGuard_Project_Master,,,,,,,,NO_TEMPORAL_DATA
23.657278,92.704583,LandslideGuard_Project_Master,,,,,,,,NO_TEMPORAL_DATA
23.604611,92.726417,LandslideGuard_Project_Master,,,,,,,,NO_TEMPORAL_DATA
23.708217,92.761489,LandslideGuard_Project_Master,,,,,,,,NO_TEMPORAL_DATA
23.710194,92.741167,LandslideGuard_Project_Master,,,,,,,,NO_TEMPORAL_DATA
23.73436,92.75194,LandslideGuard_Project_Master,,,,,,,,NO_TEMPORAL_DATA
23.739306,92.743111,LandslideGuard_Project_Master,,,,,,,,NO_TEMPORAL_DATA
23.727694,92.736,LandslideGuard_Project_Master,,,,,,,,NO_TEMPORAL_DATA
23.744167,92.730472,LandslideGuard_Project_Master,,,,,,,,NO_TEMPORAL_DATA
23.741389,92.739528,LandslideGuard_Project_Master,,,,,,,,NO_TEMPORAL_DATA
23.751694,92.731528,LandslideGuard_Project_Master,,,,,,,,NO_TEMPORAL_DATA
23.762482,92.742799,LandslideGuard_Project_Master,,,,,,,,NO_TEMPORAL_DATA
23.750722,92.744,LandslideGuard_Project_Master,,,,,,,,NO_TEMPORAL_DATA
23.745444,92.749556,LandslideGuard_Project_Master,,,,,,,,NO_TEMPORAL_DATA
23.732894,92.753033,LandslideGuard_Project_Master,,,,,,,,NO_TEMPORAL_DATA
23.730867,92.755639,LandslideGuard_Project_Master,,,,,,,,NO_TEMPORAL_DATA
23.736217,92.796936,LandslideGuard_Project_Master,,,,,,,,NO_TEMPORAL_DATA
23.740417,92.795083,LandslideGuard_Project_Master,,,,,,,,NO_TEMPORAL_DATA
23.713131,92.798942,LandslideGuard_Project_Master,,,,,,,,NO_TEMPORAL_DATA
23.682158,92.858383,LandslideGuard_Project_Master,,,,,,,,NO_TEMPORAL_DATA
23.680931,92.859617,LandslideGuard_Project_Master,,,,,,,,NO_TEMPORAL_DATA
23.695444,92.861667,LandslideGuard_Project_Master,,,,,,,,NO_TEMPORAL_DATA
23.711722,92.858394,LandslideGuard_Project_Master,,,,,,,,NO_TEMPORAL_DATA
23.735086,92.829525,LandslideGuard_Project_Master,,,,,,,,NO_TEMPORAL_DATA
23.732867,92.825842,LandslideGuard_Project_Master,,,,,,,,NO_TEMPORAL_DATA
23.760222,92.848167,LandslideGuard_Project_Master,,,,,,,,NO_TEMPORAL_DATA
23.727472,92.85265,LandslideGuard_Project_Master,,,,,,,,NO_TEMPORAL_DATA
23.716025,92.854306,LandslideGuard_Project_Master,,,,,,,,NO_TEMPORAL_DATA
23.719694,92.868053,LandslideGuard_Project_Master,,,,,,,,NO_TEMPORAL_DATA
23.716125,92.866156,LandslideGuard_Project_Master,,,,,,,,NO_TEMPORAL_DATA
23.719306,92.869058,LandslideGuard_Project_Master,,,,,,,,NO_TEMPORAL_DATA
23.719306,92.869058,LandslideGuard_Project_Master,,,,,,,,NO_TEMPORAL_DATA
23.714703,92.873933,LandslideGuard_Project_Master,,,,,,,,NO_TEMPORAL_DATA
23.705117,92.877669,LandslideGuard_Project_Master,,,,,,,,NO_TEMPORAL_DATA
23.700889,92.878361,LandslideGuard_Project_Master,,,,,,,,NO_TEMPORAL_DATA
23.697056,92.877944,LandslideGuard_Project_Master,,,,,,,,NO_TEMPORAL_DATA
23.699611,92.874917,LandslideGuard_Project_Master,,,,,,,,NO_TEMPORAL_DATA
23.695528,92.884167,LandslideGuard_Project_Master,,,,,,,,NO_TEMPORAL_DATA
23.671,92.888333,LandslideGuard_Project_Master,,,,,,,,NO_TEMPORAL_DATA
23.669056,92.888889,LandslideGuard_Project_Master,,,,,,,,NO_TEMPORAL_DATA
23.666722,92.890889,LandslideGuard_Project_Master,,,,,,,,NO_TEMPORAL_DATA
23.665806,92.892639,LandslideGuard_Project_Master,,,,,,,,NO_TEMPORAL_DATA
23.613722,92.851889,LandslideGuard_Project_Master,,,2016.0,,,2016.0,,YEAR_ONLY
23.608306,92.850583,LandslideGuard_Project_Master,,,2016.0,,,2016.0,,YEAR_ONLY
23.566631,92.876781,LandslideGuard_Project_Master,,,,,,,,NO_TEMPORAL_DATA
23.607347,92.879114,LandslideGuard_Project_Master,,,,,,,,NO_TEMPORAL_DATA
23.499418,92.905021,LandslideGuard_Project_Master,,,2017.0,,,2017.0,,YEAR_ONLY
23.476232,92.913652,LandslideGuard_Project_Master,,,2015.0,,,2015.0,,YEAR_ONLY
23.479766,92.870601,LandslideGuard_Project_Master,,,2016.0,,,2016.0,,YEAR_ONLY
23.498802,92.8546,LandslideGuard_Project_Master,,,2016.0,,,2016.0,,YEAR_ONLY
23.497919,92.854946,LandslideGuard_Project_Master,,,2016.0,,,2016.0,,YEAR_ONLY
23.497388,92.855013,LandslideGuard_Project_Master,,,2016.0,,,2016.0,,YEAR_ONLY
23.493913,92.854305,LandslideGuard_Project_Master,,,2016.0,,,2016.0,,YEAR_ONLY
23.486909,92.856282,LandslideGuard_Project_Master,,,2014.0,,,2014.0,,YEAR_ONLY
23.47803,92.861256,LandslideGuard_Project_Master,,,2016.0,,,2016.0,,YEAR_ONLY
23.478601,92.858505,LandslideGuard_Project_Master,,,2015.0,,,2015.0,,YEAR_ONLY
23.477108,92.857281,LandslideGuard_Project_Master,,,2016.0,,,2016.0,,YEAR_ONLY
23.47831,92.865466,LandslideGuard_Project_Master,,,,,,,,NO_TEMPORAL_DATA
23.464394,92.855608,LandslideGuard_Project_Master,,,,,,,,NO_TEMPORAL_DATA
23.462805,92.856093,LandslideGuard_Project_Master,,,2016.0,,,2016.0,,YEAR_ONLY
23.460792,92.855527,LandslideGuard_Project_Master,,,2014.0,,,2014.0,,YEAR_ONLY
23.535189,92.846042,LandslideGuard_Project_Master,,,,,,,,NO_TEMPORAL_DATA
23.50994,92.76861,LandslideGuard_Project_Master,,,,,,,,NO_TEMPORAL_DATA
23.470109,92.740615,LandslideGuard_Project_Master,,,,,,,,NO_TEMPORAL_DATA
23.470794,92.741413,LandslideGuard_Project_Master,,,2016.0,,,2016.0,,YEAR_ONLY
23.467262,92.740634,LandslideGuard_Project_Master,,,,,,,,NO_TEMPORAL_DATA
23.463981,92.736875,LandslideGuard_Project_Master,,,2016.0,,,2016.0,,YEAR_ONLY
23.464206,92.737583,LandslideGuard_Project_Master,,,,,,,,NO_TEMPORAL_DATA
23.460697,92.747293,LandslideGuard_Project_Master,,,2016.0,,,2016.0,,YEAR_ONLY
23.477601,92.818801,LandslideGuard_Project_Master,,,2016.0,,,2016.0,,YEAR_ONLY
23.412046,92.750099,LandslideGuard_Project_Master,,,2016.0,,,2016.0,,YEAR_ONLY
23.409674,92.750935,LandslideGuard_Project_Master,,,2016.0,,,2016.0,,YEAR_ONLY
23.411146,92.752193,LandslideGuard_Project_Master,,,2016.0,,,2016.0,,YEAR_ONLY
23.412879,92.75401,LandslideGuard_Project_Master,,,2016.0,,,2016.0,,YEAR_ONLY
23.417482,92.770557,LandslideGuard_Project_Master,,,2016.0,,,2016.0,,YEAR_ONLY
23.393332,92.758148,LandslideGuard_Project_Master,,,,,,,,NO_TEMPORAL_DATA
23.397126,92.757203,LandslideGuard_Project_Master,,,2016.0,,,2016.0,,YEAR_ONLY
23.406389,92.75325,LandslideGuard_Project_Master,,,,,,,,NO_TEMPORAL_DATA
23.403402,92.750288,LandslideGuard_Project_Master,,,2016.0,,,2016.0,,YEAR_ONLY
23.40178,92.750005,LandslideGuard_Project_Master,,,2016.0,,,2016.0,,YEAR_ONLY
23.383745,92.845792,LandslideGuard_Project_Master,,,,,,,,NO_TEMPORAL_DATA
23.38533,92.855433,LandslideGuard_Project_Master,,,2016.0,,,2016.0,,YEAR_ONLY
23.401015,92.848482,LandslideGuard_Project_Master,,,2016.0,,,2016.0,,YEAR_ONLY
23.405305,92.851014,LandslideGuard_Project_Master,,,2015.0,,,2015.0,,YEAR_ONLY
23.40002,92.842404,LandslideGuard_Project_Master,,,2016.0,,,2016.0,,YEAR_ONLY
23.388377,92.845102,LandslideGuard_Project_Master,,,2014.0,,,2014.0,,YEAR_ONLY
23.385211,92.844697,LandslideGuard_Project_Master,,,2016.0,,,2016.0,,YEAR_ONLY
23.434706,92.854894,LandslideGuard_Project_Master,,,2016.0,,,2016.0,,YEAR_ONLY
23.443878,92.85593,LandslideGuard_Project_Master,,,2016.0,,,2016.0,,YEAR_ONLY
23.459786,92.855821,LandslideGuard_Project_Master,,,2016.0,,,2016.0,,YEAR_ONLY
23.459019,92.856803,LandslideGuard_Project_Master,,,2016.0,,,2016.0,,YEAR_ONLY
23.454968,92.854599,LandslideGuard_Project_Master,,,2016.0,,,2016.0,,YEAR_ONLY
23.447985,92.856607,LandslideGuard_Project_Master,,,2016.0,,,2016.0,,YEAR_ONLY
23.449827,92.8599,LandslideGuard_Project_Master,,,2015.0,,,2015.0,,YEAR_ONLY
23.447697,92.861729,LandslideGuard_Project_Master,,,2015.0,,,2015.0,,YEAR_ONLY
23.454081,92.857453,LandslideGuard_Project_Master,,,2015.0,,,2015.0,,YEAR_ONLY
23.454817,92.858696,LandslideGuard_Project_Master,,,2016.0,,,2016.0,,YEAR_ONLY
23.456101,92.859084,LandslideGuard_Project_Master,,,2016.0,,,2016.0,,YEAR_ONLY
23.457031,92.857686,LandslideGuard_Project_Master,,,2016.0,,,2016.0,,YEAR_ONLY
23.447015,92.866917,LandslideGuard_Project_Master,,,2016.0,,,2016.0,,YEAR_ONLY
23.44129,92.865395,LandslideGuard_Project_Master,,,2016.0,,,2016.0,,YEAR_ONLY
23.447093,92.863082,LandslideGuard_Project_Master,,,2016.0,,,2016.0,,YEAR_ONLY
23.44608,92.861819,LandslideGuard_Project_Master,,,2016.0,,,2016.0,,YEAR_ONLY
23.443793,92.862106,LandslideGuard_Project_Master,,,2015.0,,,2015.0,,YEAR_ONLY
23.440711,92.864298,LandslideGuard_Project_Master,,,2016.0,,,2016.0,,YEAR_ONLY
23.435405,92.871814,LandslideGuard_Project_Master,,,2015.0,,,2015.0,,YEAR_ONLY
23.43481,92.873933,LandslideGuard_Project_Master,,,2016.0,,,2016.0,,YEAR_ONLY
23.436999,92.875456,LandslideGuard_Project_Master,,,2016.0,,,2016.0,,YEAR_ONLY
23.438997,92.877502,LandslideGuard_Project_Master,,,2016.0,,,2016.0,,YEAR_ONLY
23.440973,92.87909,LandslideGuard_Project_Master,,,2016.0,,,2016.0,,YEAR_ONLY
23.442118,92.868912,LandslideGuard_Project_Master,,,2016.0,,,2016.0,,YEAR_ONLY
23.451505,92.900845,LandslideGuard_Project_Master,,,2015.0,,,2015.0,,YEAR_ONLY
23.448368,92.899862,LandslideGuard_Project_Master,,,2016.0,,,2016.0,,YEAR_ONLY
23.458593,92.905313,LandslideGuard_Project_Master,,,2016.0,,,2016.0,,YEAR_ONLY
23.458124,92.9053,LandslideGuard_Project_Master,,,2016.0,,,2016.0,,YEAR_ONLY
23.316221,92.856217,LandslideGuard_Project_Master,,,2015.0,,,2015.0,,YEAR_ONLY
23.318805,92.853099,LandslideGuard_Project_Master,,,2016.0,,,2016.0,,YEAR_ONLY
23.320815,92.854748,LandslideGuard_Project_Master,,,2014.0,,,2014.0,,YEAR_ONLY
23.320289,92.854914,LandslideGuard_Project_Master,,,,,,,,NO_TEMPORAL_DATA
23.321505,92.854734,LandslideGuard_Project_Master,,,2015.0,,,2015.0,,YEAR_ONLY
23.322363,92.854689,LandslideGuard_Project_Master,,,2016.0,,,2016.0,,YEAR_ONLY
23.321765,92.8589,LandslideGuard_Project_Master,,,,,,,,NO_TEMPORAL_DATA
23.321864,92.859431,LandslideGuard_Project_Master,,,,,,,,NO_TEMPORAL_DATA
23.315806,92.859192,LandslideGuard_Project_Master,,,2014.0,,,2014.0,,YEAR_ONLY
23.314208,92.858096,LandslideGuard_Project_Master,,,2016.0,,,2016.0,,YEAR_ONLY
23.308769,92.862258,LandslideGuard_Project_Master,,,2016.0,,,2016.0,,YEAR_ONLY
23.309091,92.86293,LandslideGuard_Project_Master,,,2016.0,,,2016.0,,YEAR_ONLY
23.28388,92.857468,LandslideGuard_Project_Master,,,2016.0,,,2016.0,,YEAR_ONLY
23.28611,92.85748,LandslideGuard_Project_Master,,,2015.0,,,2015.0,,YEAR_ONLY
23.28621,92.857249,LandslideGuard_Project_Master,,,2015.0,,,2015.0,,YEAR_ONLY
23.286001,92.857178,LandslideGuard_Project_Master,,,2015.0,,,2015.0,,YEAR_ONLY
23.288105,92.857432,LandslideGuard_Project_Master,,,2015.0,,,2015.0,,YEAR_ONLY
23.28985,92.860445,LandslideGuard_Project_Master,,,2015.0,,,2015.0,,YEAR_ONLY
23.291063,92.860374,LandslideGuard_Project_Master,,,2015.0,,,2015.0,,YEAR_ONLY
23.293142,92.857091,LandslideGuard_Project_Master,,,2016.0,,,2016.0,,YEAR_ONLY
23.285967,92.856546,LandslideGuard_Project_Master,,,2015.0,,,2015.0,,YEAR_ONLY
23.282258,92.852377,LandslideGuard_Project_Master,,,2015.0,,,2015.0,,YEAR_ONLY
23.283951,92.852551,LandslideGuard_Project_Master,,,2015.0,,,2015.0,,YEAR_ONLY
23.297759,92.856169,LandslideGuard_Project_Master,,,,,,,,NO_TEMPORAL_DATA
23.302456,92.853533,LandslideGuard_Project_Master,,,2015.0,,,2015.0,,YEAR_ONLY
23.28328,92.831766,LandslideGuard_Project_Master,,,2016.0,,,2016.0,,YEAR_ONLY
23.277886,92.840388,LandslideGuard_Project_Master,,,2015.0,,,2015.0,,YEAR_ONLY
23.275305,92.850377,LandslideGuard_Project_Master,,,2016.0,,,2016.0,,YEAR_ONLY
23.2741,92.848362,LandslideGuard_Project_Master,,,2015.0,,,2015.0,,YEAR_ONLY
23.276999,92.850991,LandslideGuard_Project_Master,,,2015.0,,,2015.0,,YEAR_ONLY
23.281103,92.857654,LandslideGuard_Project_Master,,,2015.0,,,2015.0,,YEAR_ONLY
23.260038,92.882734,LandslideGuard_Project_Master,,,2015.0,,,2015.0,,YEAR_ONLY
23.272218,92.873298,LandslideGuard_Project_Master,,,2016.0,,,2016.0,,YEAR_ONLY
23.277412,92.870285,LandslideGuard_Project_Master,,,2016.0,,,2016.0,,YEAR_ONLY
23.279612,92.869602,LandslideGuard_Project_Master,,,2015.0,,,2015.0,,YEAR_ONLY
23.281521,92.868857,LandslideGuard_Project_Master,,,2016.0,,,2016.0,,YEAR_ONLY
23.293769,92.871451,LandslideGuard_Project_Master,,,2016.0,,,2016.0,,YEAR_ONLY
23.243479,92.904846,LandslideGuard_Project_Master,,,,,,,,NO_TEMPORAL_DATA
23.255426,92.890915,LandslideGuard_Project_Master,,,2016.0,,,2016.0,,YEAR_ONLY
23.255288,92.888813,LandslideGuard_Project_Master,,,2016.0,,,2016.0,,YEAR_ONLY
23.213892,92.904892,LandslideGuard_Project_Master,,,,,,,,NO_TEMPORAL_DATA
23.195522,92.90062,LandslideGuard_Project_Master,,,,,,,,NO_TEMPORAL_DATA
23.168777,92.90097,LandslideGuard_Project_Master,,,,,,,,NO_TEMPORAL_DATA
23.172501,92.900558,LandslideGuard_Project_Master,,,,,,,,NO_TEMPORAL_DATA
23.249727,92.796631,LandslideGuard_Project_Master,,,,,,,,NO_TEMPORAL_DATA
23.245819,92.798233,LandslideGuard_Project_Master,,,,,,,,NO_TEMPORAL_DATA
23.242828,92.798134,LandslideGuard_Project_Master,,,,,,,,NO_TEMPORAL_DATA
23.23035,92.79808,LandslideGuard_Project_Master,,,,,,,,NO_TEMPORAL_DATA
23.225542,92.798363,LandslideGuard_Project_Master,,,,,,,,NO_TEMPORAL_DATA
23.208055,92.795555,LandslideGuard_Project_Master,,,,,,,,NO_TEMPORAL_DATA
23.183332,92.794724,LandslideGuard_Project_Master,,,,,,,,NO_TEMPORAL_DATA
23.173716,92.739754,LandslideGuard_Project_Master,,,,,,,,NO_TEMPORAL_DATA
23.182264,92.737099,LandslideGuard_Project_Master,,,,,,,,NO_TEMPORAL_DATA
23.30028,92.741186,LandslideGuard_Project_Master,,,2016.0,,,2016.0,,YEAR_ONLY
23.297332,92.740677,LandslideGuard_Project_Master,,,2016.0,,,2016.0,,YEAR_ONLY
23.297637,92.74119,LandslideGuard_Project_Master,,,2016.0,,,2016.0,,YEAR_ONLY
23.298413,92.81508,LandslideGuard_Project_Master,,,2016.0,,,2016.0,,YEAR_ONLY
23.305259,92.809736,LandslideGuard_Project_Master,,,2016.0,,,2016.0,,YEAR_ONLY
23.315355,92.786906,LandslideGuard_Project_Master,,,2016.0,,,2016.0,,YEAR_ONLY
23.3154,92.791224,LandslideGuard_Project_Master,,,2016.0,,,2016.0,,YEAR_ONLY
23.314408,92.808662,LandslideGuard_Project_Master,,,2016.0,,,2016.0,,YEAR_ONLY
23.353803,92.794306,LandslideGuard_Project_Master,,,2016.0,,,2016.0,,YEAR_ONLY
23.333984,92.781878,LandslideGuard_Project_Master,,,2016.0,,,2016.0,,YEAR_ONLY
23.349857,92.780208,LandslideGuard_Project_Master,,,2015.0,,,2015.0,,YEAR_ONLY
23.351772,92.781701,LandslideGuard_Project_Master,,,2015.0,,,2015.0,,YEAR_ONLY
23.308202,92.731268,LandslideGuard_Project_Master,,,2016.0,,,2016.0,,YEAR_ONLY
23.302106,92.649524,LandslideGuard_Project_Master,,,2017.0,,,2017.0,,YEAR_ONLY
23.298044,92.648759,LandslideGuard_Project_Master,,,2016.0,,,2016.0,,YEAR_ONLY
23.273513,92.65731,LandslideGuard_Project_Master,,,2016.0,,,2016.0,,YEAR_ONLY
23.28113,92.651804,LandslideGuard_Project_Master,,,2011.0,,,2011.0,,YEAR_ONLY
23.271781,92.637703,LandslideGuard_Project_Master,,,2015.0,,,2015.0,,YEAR_ONLY
23.2747,92.647873,LandslideGuard_Project_Master,,,2016.0,,,2016.0,,YEAR_ONLY
23.268811,92.665508,LandslideGuard_Project_Master,,,2016.0,,,2016.0,,YEAR_ONLY
23.29659,92.694008,LandslideGuard_Project_Master,,,2016.0,,,2016.0,,YEAR_ONLY
23.299407,92.696714,LandslideGuard_Project_Master,,,2016.0,,,2016.0,,YEAR_ONLY
23.301399,92.699109,LandslideGuard_Project_Master,,,2016.0,,,2016.0,,YEAR_ONLY
23.306654,92.707482,LandslideGuard_Project_Master,,,,,,,,NO_TEMPORAL_DATA
23.193548,92.684456,LandslideGuard_Project_Master,,,,,,,,NO_TEMPORAL_DATA
23.193548,92.684456,LandslideGuard_Project_Master,,,,,,,,NO_TEMPORAL_DATA
23.202129,92.681442,LandslideGuard_Project_Master,,,,,,,,NO_TEMPORAL_DATA
23.201111,92.681946,LandslideGuard_Project_Master,,,,,,,,NO_TEMPORAL_DATA
23.199167,92.683334,LandslideGuard_Project_Master,,,,,,,,NO_TEMPORAL_DATA
23.194187,92.680779,LandslideGuard_Project_Master,,,,,,,,NO_TEMPORAL_DATA
23.196638,92.679802,LandslideGuard_Project_Master,,,,,,,,NO_TEMPORAL_DATA
23.184711,92.679962,LandslideGuard_Project_Master,,,,,,,,NO_TEMPORAL_DATA
23.184711,92.679962,LandslideGuard_Project_Master,,,,,,,,NO_TEMPORAL_DATA
23.226894,92.638527,LandslideGuard_Project_Master,,,,,,,,NO_TEMPORAL_DATA
23.208017,92.676277,LandslideGuard_Project_Master,,,,,,,,NO_TEMPORAL_DATA
23.219172,92.67691,LandslideGuard_Project_Master,,,,,,,,NO_TEMPORAL_DATA
23.230371,92.673973,LandslideGuard_Project_Master,,,,,,,,NO_TEMPORAL_DATA
23.230371,92.673973,LandslideGuard_Project_Master,,,,,,,,NO_TEMPORAL_DATA
23.231653,92.673714,LandslideGuard_Project_Master,,,,,,,,NO_TEMPORAL_DATA
23.235651,92.673058,LandslideGuard_Project_Master,,,,,,,,NO_TEMPORAL_DATA
23.24774,92.671333,LandslideGuard_Project_Master,,,,,,,,NO_TEMPORAL_DATA
23.242306,92.640587,LandslideGuard_Project_Master,,,,,,,,NO_TEMPORAL_DATA
23.242306,92.640587,LandslideGuard_Project_Master,,,,,,,,NO_TEMPORAL_DATA
23.248526,92.63958,LandslideGuard_Project_Master,,,,,,,,NO_TEMPORAL_DATA
23.254946,92.634239,LandslideGuard_Project_Master,,,2015.0,,,2015.0,,YEAR_ONLY
23.17411,92.608917,LandslideGuard_Project_Master,,,,,,,,NO_TEMPORAL_DATA
23.205305,92.585861,LandslideGuard_Project_Master,,,,,,,,NO_TEMPORAL_DATA
23.201084,92.580803,LandslideGuard_Project_Master,,,,,,,,NO_TEMPORAL_DATA
23.204981,92.57457,LandslideGuard_Project_Master,,,,,,,,NO_TEMPORAL_DATA
23.189917,92.54953,LandslideGuard_Project_Master,,,,,,,,NO_TEMPORAL_DATA
23.189638,92.549889,LandslideGuard_Project_Master,,,,,,,,NO_TEMPORAL_DATA
23.189108,92.547783,LandslideGuard_Project_Master,,,,,,,,NO_TEMPORAL_DATA
23.188799,92.55249,LandslideGuard_Project_Master,,,,,,,,NO_TEMPORAL_DATA
23.213055,92.58889,LandslideGuard_Project_Master,,,,,,,,NO_TEMPORAL_DATA
23.214001,92.588608,LandslideGuard_Project_Master,,,,,,,,NO_TEMPORAL_DATA
23.249056,92.546501,LandslideGuard_Project_Master,,,,,,,,NO_TEMPORAL_DATA
23.246555,92.554054,LandslideGuard_Project_Master,,,,,,,,NO_TEMPORAL_DATA
23.360199,92.632911,LandslideGuard_Project_Master,,,2016.0,,,2016.0,,YEAR_ONLY
23.421903,92.715601,LandslideGuard_Project_Master,,,2016.0,,,2016.0,,YEAR_ONLY
23.415165,92.722199,LandslideGuard_Project_Master,,,2016.0,,,2016.0,,YEAR_ONLY
23.413501,92.725781,LandslideGuard_Project_Master,,,2016.0,,,2016.0,,YEAR_ONLY
23.425424,92.716106,LandslideGuard_Project_Master,,,2016.0,,,2016.0,,YEAR_ONLY
23.423348,92.715571,LandslideGuard_Project_Master,,,2016.0,,,2016.0,,YEAR_ONLY
23.427681,92.714959,LandslideGuard_Project_Master,,,2016.0,,,2016.0,,YEAR_ONLY
23.440648,92.703726,LandslideGuard_Project_Master,,,2016.0,,,2016.0,,YEAR_ONLY
23.439894,92.702301,LandslideGuard_Project_Master,,,2016.0,,,2016.0,,YEAR_ONLY
23.442296,92.695903,LandslideGuard_Project_Master,,,2016.0,,,2016.0,,YEAR_ONLY
23.470964,92.692902,LandslideGuard_Project_Master,,,2016.0,,,2016.0,,YEAR_ONLY
23.470198,92.693264,LandslideGuard_Project_Master,,,2016.0,,,2016.0,,YEAR_ONLY
23.476702,92.705854,LandslideGuard_Project_Master,,,,,,,,NO_TEMPORAL_DATA
23.49901,92.702759,LandslideGuard_Project_Master,,,2016.0,,,2016.0,,YEAR_ONLY
23.498881,92.703251,LandslideGuard_Project_Master,,,2016.0,,,2016.0,,YEAR_ONLY
23.491497,92.705503,LandslideGuard_Project_Master,,,2016.0,,,2016.0,,YEAR_ONLY
23.491004,92.696873,LandslideGuard_Project_Master,,,2016.0,,,2016.0,,YEAR_ONLY
23.503611,92.615556,LandslideGuard_Project_Master,,,,,,,,NO_TEMPORAL_DATA
23.475392,92.605749,LandslideGuard_Project_Master,,,2015.0,,,2015.0,,YEAR_ONLY
23.460968,92.597217,LandslideGuard_Project_Master,,,2010.0,,,2010.0,,YEAR_ONLY
23.468357,92.591717,LandslideGuard_Project_Master,,,2016.0,,,2016.0,,YEAR_ONLY
23.487102,92.606156,LandslideGuard_Project_Master,,,,,,,,NO_TEMPORAL_DATA
23.500083,92.585889,LandslideGuard_Project_Master,,,,,,,,NO_TEMPORAL_DATA
23.501778,92.58575,LandslideGuard_Project_Master,,,,,,,,NO_TEMPORAL_DATA
23.519139,92.5795,LandslideGuard_Project_Master,,,,,,,,NO_TEMPORAL_DATA
23.51975,92.579556,LandslideGuard_Project_Master,,,,,,,,NO_TEMPORAL_DATA
23.531417,92.573056,LandslideGuard_Project_Master,,,,,,,,NO_TEMPORAL_DATA
23.533361,92.572139,LandslideGuard_Project_Master,,,,,,,,NO_TEMPORAL_DATA
23.546,92.574556,LandslideGuard_Project_Master,,,,,,,,NO_TEMPORAL_DATA
23.208694,92.50975,LandslideGuard_Project_Master,,,,,,,,NO_TEMPORAL_DATA
23.208082,92.507889,LandslideGuard_Project_Master,,,,,,,,NO_TEMPORAL_DATA
23.208918,92.518692,LandslideGuard_Project_Master,,,,,,,,NO_TEMPORAL_DATA
23.210028,92.522781,LandslideGuard_Project_Master,,,,,,,,NO_TEMPORAL_DATA
23.20875,92.538361,LandslideGuard_Project_Master,,,,,,,,NO_TEMPORAL_DATA
23.205961,92.538406,LandslideGuard_Project_Master,,,,,,,,NO_TEMPORAL_DATA
23.209055,92.540611,LandslideGuard_Project_Master,,,,,,,,NO_TEMPORAL_DATA
23.18,92.49,LandslideGuard_Project_Master,,,2018.0,,,2018.0,,YEAR_ONLY
23.25,92.48,LandslideGuard_Project_Master,,,2018.0,,,2018.0,,YEAR_ONLY
23.727194,92.242722,LandslideGuard_Project_Master,,,2015.0,,,2015.0,,YEAR_ONLY
23.69,92.35,LandslideGuard_Project_Master,,,2018.0,,,2018.0,,YEAR_ONLY
23.69,92.35,LandslideGuard_Project_Master,,,,,,,,NO_TEMPORAL_DATA
23.57,92.47,LandslideGuard_Project_Master,,,2019.0,,,2019.0,,YEAR_ONLY
23.57,92.47,LandslideGuard_Project_Master,,,2019.0,,,2019.0,,YEAR_ONLY
23.69,92.49,LandslideGuard_Project_Master,,,2019.0,,,2019.0,,YEAR_ONLY
23.78,92.36,LandslideGuard_Project_Master,,,2019.0,,,2019.0,,YEAR_ONLY
23.79,92.36,LandslideGuard_Project_Master,,,2019.0,,,2019.0,,YEAR_ONLY
23.84,92.37,LandslideGuard_Project_Master,,,2019.0,,,2019.0,,YEAR_ONLY
23.86,92.37,LandslideGuard_Project_Master,,,,,,,,NO_TEMPORAL_DATA
23.767139,92.533889,LandslideGuard_Project_Master,,,2016.0,,,2016.0,,YEAR_ONLY
23.767139,92.533889,LandslideGuard_Project_Master,,,2016.0,,,2016.0,,YEAR_ONLY
23.76821,92.539681,LandslideGuard_Project_Master,,,2016.0,,,2016.0,,YEAR_ONLY
23.8,92.5,LandslideGuard_Project_Master,,,2019.0,,,2019.0,,YEAR_ONLY
23.81,92.5,LandslideGuard_Project_Master,,,2019.0,,,2019.0,,YEAR_ONLY
23.87,92.5,LandslideGuard_Project_Master,,,2019.0,,,2019.0,,YEAR_ONLY
23.88,92.5,LandslideGuard_Project_Master,,,2019.0,,,2019.0,,YEAR_ONLY
23.91,92.45,LandslideGuard_Project_Master,,,2019.0,,,2019.0,,YEAR_ONLY
23.9,92.39,LandslideGuard_Project_Master,,,2019.0,,,2019.0,,YEAR_ONLY
23.93,92.37,LandslideGuard_Project_Master,,,2019.0,,,2019.0,,YEAR_ONLY
23.94,92.37,LandslideGuard_Project_Master,,,2019.0,,,2019.0,,YEAR_ONLY
23.95,92.37,LandslideGuard_Project_Master,,,2019.0,,,2019.0,,YEAR_ONLY
23.927194,92.275389,LandslideGuard_Project_Master,,,,,,,,NO_TEMPORAL_DATA
23.896194,92.296667,LandslideGuard_Project_Master,,,,,,,,NO_TEMPORAL_DATA
23.914472,92.27125,LandslideGuard_Project_Master,,,,,,,,NO_TEMPORAL_DATA
23.906917,92.271944,LandslideGuard_Project_Master,,,,,,,,NO_TEMPORAL_DATA
23.897556,92.282889,LandslideGuard_Project_Master,,,,,,,,NO_TEMPORAL_DATA
23.896806,92.283361,LandslideGuard_Project_Master,,,,,,,,NO_TEMPORAL_DATA
23.896806,92.283361,LandslideGuard_Project_Master,,,,,,,,NO_TEMPORAL_DATA
23.899944,92.279222,LandslideGuard_Project_Master,,,,,,,,NO_TEMPORAL_DATA
23.894667,92.287972,LandslideGuard_Project_Master,,,,,,,,NO_TEMPORAL_DATA
23.89125,92.288056,LandslideGuard_Project_Master,,,,,,,,NO_TEMPORAL_DATA
23.891083,92.288361,LandslideGuard_Project_Master,,,,,,,,NO_TEMPORAL_DATA
23.892694,92.272667,LandslideGuard_Project_Master,,,2015.0,,,2015.0,,YEAR_ONLY
23.890278,92.272528,LandslideGuard_Project_Master,,,2015.0,,,2015.0,,YEAR_ONLY
23.86,92.35,LandslideGuard_Project_Master,,,2019.0,,,2019.0,,YEAR_ONLY
23.85,92.33,LandslideGuard_Project_Master,,,2019.0,,,2019.0,,YEAR_ONLY
23.824722,92.260722,LandslideGuard_Project_Master,,,,,,,,NO_TEMPORAL_DATA
23.882833,92.241583,LandslideGuard_Project_Master,,,2015.0,,,2015.0,,YEAR_ONLY
23.953333,92.233139,LandslideGuard_Project_Master,,,2015.0,,,2015.0,,YEAR_ONLY
24.031139,92.2535,LandslideGuard_Project_Master,,,,,,,,NO_TEMPORAL_DATA
24.048556,92.314306,LandslideGuard_Project_Master,,,2015.0,,,2015.0,,YEAR_ONLY
24.070611,92.290944,LandslideGuard_Project_Master,,,2015.0,,,2015.0,,YEAR_ONLY
24.069556,92.291361,LandslideGuard_Project_Master,,,2015.0,,,2015.0,,YEAR_ONLY
24.068472,92.290833,LandslideGuard_Project_Master,,,2015.0,,,2015.0,,YEAR_ONLY
24.063194,92.28225,LandslideGuard_Project_Master,,,,,,,,NO_TEMPORAL_DATA
24.069444,92.287167,LandslideGuard_Project_Master,,,2015.0,,,2015.0,,YEAR_ONLY
24.066639,92.277417,LandslideGuard_Project_Master,,,2015.0,,,2015.0,,YEAR_ONLY
24.106444,92.276389,LandslideGuard_Project_Master,,,2015.0,,,2015.0,,YEAR_ONLY
24.107028,92.276667,LandslideGuard_Project_Master,,,2015.0,,,2015.0,,YEAR_ONLY
24.071167,92.291694,LandslideGuard_Project_Master,,,2015.0,,,2015.0,,YEAR_ONLY
24.141694,92.322306,LandslideGuard_Project_Master,,,2015.0,,,2015.0,,YEAR_ONLY
24.139861,92.319167,LandslideGuard_Project_Master,,,2015.0,,,2015.0,,YEAR_ONLY
24.17,92.33,LandslideGuard_Project_Master,,,2019.0,,,2019.0,,YEAR_ONLY
24.134722,92.277639,LandslideGuard_Project_Master,,,2015.0,,,2015.0,,YEAR_ONLY
24.133306,92.27775,LandslideGuard_Project_Master,,,2015.0,,,2015.0,,YEAR_ONLY
24.129083,92.277667,LandslideGuard_Project_Master,,,2015.0,,,2015.0,,YEAR_ONLY
24.142722,92.273583,LandslideGuard_Project_Master,,,2015.0,,,2015.0,,YEAR_ONLY
24.165583,92.268389,LandslideGuard_Project_Master,,,2015.0,,,2015.0,,YEAR_ONLY
24.212361,92.258111,LandslideGuard_Project_Master,,,2015.0,,,2015.0,,YEAR_ONLY
24.240194,92.247861,LandslideGuard_Project_Master,,,2015.0,,,2015.0,,YEAR_ONLY
24.228111,92.287417,LandslideGuard_Project_Master,,,2015.0,,,2015.0,,YEAR_ONLY
24.19,92.33,LandslideGuard_Project_Master,,,2019.0,,,2019.0,,YEAR_ONLY
24.2,92.42,LandslideGuard_Project_Master,,,2019.0,,,2019.0,,YEAR_ONLY
24.24,92.36,LandslideGuard_Project_Master,,,2019.0,,,2019.0,,YEAR_ONLY
24.32,92.51,LandslideGuard_Project_Master,,,,,,,,NO_TEMPORAL_DATA
24.27,92.5,LandslideGuard_Project_Master,,,,,,,,NO_TEMPORAL_DATA
24.18,92.54,LandslideGuard_Project_Master,,,2019.0,,,2019.0,,YEAR_ONLY
24.17,92.53,LandslideGuard_Project_Master,,,2019.0,,,2019.0,,YEAR_ONLY
24.17,92.52,LandslideGuard_Project_Master,,,2019.0,,,2019.0,,YEAR_ONLY
24.13,92.52,LandslideGuard_Project_Master,,,,,,,,NO_TEMPORAL_DATA
24.08,92.51,LandslideGuard_Project_Master,,,,,,,,NO_TEMPORAL_DATA
24.1,92.51,LandslideGuard_Project_Master,,,2019.0,,,2019.0,,YEAR_ONLY
24.12,92.46,LandslideGuard_Project_Master,,,2019.0,,,2019.0,,YEAR_ONLY
24.14,92.41,LandslideGuard_Project_Master,,,,,,,,NO_TEMPORAL_DATA
24.15,92.41,LandslideGuard_Project_Master,,,2019.0,,,2019.0,,YEAR_ONLY
24.11,92.39,LandslideGuard_Project_Master,,,,,,,,NO_TEMPORAL_DATA
24.12,92.38,LandslideGuard_Project_Master,,,2019.0,,,2019.0,,YEAR_ONLY
24.12,92.36,LandslideGuard_Project_Master,,,2019.0,,,2019.0,,YEAR_ONLY
24.1,92.37,LandslideGuard_Project_Master,,,2019.0,,,2019.0,,YEAR_ONLY
24.09,92.37,LandslideGuard_Project_Master,,,2019.0,,,2019.0,,YEAR_ONLY
24.09,92.37,LandslideGuard_Project_Master,,,2019.0,,,2019.0,,YEAR_ONLY
24.09,92.37,LandslideGuard_Project_Master,,,2019.0,,,2019.0,,YEAR_ONLY
24.08,92.39,LandslideGuard_Project_Master,,,2019.0,,,2019.0,,YEAR_ONLY
24.09,92.4,LandslideGuard_Project_Master,,,2019.0,,,2019.0,,YEAR_ONLY
24.1,92.42,LandslideGuard_Project_Master,,,,,,,,NO_TEMPORAL_DATA
24.06,92.39,LandslideGuard_Project_Master,,,2019.0,,,2019.0,,YEAR_ONLY
24.05,92.38,LandslideGuard_Project_Master,,,2019.0,,,2019.0,,YEAR_ONLY
24.05,92.38,LandslideGuard_Project_Master,,,,,,,,NO_TEMPORAL_DATA
24.170329,92.641325,LandslideGuard_Project_Master,,,,,,,,NO_TEMPORAL_DATA
24.171459,92.641035,LandslideGuard_Project_Master,,,,,,,,NO_TEMPORAL_DATA
24.030588,92.668422,LandslideGuard_Project_Master,,,,,,,,NO_TEMPORAL_DATA
24.033563,92.674267,LandslideGuard_Project_Master,,,,,,,,NO_TEMPORAL_DATA
24.030186,92.673377,LandslideGuard_Project_Master,,,,,,,,NO_TEMPORAL_DATA
24.021514,92.673778,LandslideGuard_Project_Master,,,2016.0,,,2016.0,,YEAR_ONLY
23.997222,92.681722,LandslideGuard_Project_Master,,,2016.0,,,2016.0,,YEAR_ONLY
24.004867,92.677265,LandslideGuard_Project_Master,,,2016.0,,,2016.0,,YEAR_ONLY
24.005278,92.677083,LandslideGuard_Project_Master,,,2016.0,,,2016.0,,YEAR_ONLY
23.99016,92.68075,LandslideGuard_Project_Master,,,2016.0,,,2016.0,,YEAR_ONLY
23.986109,92.681581,LandslideGuard_Project_Master,,,2016.0,,,2016.0,,YEAR_ONLY
23.983667,92.683333,LandslideGuard_Project_Master,,,2016.0,,,2016.0,,YEAR_ONLY
23.976412,92.683312,LandslideGuard_Project_Master,,,2016.0,,,2016.0,,YEAR_ONLY
23.972222,92.68325,LandslideGuard_Project_Master,,,2016.0,,,2016.0,,YEAR_ONLY
23.971078,92.682781,LandslideGuard_Project_Master,,,2016.0,,,2016.0,,YEAR_ONLY
23.973513,92.6839,LandslideGuard_Project_Master,,,2016.0,,,2016.0,,YEAR_ONLY
23.973684,92.683868,LandslideGuard_Project_Master,,,2016.0,,,2016.0,,YEAR_ONLY
23.979472,92.684139,LandslideGuard_Project_Master,,,2016.0,,,2016.0,,YEAR_ONLY
23.9865,92.709806,LandslideGuard_Project_Master,,,2016.0,,,2016.0,,YEAR_ONLY
23.982,92.718028,LandslideGuard_Project_Master,,,2016.0,,,2016.0,,YEAR_ONLY
23.984972,92.772028,LandslideGuard_Project_Master,,,2016.0,,,2016.0,,YEAR_ONLY
24.00977,92.767346,LandslideGuard_Project_Master,,,2016.0,,,2016.0,,YEAR_ONLY
24.010279,92.767056,LandslideGuard_Project_Master,,,2016.0,,,2016.0,,YEAR_ONLY
24.050391,92.775525,LandslideGuard_Project_Master,,,2016.0,,,2016.0,,YEAR_ONLY
24.045278,92.775169,LandslideGuard_Project_Master,,,2016.0,,,2016.0,,YEAR_ONLY
24.043492,92.775423,LandslideGuard_Project_Master,,,2016.0,,,2016.0,,YEAR_ONLY
24.043187,92.77542,LandslideGuard_Project_Master,,,2016.0,,,2016.0,,YEAR_ONLY
24.040703,92.774277,LandslideGuard_Project_Master,,,,,,,,NO_TEMPORAL_DATA
24.040967,92.774357,LandslideGuard_Project_Master,,,,,,,,NO_TEMPORAL_DATA
24.036336,92.770846,LandslideGuard_Project_Master,,,,,,,,NO_TEMPORAL_DATA
24.036893,92.771278,LandslideGuard_Project_Master,,,,,,,,NO_TEMPORAL_DATA
24.025094,92.769158,LandslideGuard_Project_Master,,,2016.0,,,2016.0,,YEAR_ONLY
24.024289,92.771361,LandslideGuard_Project_Master,,,2016.0,,,2016.0,,YEAR_ONLY
24.022376,92.77308,LandslideGuard_Project_Master,,,2016.0,,,2016.0,,YEAR_ONLY
24.022188,92.771891,LandslideGuard_Project_Master,,,2016.0,,,2016.0,,YEAR_ONLY
24.022347,92.772075,LandslideGuard_Project_Master,,,2016.0,,,2016.0,,YEAR_ONLY
24.022079,92.771729,LandslideGuard_Project_Master,,,2016.0,,,2016.0,,YEAR_ONLY
24.030793,92.793313,LandslideGuard_Project_Master,,,2016.0,,,2016.0,,YEAR_ONLY
24.039744,92.780045,LandslideGuard_Project_Master,,,2016.0,,,2016.0,,YEAR_ONLY
24.053275,92.77647,LandslideGuard_Project_Master,,,2016.0,,,2016.0,,YEAR_ONLY
24.070285,92.787738,LandslideGuard_Project_Master,,,2016.0,,,2016.0,,YEAR_ONLY
24.015858,92.797666,LandslideGuard_Project_Master,,,2016.0,,,2016.0,,YEAR_ONLY
24.004186,92.904111,LandslideGuard_Project_Master,,,2016.0,,,2016.0,,YEAR_ONLY
24.004313,92.904068,LandslideGuard_Project_Master,,,2016.0,,,2016.0,,YEAR_ONLY
24.024826,92.888859,LandslideGuard_Project_Master,,,,,,,,NO_TEMPORAL_DATA
24.030416,92.901491,LandslideGuard_Project_Master,,,,,,,,NO_TEMPORAL_DATA
24.025487,92.907485,LandslideGuard_Project_Master,,,,,,,,NO_TEMPORAL_DATA
24.025676,92.914807,LandslideGuard_Project_Master,,,2016.0,,,2016.0,,YEAR_ONLY
24.026556,92.911915,LandslideGuard_Project_Master,,,2016.0,,,2016.0,,YEAR_ONLY
24.028721,92.909301,LandslideGuard_Project_Master,,,2016.0,,,2016.0,,YEAR_ONLY
24.067576,92.893076,LandslideGuard_Project_Master,,,2012.0,,,2012.0,,YEAR_ONLY
24.066822,92.893593,LandslideGuard_Project_Master,,,,,,,,NO_TEMPORAL_DATA
24.067478,92.893471,LandslideGuard_Project_Master,,,2012.0,,,2012.0,,YEAR_ONLY
24.078041,92.914114,LandslideGuard_Project_Master,,,,,,,,NO_TEMPORAL_DATA
24.080938,92.914167,LandslideGuard_Project_Master,,,2016.0,,,2016.0,,YEAR_ONLY
24.162021,92.797605,LandslideGuard_Project_Master,,,,,,,,NO_TEMPORAL_DATA
24.146606,92.796528,LandslideGuard_Project_Master,,,,,,,,NO_TEMPORAL_DATA
24.125631,92.805948,LandslideGuard_Project_Master,,,,,,,,NO_TEMPORAL_DATA
24.125294,92.805847,LandslideGuard_Project_Master,,,2016.0,,,2016.0,,YEAR_ONLY
24.125996,92.805874,LandslideGuard_Project_Master,,,,,,,,NO_TEMPORAL_DATA
24.10246,92.811355,LandslideGuard_Project_Master,,,2016.0,,,2016.0,,YEAR_ONLY
24.09176,92.803968,LandslideGuard_Project_Master,,,,,,,,NO_TEMPORAL_DATA
24.091664,92.796134,LandslideGuard_Project_Master,,,2016.0,,,2016.0,,YEAR_ONLY
24.091359,92.796008,LandslideGuard_Project_Master,,,2016.0,,,2016.0,,YEAR_ONLY
24.09123,92.795928,LandslideGuard_Project_Master,,,2016.0,,,2016.0,,YEAR_ONLY
24.09109,92.795724,LandslideGuard_Project_Master,,,2016.0,,,2016.0,,YEAR_ONLY
24.091081,92.795582,LandslideGuard_Project_Master,,,,,,,,NO_TEMPORAL_DATA
24.077014,92.790809,LandslideGuard_Project_Master,,,2016.0,,,2016.0,,YEAR_ONLY
24.076035,92.790672,LandslideGuard_Project_Master,,,2016.0,,,2016.0,,YEAR_ONLY
24.07814,92.790905,LandslideGuard_Project_Master,,,2016.0,,,2016.0,,YEAR_ONLY
24.078422,92.792189,LandslideGuard_Project_Master,,,2016.0,,,2016.0,,YEAR_ONLY
24.081381,92.793089,LandslideGuard_Project_Master,,,,,,,,NO_TEMPORAL_DATA
24.102008,92.791628,LandslideGuard_Project_Master,,,2016.0,,,2016.0,,YEAR_ONLY
24.237872,92.798117,LandslideGuard_Project_Master,,,2016.0,,,2016.0,,YEAR_ONLY
24.26,92.81,LandslideGuard_Project_Master,,,2019.0,,,2019.0,,YEAR_ONLY
24.26,92.81,LandslideGuard_Project_Master,,,2019.0,,,2019.0,,YEAR_ONLY
24.27,92.81,LandslideGuard_Project_Master,,,2019.0,,,2019.0,,YEAR_ONLY
24.237794,92.805727,LandslideGuard_Project_Master,,,2016.0,,,2016.0,,YEAR_ONLY
24.225579,92.805884,LandslideGuard_Project_Master,,,2016.0,,,2016.0,,YEAR_ONLY
24.225969,92.805611,LandslideGuard_Project_Master,,,2016.0,,,2016.0,,YEAR_ONLY
24.225691,92.805445,LandslideGuard_Project_Master,,,2016.0,,,2016.0,,YEAR_ONLY
24.232551,92.81525,LandslideGuard_Project_Master,,,2015.0,,,2015.0,,YEAR_ONLY
24.229303,92.819002,LandslideGuard_Project_Master,,,2015.0,,,2015.0,,YEAR_ONLY
24.215868,92.802452,LandslideGuard_Project_Master,,,2016.0,,,2016.0,,YEAR_ONLY
24.216509,92.802591,LandslideGuard_Project_Master,,,2016.0,,,2016.0,,YEAR_ONLY
24.220596,92.802961,LandslideGuard_Project_Master,,,2016.0,,,2016.0,,YEAR_ONLY
24.183717,92.798909,LandslideGuard_Project_Master,,,2016.0,,,2016.0,,YEAR_ONLY
24.32,92.84,LandslideGuard_Project_Master,,,2019.0,,,2019.0,,YEAR_ONLY
24.37,92.9,LandslideGuard_Project_Master,,,2019.0,,,2019.0,,YEAR_ONLY
24.37,92.9,LandslideGuard_Project_Master,,,2019.0,,,2019.0,,YEAR_ONLY
24.37,92.89,LandslideGuard_Project_Master,,,2019.0,,,2019.0,,YEAR_ONLY
24.37,92.89,LandslideGuard_Project_Master,,,2019.0,,,2019.0,,YEAR_ONLY
24.37,92.89,LandslideGuard_Project_Master,,,2019.0,,,2019.0,,YEAR_ONLY
24.37,92.89,LandslideGuard_Project_Master,,,2019.0,,,2019.0,,YEAR_ONLY
24.36,92.89,LandslideGuard_Project_Master,,,2019.0,,,2019.0,,YEAR_ONLY
24.36,92.89,LandslideGuard_Project_Master,,,2019.0,,,2019.0,,YEAR_ONLY
24.36,92.88,LandslideGuard_Project_Master,,,2019.0,,,2019.0,,YEAR_ONLY
24.37,92.87,LandslideGuard_Project_Master,,,2019.0,,,2019.0,,YEAR_ONLY
24.37,92.86,LandslideGuard_Project_Master,,,2019.0,,,2019.0,,YEAR_ONLY
24.37,92.85,LandslideGuard_Project_Master,,,2019.0,,,2019.0,,YEAR_ONLY
24.35,92.85,LandslideGuard_Project_Master,,,,,,,,NO_TEMPORAL_DATA
24.35,92.84,LandslideGuard_Project_Master,,,,,,,,NO_TEMPORAL_DATA
24.34,92.84,LandslideGuard_Project_Master,,,,,,,,NO_TEMPORAL_DATA
24.34,92.84,LandslideGuard_Project_Master,,,2019.0,,,2019.0,,YEAR_ONLY
24.34,92.84,LandslideGuard_Project_Master,,,,,,,,NO_TEMPORAL_DATA
24.34,92.84,LandslideGuard_Project_Master,,,,,,,,NO_TEMPORAL_DATA
24.34,92.84,LandslideGuard_Project_Master,,,2019.0,,,2019.0,,YEAR_ONLY
24.34,92.84,LandslideGuard_Project_Master,,,2019.0,,,2019.0,,YEAR_ONLY
24.34,92.84,LandslideGuard_Project_Master,,,,,,,,NO_TEMPORAL_DATA
24.34,92.84,LandslideGuard_Project_Master,,,2019.0,,,2019.0,,YEAR_ONLY
24.33,92.84,LandslideGuard_Project_Master,,,,,,,,NO_TEMPORAL_DATA
24.36,92.83,LandslideGuard_Project_Master,,,2019.0,,,2019.0,,YEAR_ONLY
24.36,92.82,LandslideGuard_Project_Master,,,2019.0,,,2019.0,,YEAR_ONLY
24.37,92.81,LandslideGuard_Project_Master,,,2019.0,,,2019.0,,YEAR_ONLY
24.37,92.78,LandslideGuard_Project_Master,,,,,,,,NO_TEMPORAL_DATA
24.35,92.82,LandslideGuard_Project_Master,,,2019.0,,,2019.0,,YEAR_ONLY
24.29,92.82,LandslideGuard_Project_Master,,,,,,,,NO_TEMPORAL_DATA
24.28,92.81,LandslideGuard_Project_Master,,,2019.0,,,2019.0,,YEAR_ONLY
24.34,92.74,LandslideGuard_Project_Master,,,2019.0,,,2019.0,,YEAR_ONLY
24.34,92.77,LandslideGuard_Project_Master,,,2019.0,,,2019.0,,YEAR_ONLY
24.35,92.72,LandslideGuard_Project_Master,,,,,,,,NO_TEMPORAL_DATA
24.33,92.72,LandslideGuard_Project_Master,,,,,,,,NO_TEMPORAL_DATA
24.34,92.71,LandslideGuard_Project_Master,,,,,,,,NO_TEMPORAL_DATA
24.34,92.66,LandslideGuard_Project_Master,,,,,,,,NO_TEMPORAL_DATA
24.35,92.67,LandslideGuard_Project_Master,,,,,,,,NO_TEMPORAL_DATA
24.35,92.67,LandslideGuard_Project_Master,,,,,,,,NO_TEMPORAL_DATA
24.29,92.65,LandslideGuard_Project_Master,,,,,,,,NO_TEMPORAL_DATA
24.28,92.64,LandslideGuard_Project_Master,,,,,,,,NO_TEMPORAL_DATA
24.28,92.65,LandslideGuard_Project_Master,,,,,,,,NO_TEMPORAL_DATA
24.3,92.7,LandslideGuard_Project_Master,,,,,,,,NO_TEMPORAL_DATA
24.31,92.71,LandslideGuard_Project_Master,,,,,,,,NO_TEMPORAL_DATA
24.26,92.69,LandslideGuard_Project_Master,,,,,,,,NO_TEMPORAL_DATA
24.240244,92.694292,LandslideGuard_Project_Master,,,2016.0,,,2016.0,,YEAR_ONLY
24.180261,92.690737,LandslideGuard_Project_Master,,,2016.0,,,2016.0,,YEAR_ONLY
24.211504,92.679258,LandslideGuard_Project_Master,,,2016.0,,,2016.0,,YEAR_ONLY
24.214366,92.680404,LandslideGuard_Project_Master,,,2016.0,,,2016.0,,YEAR_ONLY
24.239118,92.639369,LandslideGuard_Project_Master,,,,,,,,NO_TEMPORAL_DATA
24.243567,92.645801,LandslideGuard_Project_Master,,,,,,,,NO_TEMPORAL_DATA
24.238745,92.681538,LandslideGuard_Project_Master,,,2016.0,,,2016.0,,YEAR_ONLY
24.24496,92.683014,LandslideGuard_Project_Master,,,2016.0,,,2016.0,,YEAR_ONLY
24.245649,92.681551,LandslideGuard_Project_Master,,,2016.0,,,2016.0,,YEAR_ONLY
24.26,92.67,LandslideGuard_Project_Master,,,,,,,,NO_TEMPORAL_DATA
24.25,92.68,LandslideGuard_Project_Master,,,,,,,,NO_TEMPORAL_DATA
24.27,92.65,LandslideGuard_Project_Master,,,,,,,,NO_TEMPORAL_DATA
24.27,92.65,LandslideGuard_Project_Master,,,,,,,,NO_TEMPORAL_DATA
24.27,92.65,LandslideGuard_Project_Master,,,,,,,,NO_TEMPORAL_DATA
24.26,92.65,LandslideGuard_Project_Master,,,,,,,,NO_TEMPORAL_DATA
24.26,92.65,LandslideGuard_Project_Master,,,,,,,,NO_TEMPORAL_DATA
24.26,92.65,LandslideGuard_Project_Master,,,,,,,,NO_TEMPORAL_DATA
24.23782,92.612062,LandslideGuard_Project_Master,,,2016.0,,,2016.0,,YEAR_ONLY
24.217097,92.632545,LandslideGuard_Project_Master,,,2016.0,,,2016.0,,YEAR_ONLY
24.187212,92.633859,LandslideGuard_Project_Master,,,,,,,,NO_TEMPORAL_DATA
24.188117,92.595278,LandslideGuard_Project_Master,,,2016.0,,,2016.0,,YEAR_ONLY
24.31,92.56,LandslideGuard_Project_Master,,,,,,,,NO_TEMPORAL_DATA
24.44,92.56,LandslideGuard_Project_Master,,,,,,,,NO_TEMPORAL_DATA
24.43,92.55,LandslideGuard_Project_Master,,,,,,,,NO_TEMPORAL_DATA
24.53,92.63,LandslideGuard_Project_Master,,,,,,,,NO_TEMPORAL_DATA
24.54,92.63,LandslideGuard_Project_Master,,,,,,,,NO_TEMPORAL_DATA
24.47897,92.68286,LandslideGuard_Project_Master,,,2016.0,,,2016.0,,YEAR_ONLY
24.478972,92.682861,LandslideGuard_Project_Master,,,,,,,,NO_TEMPORAL_DATA
24.51,92.64,LandslideGuard_Project_Master,,,,,,,,NO_TEMPORAL_DATA
24.57025,92.685,LandslideGuard_Project_Master,,,,,,,,NO_TEMPORAL_DATA
24.51,92.71,LandslideGuard_Project_Master,,,,,,,,NO_TEMPORAL_DATA
24.51131,92.69303,LandslideGuard_Project_Master,,,2016.0,,,2016.0,,YEAR_ONLY
24.511306,92.693028,LandslideGuard_Project_Master,,,,,,,,NO_TEMPORAL_DATA
24.38,92.68,LandslideGuard_Project_Master,,,,,,,,NO_TEMPORAL_DATA
24.47,92.76,LandslideGuard_Project_Master,,,2019.0,,,2019.0,,YEAR_ONLY
24.45,92.78,LandslideGuard_Project_Master,,,2019.0,,,2019.0,,YEAR_ONLY
24.41,92.8,LandslideGuard_Project_Master,,,,,,,,NO_TEMPORAL_DATA
24.39,92.79,LandslideGuard_Project_Master,,,2019.0,,,2019.0,,YEAR_ONLY
24.4,92.8,LandslideGuard_Project_Master,,,2019.0,,,2019.0,,YEAR_ONLY
24.38,92.82,LandslideGuard_Project_Master,,,2019.0,,,2019.0,,YEAR_ONLY
24.51,92.9,LandslideGuard_Project_Master,,,,,,,,NO_TEMPORAL_DATA
24.53,92.84,LandslideGuard_Project_Master,,,,,,,,NO_TEMPORAL_DATA
24.53,92.84,LandslideGuard_Project_Master,,,,,,,,NO_TEMPORAL_DATA
24.51,92.77,LandslideGuard_Project_Master,,,,,,,,NO_TEMPORAL_DATA
24.5,92.77,LandslideGuard_Project_Master,,,,,,,,NO_TEMPORAL_DATA
24.48,92.76,LandslideGuard_Project_Master,,,2019.0,,,2019.0,,YEAR_ONLY
24.51,92.75,LandslideGuard_Project_Master,,,,,,,,NO_TEMPORAL_DATA
24.55,92.74,LandslideGuard_Project_Master,,,,,,,,NO_TEMPORAL_DATA
24.55,92.75,LandslideGuard_Project_Master,,,,,,,,NO_TEMPORAL_DATA
24.55,92.75,LandslideGuard_Project_Master,,,,,,,,NO_TEMPORAL_DATA
24.63,92.74,LandslideGuard_Project_Master,,,,,,,,NO_TEMPORAL_DATA
24.62,92.83,LandslideGuard_Project_Master,,,,,,,,NO_TEMPORAL_DATA
24.62,92.84,LandslideGuard_Project_Master,,,2019.0,,,2019.0,,YEAR_ONLY
24.710833,92.481167,LandslideGuard_Project_Master,,,,,,,,NO_TEMPORAL_DATA
24.65939,92.49736,LandslideGuard_Project_Master,,,2016.0,,,2016.0,,YEAR_ONLY
24.659389,92.497361,LandslideGuard_Project_Master,,,2016.0,,,2016.0,,YEAR_ONLY
24.48,92.49,LandslideGuard_Project_Master,,,,,,,,NO_TEMPORAL_DATA
24.52,92.53,LandslideGuard_Project_Master,,,,,,,,NO_TEMPORAL_DATA
24.51594,92.54089,LandslideGuard_Project_Master,,,2016.0,,,2016.0,,YEAR_ONLY
24.515944,92.540889,LandslideGuard_Project_Master,,,2016.0,,,2016.0,,YEAR_ONLY
24.46,92.52,LandslideGuard_Project_Master,,,,,,,,NO_TEMPORAL_DATA
24.44,92.5,LandslideGuard_Project_Master,,,,,,,,NO_TEMPORAL_DATA
24.70619,92.28997,LandslideGuard_Project_Master,,,,,,,,NO_TEMPORAL_DATA
24.028194,92.091861,LandslideGuard_Project_Master,,,2015.0,,,2015.0,,YEAR_ONLY
24.0335,92.100694,LandslideGuard_Project_Master,,,2016.0,,,2016.0,,YEAR_ONLY
24.039139,92.106944,LandslideGuard_Project_Master,,,2016.0,,,2016.0,,YEAR_ONLY
23.980333,91.475278,LandslideGuard_Project_Master,,,,,,,,NO_TEMPORAL_DATA
24.003417,91.45425,LandslideGuard_Project_Master,,,,,,,,NO_TEMPORAL_DATA
24.012306,91.451778,LandslideGuard_Project_Master,,,,,,,,NO_TEMPORAL_DATA
23.85417,91.34361,LandslideGuard_Project_Master,,,,,,,,NO_TEMPORAL_DATA
23.751528,91.604533,LandslideGuard_Project_Master,,,,,,,,NO_TEMPORAL_DATA
23.794253,91.553533,LandslideGuard_Project_Master,,,,,,,,NO_TEMPORAL_DATA
23.793444,91.552056,LandslideGuard_Project_Master,,,,,,,,NO_TEMPORAL_DATA
23.725778,91.645694,LandslideGuard_Project_Master,,,,,,,,NO_TEMPORAL_DATA
23.725472,91.646639,LandslideGuard_Project_Master,,,,,,,,NO_TEMPORAL_DATA
23.828278,92.023389,LandslideGuard_Project_Master,,,2015.0,,,2015.0,,YEAR_ONLY
23.821,92.094417,LandslideGuard_Project_Master,,,2015.0,,,2015.0,,YEAR_ONLY
23.805528,92.120417,LandslideGuard_Project_Master,,,2015.0,,,2015.0,,YEAR_ONLY
23.793444,92.125833,LandslideGuard_Project_Master,,,2015.0,,,2015.0,,YEAR_ONLY
23.797306,92.120417,LandslideGuard_Project_Master,,,2015.0,,,2015.0,,YEAR_ONLY
23.692222,92.015833,LandslideGuard_Project_Master,,,2015.0,,,2015.0,,YEAR_ONLY
23.693,92.014361,LandslideGuard_Project_Master,,,,,,,,NO_TEMPORAL_DATA
23.694139,92.013278,LandslideGuard_Project_Master,,,2015.0,,,2015.0,,YEAR_ONLY
23.687417,92.054528,LandslideGuard_Project_Master,,,,,,,,NO_TEMPORAL_DATA
23.679,92.039278,LandslideGuard_Project_Master,,,,,,,,NO_TEMPORAL_DATA
23.678056,92.038028,LandslideGuard_Project_Master,,,,,,,,NO_TEMPORAL_DATA
23.69925,92.044694,LandslideGuard_Project_Master,,,,,,,,NO_TEMPORAL_DATA
23.691167,92.055444,LandslideGuard_Project_Master,,,2015.0,,,2015.0,,YEAR_ONLY
23.693,92.054472,LandslideGuard_Project_Master,,,,,,,,NO_TEMPORAL_DATA
23.697694,92.071194,LandslideGuard_Project_Master,,,2015.0,,,2015.0,,YEAR_ONLY
23.653556,92.035139,LandslideGuard_Project_Master,,,2015.0,,,2015.0,,YEAR_ONLY
23.663361,92.015111,LandslideGuard_Project_Master,,,2015.0,,,2015.0,,YEAR_ONLY
22.05,92.66,LandslideGuard_Project_Master,,,,,,,,NO_TEMPORAL_DATA
22.08,92.65,LandslideGuard_Project_Master,,,2019.0,,,2019.0,,YEAR_ONLY
22.06,92.66,LandslideGuard_Project_Master,,,2019.0,,,2019.0,,YEAR_ONLY
22.11,92.88,LandslideGuard_Project_Master,,,2017.0,,,2017.0,,YEAR_ONLY
22.11,92.86,LandslideGuard_Project_Master,,,2017.0,,,2017.0,,YEAR_ONLY
22.11,92.86,LandslideGuard_Project_Master,,,,,,,,NO_TEMPORAL_DATA
22.1,92.86,LandslideGuard_Project_Master,,,2017.0,,,2017.0,,YEAR_ONLY
22.1,92.86,LandslideGuard_Project_Master,,,2017.0,,,2017.0,,YEAR_ONLY
22.1,92.86,LandslideGuard_Project_Master,,,2018.0,,,2018.0,,YEAR_ONLY
22.1,92.85,LandslideGuard_Project_Master,,,2017.0,,,2017.0,,YEAR_ONLY
22.11,92.85,LandslideGuard_Project_Master,,,2017.0,,,2017.0,,YEAR_ONLY
22.11,92.85,LandslideGuard_Project_Master,,,2017.0,,,2017.0,,YEAR_ONLY
22.11,92.85,LandslideGuard_Project_Master,,,2017.0,,,2017.0,,YEAR_ONLY
22.18,92.77,LandslideGuard_Project_Master,,,2017.0,,,2017.0,,YEAR_ONLY
22.15,92.78,LandslideGuard_Project_Master,,,2017.0,,,2017.0,,YEAR_ONLY
22.16,92.8,LandslideGuard_Project_Master,,,2017.0,,,2017.0,,YEAR_ONLY
22.14,92.88,LandslideGuard_Project_Master,,,2017.0,,,2017.0,,YEAR_ONLY
22.15,92.88,LandslideGuard_Project_Master,,,2017.0,,,2017.0,,YEAR_ONLY
22.309944,92.768059,LandslideGuard_Project_Master,,,,,,,,NO_TEMPORAL_DATA
22.309944,92.768333,LandslideGuard_Project_Master,,,,,,,,NO_TEMPORAL_DATA
22.320999,92.772003,LandslideGuard_Project_Master,,,,,,,,NO_TEMPORAL_DATA
22.326,92.771004,LandslideGuard_Project_Master,,,,,,,,NO_TEMPORAL_DATA
22.328888,92.769997,LandslideGuard_Project_Master,,,,,,,,NO_TEMPORAL_DATA
22.33,92.75,LandslideGuard_Project_Master,,,2019.0,,,2019.0,,YEAR_ONLY
22.32,92.73,LandslideGuard_Project_Master,,,2019.0,,,2019.0,,YEAR_ONLY
22.33,92.73,LandslideGuard_Project_Master,,,2019.0,,,2019.0,,YEAR_ONLY
22.33,92.74,LandslideGuard_Project_Master,,,,,,,,NO_TEMPORAL_DATA
22.33,92.74,LandslideGuard_Project_Master,,,2019.0,,,2019.0,,YEAR_ONLY
22.33,92.74,LandslideGuard_Project_Master,,,,,,,,NO_TEMPORAL_DATA
22.33,92.72,LandslideGuard_Project_Master,,,,,,,,NO_TEMPORAL_DATA
22.33,92.72,LandslideGuard_Project_Master,,,2019.0,,,2019.0,,YEAR_ONLY
22.33,92.69,LandslideGuard_Project_Master,,,2019.0,,,2019.0,,YEAR_ONLY
22.33,92.69,LandslideGuard_Project_Master,,,2019.0,,,2019.0,,YEAR_ONLY
22.33,92.65,LandslideGuard_Project_Master,,,2019.0,,,2019.0,,YEAR_ONLY
22.27,92.68,LandslideGuard_Project_Master,,,2019.0,,,2019.0,,YEAR_ONLY
22.26,92.68,LandslideGuard_Project_Master,,,,,,,,NO_TEMPORAL_DATA
22.26,92.68,LandslideGuard_Project_Master,,,2019.0,,,2019.0,,YEAR_ONLY
22.24,92.68,LandslideGuard_Project_Master,,,2019.0,,,2019.0,,YEAR_ONLY
22.24,92.69,LandslideGuard_Project_Master,,,,,,,,NO_TEMPORAL_DATA
22.19,92.69,LandslideGuard_Project_Master,,,2019.0,,,2019.0,,YEAR_ONLY
22.22,92.62,LandslideGuard_Project_Master,,,,,,,,NO_TEMPORAL_DATA
22.22,92.62,LandslideGuard_Project_Master,,,2018.0,,,2018.0,,YEAR_ONLY
22.22,92.62,LandslideGuard_Project_Master,,,,,,,,NO_TEMPORAL_DATA
22.23,92.62,LandslideGuard_Project_Master,,,,,,,,NO_TEMPORAL_DATA
22.23,92.62,LandslideGuard_Project_Master,,,,,,,,NO_TEMPORAL_DATA
22.21,92.61,LandslideGuard_Project_Master,,,2019.0,,,2019.0,,YEAR_ONLY
22.21,92.61,LandslideGuard_Project_Master,,,2017.0,,,2017.0,,YEAR_ONLY
22.2,92.61,LandslideGuard_Project_Master,,,2017.0,,,2017.0,,YEAR_ONLY
22.2,92.61,LandslideGuard_Project_Master,,,,,,,,NO_TEMPORAL_DATA
22.19,92.61,LandslideGuard_Project_Master,,,,,,,,NO_TEMPORAL_DATA
22.15,92.63,LandslideGuard_Project_Master,,,2019.0,,,2019.0,,YEAR_ONLY
22.15,92.62,LandslideGuard_Project_Master,,,2019.0,,,2019.0,,YEAR_ONLY
22.15,92.62,LandslideGuard_Project_Master,,,,,,,,NO_TEMPORAL_DATA
22.16,92.62,LandslideGuard_Project_Master,,,,,,,,NO_TEMPORAL_DATA
22.16,92.62,LandslideGuard_Project_Master,,,2019.0,,,2019.0,,YEAR_ONLY
22.18,92.61,LandslideGuard_Project_Master,,,,,,,,NO_TEMPORAL_DATA
22.18,92.61,LandslideGuard_Project_Master,,,,,,,,NO_TEMPORAL_DATA
22.18,92.61,LandslideGuard_Project_Master,,,,,,,,NO_TEMPORAL_DATA
22.18,92.61,LandslideGuard_Project_Master,,,,,,,,NO_TEMPORAL_DATA
22.18,92.61,LandslideGuard_Project_Master,,,,,,,,NO_TEMPORAL_DATA
22.18,92.61,LandslideGuard_Project_Master,,,2019.0,,,2019.0,,YEAR_ONLY
22.18,92.61,LandslideGuard_Project_Master,,,2019.0,,,2019.0,,YEAR_ONLY
22.18,92.61,LandslideGuard_Project_Master,,,2019.0,,,2019.0,,YEAR_ONLY
22.18,92.61,LandslideGuard_Project_Master,,,,,,,,NO_TEMPORAL_DATA
22.24,92.6,LandslideGuard_Project_Master,,,2019.0,,,2019.0,,YEAR_ONLY
22.25,92.62,LandslideGuard_Project_Master,,,2019.0,,,2019.0,,YEAR_ONLY
22.25,92.62,LandslideGuard_Project_Master,,,2019.0,,,2019.0,,YEAR_ONLY
22.24,92.62,LandslideGuard_Project_Master,,,2019.0,,,2019.0,,YEAR_ONLY
22.25,92.63,LandslideGuard_Project_Master,,,2019.0,,,2019.0,,YEAR_ONLY
22.25,92.63,LandslideGuard_Project_Master,,,2019.0,,,2019.0,,YEAR_ONLY
22.26,92.63,LandslideGuard_Project_Master,,,2019.0,,,2019.0,,YEAR_ONLY
22.26,92.63,LandslideGuard_Project_Master,,,2019.0,,,2019.0,,YEAR_ONLY
22.27,92.63,LandslideGuard_Project_Master,,,2019.0,,,2019.0,,YEAR_ONLY
22.28,92.63,LandslideGuard_Project_Master,,,2019.0,,,2019.0,,YEAR_ONLY
22.29,92.63,LandslideGuard_Project_Master,,,2019.0,,,2019.0,,YEAR_ONLY
22.29,92.63,LandslideGuard_Project_Master,,,2019.0,,,2019.0,,YEAR_ONLY
22.31,92.63,LandslideGuard_Project_Master,,,2019.0,,,2019.0,,YEAR_ONLY
22.31,92.63,LandslideGuard_Project_Master,,,2019.0,,,2019.0,,YEAR_ONLY
22.33,92.63,LandslideGuard_Project_Master,,,2019.0,,,2019.0,,YEAR_ONLY
22.3,92.59,LandslideGuard_Project_Master,,,,,,,,NO_TEMPORAL_DATA
22.55,92.54,LandslideGuard_Project_Master,,,,,,,,NO_TEMPORAL_DATA
22.61,92.54,LandslideGuard_Project_Master,,,,,,,,NO_TEMPORAL_DATA
22.61,92.54,LandslideGuard_Project_Master,,,,,,,,NO_TEMPORAL_DATA
22.71,92.54,LandslideGuard_Project_Master,,,,,,,,NO_TEMPORAL_DATA
22.74,92.52,LandslideGuard_Project_Master,,,2019.0,,,2019.0,,YEAR_ONLY
22.93,92.5,LandslideGuard_Project_Master,,,2018.0,,,2018.0,,YEAR_ONLY
22.913624,92.508827,LandslideGuard_Project_Master,,,,,,,,NO_TEMPORAL_DATA
22.89,92.49,LandslideGuard_Project_Master,,,2017.0,,,2017.0,,YEAR_ONLY
22.9,92.49,LandslideGuard_Project_Master,,,2018.0,,,2018.0,,YEAR_ONLY
22.9,92.49,LandslideGuard_Project_Master,,,2019.0,,,2019.0,,YEAR_ONLY
22.9,92.49,LandslideGuard_Project_Master,,,2018.0,,,2018.0,,YEAR_ONLY
22.9,92.49,LandslideGuard_Project_Master,,,2018.0,,,2018.0,,YEAR_ONLY
22.9,92.49,LandslideGuard_Project_Master,,,2018.0,,,2018.0,,YEAR_ONLY
22.9,92.49,LandslideGuard_Project_Master,,,2017.0,,,2017.0,,YEAR_ONLY
22.9,92.49,LandslideGuard_Project_Master,,,2019.0,,,2019.0,,YEAR_ONLY
22.9,92.48,LandslideGuard_Project_Master,,,2017.0,,,2017.0,,YEAR_ONLY
22.9,92.48,LandslideGuard_Project_Master,,,2017.0,,,2017.0,,YEAR_ONLY
22.89,92.48,LandslideGuard_Project_Master,,,2017.0,,,2017.0,,YEAR_ONLY
22.89,92.48,LandslideGuard_Project_Master,,,2017.0,,,2017.0,,YEAR_ONLY
22.89,92.48,LandslideGuard_Project_Master,,,2018.0,,,2018.0,,YEAR_ONLY
22.88,92.48,LandslideGuard_Project_Master,,,2018.0,,,2018.0,,YEAR_ONLY
22.88,92.48,LandslideGuard_Project_Master,,,2017.0,,,2017.0,,YEAR_ONLY
22.88,92.48,LandslideGuard_Project_Master,,,2018.0,,,2018.0,,YEAR_ONLY
22.88,92.49,LandslideGuard_Project_Master,,,2017.0,,,2017.0,,YEAR_ONLY
22.88,92.49,LandslideGuard_Project_Master,,,2017.0,,,2017.0,,YEAR_ONLY
22.88,92.49,LandslideGuard_Project_Master,,,2017.0,,,2017.0,,YEAR_ONLY
22.88,92.49,LandslideGuard_Project_Master,,,2017.0,,,2017.0,,YEAR_ONLY
22.87,92.49,LandslideGuard_Project_Master,,,2017.0,,,2017.0,,YEAR_ONLY
22.87,92.48,LandslideGuard_Project_Master,,,2018.0,,,2018.0,,YEAR_ONLY
22.87,92.48,LandslideGuard_Project_Master,,,2018.0,,,2018.0,,YEAR_ONLY
22.88,92.46,LandslideGuard_Project_Master,,,2019.0,,,2019.0,,YEAR_ONLY
22.88,92.46,LandslideGuard_Project_Master,,,2017.0,,,2017.0,,YEAR_ONLY
22.88,92.46,LandslideGuard_Project_Master,,,2019.0,,,2019.0,,YEAR_ONLY
22.88,92.47,LandslideGuard_Project_Master,,,2018.0,,,2018.0,,YEAR_ONLY
22.89,92.47,LandslideGuard_Project_Master,,,2018.0,,,2018.0,,YEAR_ONLY
22.9,92.47,LandslideGuard_Project_Master,,,2017.0,,,2017.0,,YEAR_ONLY
22.9,92.47,LandslideGuard_Project_Master,,,2017.0,,,2017.0,,YEAR_ONLY
22.9,92.47,LandslideGuard_Project_Master,,,2017.0,,,2017.0,,YEAR_ONLY
22.9,92.46,LandslideGuard_Project_Master,,,2017.0,,,2017.0,,YEAR_ONLY
22.89,92.46,LandslideGuard_Project_Master,,,2019.0,,,2019.0,,YEAR_ONLY
22.91,92.46,LandslideGuard_Project_Master,,,2017.0,,,2017.0,,YEAR_ONLY
22.91,92.47,LandslideGuard_Project_Master,,,2017.0,,,2017.0,,YEAR_ONLY
22.91,92.47,LandslideGuard_Project_Master,,,2016.0,,,2016.0,,YEAR_ONLY
22.91,92.47,LandslideGuard_Project_Master,,,2018.0,,,2018.0,,YEAR_ONLY
22.93,92.48,LandslideGuard_Project_Master,,,2018.0,,,2018.0,,YEAR_ONLY
22.93,92.48,LandslideGuard_Project_Master,,,2018.0,,,2018.0,,YEAR_ONLY
22.93,92.49,LandslideGuard_Project_Master,,,2018.0,,,2018.0,,YEAR_ONLY
22.82402,92.608917,LandslideGuard_Project_Master,,,,,,,,NO_TEMPORAL_DATA
22.823553,92.628441,LandslideGuard_Project_Master,,,,,,,,NO_TEMPORAL_DATA
22.822599,92.624512,LandslideGuard_Project_Master,,,,,,,,NO_TEMPORAL_DATA
22.786629,92.62748,LandslideGuard_Project_Master,,,,,,,,NO_TEMPORAL_DATA
22.790684,92.614983,LandslideGuard_Project_Master,,,,,,,,NO_TEMPORAL_DATA
22.786274,92.620659,LandslideGuard_Project_Master,,,,,,,,NO_TEMPORAL_DATA
22.789585,92.621895,LandslideGuard_Project_Master,,,,,,,,NO_TEMPORAL_DATA
22.845263,92.674942,LandslideGuard_Project_Master,,,,,,,,NO_TEMPORAL_DATA
22.82106,92.637703,LandslideGuard_Project_Master,,,,,,,,NO_TEMPORAL_DATA
22.851028,92.694972,LandslideGuard_Project_Master,,,,,,,,NO_TEMPORAL_DATA
22.870518,92.703873,LandslideGuard_Project_Master,,,,,,,,NO_TEMPORAL_DATA
22.862419,92.706055,LandslideGuard_Project_Master,,,,,,,,NO_TEMPORAL_DATA
22.860407,92.705795,LandslideGuard_Project_Master,,,,,,,,NO_TEMPORAL_DATA
22.857729,92.704483,LandslideGuard_Project_Master,,,,,,,,NO_TEMPORAL_DATA
22.85558,92.69914,LandslideGuard_Project_Master,,,,,,,,NO_TEMPORAL_DATA
22.85258,92.70186,LandslideGuard_Project_Master,,,,,,,,NO_TEMPORAL_DATA
22.85697,92.70764,LandslideGuard_Project_Master,,,,,,,,NO_TEMPORAL_DATA
22.86025,92.70778,LandslideGuard_Project_Master,,,,,,,,NO_TEMPORAL_DATA
22.86428,92.71097,LandslideGuard_Project_Master,,,,,,,,NO_TEMPORAL_DATA
22.883656,92.715782,LandslideGuard_Project_Master,,,,,,,,NO_TEMPORAL_DATA
22.88408,92.72978,LandslideGuard_Project_Master,,,,,,,,NO_TEMPORAL_DATA
22.886652,92.724503,LandslideGuard_Project_Master,,,,,,,,NO_TEMPORAL_DATA
22.889551,92.728073,LandslideGuard_Project_Master,,,,,,,,NO_TEMPORAL_DATA
22.899078,92.721306,LandslideGuard_Project_Master,,,,,,,,NO_TEMPORAL_DATA
22.90442,92.72281,LandslideGuard_Project_Master,,,,,,,,NO_TEMPORAL_DATA
22.933441,92.708267,LandslideGuard_Project_Master,,,,,,,,NO_TEMPORAL_DATA
22.883036,92.557152,LandslideGuard_Project_Master,,,,,,,,NO_TEMPORAL_DATA
22.897339,92.549866,LandslideGuard_Project_Master,,,,,,,,NO_TEMPORAL_DATA
22.904324,92.546265,LandslideGuard_Project_Master,,,,,,,,NO_TEMPORAL_DATA
23.083221,92.556969,LandslideGuard_Project_Master,,,,,,,,NO_TEMPORAL_DATA
23.089111,92.555168,LandslideGuard_Project_Master,,,,,,,,NO_TEMPORAL_DATA
23.104166,92.559998,LandslideGuard_Project_Master,,,,,,,,NO_TEMPORAL_DATA
23.135889,92.551819,LandslideGuard_Project_Master,,,,,,,,NO_TEMPORAL_DATA
23.140694,92.551529,LandslideGuard_Project_Master,,,,,,,,NO_TEMPORAL_DATA
23.145,92.613693,LandslideGuard_Project_Master,,,,,,,,NO_TEMPORAL_DATA
23.135416,92.616661,LandslideGuard_Project_Master,,,,,,,,NO_TEMPORAL_DATA
23.133902,92.623497,LandslideGuard_Project_Master,,,,,,,,NO_TEMPORAL_DATA
23.135794,92.62294,LandslideGuard_Project_Master,,,,,,,,NO_TEMPORAL_DATA
23.133568,92.64373,LandslideGuard_Project_Master,,,,,,,,NO_TEMPORAL_DATA
23.107222,92.693054,LandslideGuard_Project_Master,,,,,,,,NO_TEMPORAL_DATA
23.13114,92.687469,LandslideGuard_Project_Master,,,,,,,,NO_TEMPORAL_DATA
23.145231,92.687721,LandslideGuard_Project_Master,,,,,,,,NO_TEMPORAL_DATA
23.147697,92.687386,LandslideGuard_Project_Master,,,,,,,,NO_TEMPORAL_DATA
23.153805,92.686775,LandslideGuard_Project_Master,,,,,,,,NO_TEMPORAL_DATA
23.091749,92.695419,LandslideGuard_Project_Master,,,,,,,,NO_TEMPORAL_DATA
23.091749,92.695419,LandslideGuard_Project_Master,,,,,,,,NO_TEMPORAL_DATA
23.094528,92.695808,LandslideGuard_Project_Master,,,,,,,,NO_TEMPORAL_DATA
23.097,92.696358,LandslideGuard_Project_Master,,,,,,,,NO_TEMPORAL_DATA
23.083611,92.70108,LandslideGuard_Project_Master,,,,,,,,NO_TEMPORAL_DATA
23.076319,92.69873,LandslideGuard_Project_Master,,,,,,,,NO_TEMPORAL_DATA
23.056612,92.699997,LandslideGuard_Project_Master,,,,,,,,NO_TEMPORAL_DATA
23.056194,92.70047,LandslideGuard_Project_Master,,,,,,,,NO_TEMPORAL_DATA
23.05479,92.702461,LandslideGuard_Project_Master,,,,,,,,NO_TEMPORAL_DATA
23.053806,92.704918,LandslideGuard_Project_Master,,,,,,,,NO_TEMPORAL_DATA
23.053747,92.704163,LandslideGuard_Project_Master,,,,,,,,NO_TEMPORAL_DATA
23.05374,92.70755,LandslideGuard_Project_Master,,,,,,,,NO_TEMPORAL_DATA
23.014982,92.720505,LandslideGuard_Project_Master,,,,,,,,NO_TEMPORAL_DATA
23.005587,92.720192,LandslideGuard_Project_Master,,,,,,,,NO_TEMPORAL_DATA
23.011667,92.720558,LandslideGuard_Project_Master,,,,,,,,NO_TEMPORAL_DATA
23.015444,92.704414,LandslideGuard_Project_Master,,,,,,,,NO_TEMPORAL_DATA
23.005594,92.703522,LandslideGuard_Project_Master,,,,,,,,NO_TEMPORAL_DATA
23.032444,92.705917,LandslideGuard_Project_Master,,,,,,,,NO_TEMPORAL_DATA
23.045416,92.705612,LandslideGuard_Project_Master,,,,,,,,NO_TEMPORAL_DATA
23.045416,92.705612,LandslideGuard_Project_Master,,,,,,,,NO_TEMPORAL_DATA
22.954966,92.705765,LandslideGuard_Project_Master,,,,,,,,NO_TEMPORAL_DATA
22.966381,92.705399,LandslideGuard_Project_Master,,,,,,,,NO_TEMPORAL_DATA
22.977497,92.70578,LandslideGuard_Project_Master,,,,,,,,NO_TEMPORAL_DATA
22.993277,92.72374,LandslideGuard_Project_Master,,,,,,,,NO_TEMPORAL_DATA
22.979994,92.726112,LandslideGuard_Project_Master,,,,,,,,NO_TEMPORAL_DATA
22.970823,92.729607,LandslideGuard_Project_Master,,,,,,,,NO_TEMPORAL_DATA
22.969807,92.729706,LandslideGuard_Project_Master,,,,,,,,NO_TEMPORAL_DATA
22.969294,92.729332,LandslideGuard_Project_Master,,,,,,,,NO_TEMPORAL_DATA
22.97032,92.70697,LandslideGuard_Project_Master,,,,,,,,NO_TEMPORAL_DATA
22.959173,92.708145,LandslideGuard_Project_Master,,,,,,,,NO_TEMPORAL_DATA
22.957518,92.707161,LandslideGuard_Project_Master,,,,,,,,NO_TEMPORAL_DATA
22.9634,92.737465,LandslideGuard_Project_Master,,,,,,,,NO_TEMPORAL_DATA
22.962877,92.738541,LandslideGuard_Project_Master,,,,,,,,NO_TEMPORAL_DATA
22.965527,92.731926,LandslideGuard_Project_Master,,,,,,,,NO_TEMPORAL_DATA
23.005556,92.810555,LandslideGuard_Project_Master,,,,,,,,NO_TEMPORAL_DATA
23.007998,92.808693,LandslideGuard_Project_Master,,,,,,,,NO_TEMPORAL_DATA
23.038607,92.795174,LandslideGuard_Project_Master,,,,,,,,NO_TEMPORAL_DATA
23.038607,92.795174,LandslideGuard_Project_Master,,,,,,,,NO_TEMPORAL_DATA
23.038668,92.794441,LandslideGuard_Project_Master,,,,,,,,NO_TEMPORAL_DATA
23.035839,92.795578,LandslideGuard_Project_Master,,,,,,,,NO_TEMPORAL_DATA
23.0425,92.772781,LandslideGuard_Project_Master,,,,,,,,NO_TEMPORAL_DATA
23.0425,92.772781,LandslideGuard_Project_Master,,,,,,,,NO_TEMPORAL_DATA
23.031231,92.773987,LandslideGuard_Project_Master,,,,,,,,NO_TEMPORAL_DATA
23.021145,92.770981,LandslideGuard_Project_Master,,,,,,,,NO_TEMPORAL_DATA
23.017555,92.771515,LandslideGuard_Project_Master,,,,,,,,NO_TEMPORAL_DATA
23.016111,92.764168,LandslideGuard_Project_Master,,,,,,,,NO_TEMPORAL_DATA
23.022377,92.757759,LandslideGuard_Project_Master,,,,,,,,NO_TEMPORAL_DATA
23.021692,92.752975,LandslideGuard_Project_Master,,,,,,,,NO_TEMPORAL_DATA
23.078611,92.760002,LandslideGuard_Project_Master,,,,,,,,NO_TEMPORAL_DATA
23.097061,92.752235,LandslideGuard_Project_Master,,,,,,,,NO_TEMPORAL_DATA
23.11375,92.744614,LandslideGuard_Project_Master,,,,,,,,NO_TEMPORAL_DATA
23.118336,92.741035,LandslideGuard_Project_Master,,,,,,,,NO_TEMPORAL_DATA
23.150719,92.74826,LandslideGuard_Project_Master,,,,,,,,NO_TEMPORAL_DATA
23.150719,92.74826,LandslideGuard_Project_Master,,,,,,,,NO_TEMPORAL_DATA
23.148273,92.75016,LandslideGuard_Project_Master,,,,,,,,NO_TEMPORAL_DATA
23.142357,92.750961,LandslideGuard_Project_Master,,,,,,,,NO_TEMPORAL_DATA
23.13732,92.747276,LandslideGuard_Project_Master,,,,,,,,NO_TEMPORAL_DATA
23.111111,92.789719,LandslideGuard_Project_Master,,,,,,,,NO_TEMPORAL_DATA
23.111578,92.789795,LandslideGuard_Project_Master,,,,,,,,NO_TEMPORAL_DATA
23.117416,92.79612,LandslideGuard_Project_Master,,,,,,,,NO_TEMPORAL_DATA
23.132685,92.798332,LandslideGuard_Project_Master,,,,,,,,NO_TEMPORAL_DATA
23.129629,92.809196,LandslideGuard_Project_Master,,,,,,,,NO_TEMPORAL_DATA
23.125807,92.817886,LandslideGuard_Project_Master,,,,,,,,NO_TEMPORAL_DATA
23.125311,92.820023,LandslideGuard_Project_Master,,,,,,,,NO_TEMPORAL_DATA
23.092278,92.789948,LandslideGuard_Project_Master,,,,,,,,NO_TEMPORAL_DATA
23.09951,92.782928,LandslideGuard_Project_Master,,,,,,,,NO_TEMPORAL_DATA
23.094999,92.785835,LandslideGuard_Project_Master,,,,,,,,NO_TEMPORAL_DATA
23.094999,92.785835,LandslideGuard_Project_Master,,,,,,,,NO_TEMPORAL_DATA
23.088409,92.793564,LandslideGuard_Project_Master,,,,,,,,NO_TEMPORAL_DATA
23.084101,92.795685,LandslideGuard_Project_Master,,,,,,,,NO_TEMPORAL_DATA
23.088615,92.849403,LandslideGuard_Project_Master,,,,,,,,NO_TEMPORAL_DATA
23.087177,92.853889,LandslideGuard_Project_Master,,,,,,,,NO_TEMPORAL_DATA
23.080278,92.858612,LandslideGuard_Project_Master,,,,,,,,NO_TEMPORAL_DATA
23.113066,92.891212,LandslideGuard_Project_Master,,,,,,,,NO_TEMPORAL_DATA
23.145016,92.908569,LandslideGuard_Project_Master,,,,,,,,NO_TEMPORAL_DATA
23.143888,92.909447,LandslideGuard_Project_Master,,,,,,,,NO_TEMPORAL_DATA
23.143888,92.909447,LandslideGuard_Project_Master,,,,,,,,NO_TEMPORAL_DATA
23.143007,92.91124,LandslideGuard_Project_Master,,,,,,,,NO_TEMPORAL_DATA
23.083004,92.898277,LandslideGuard_Project_Master,,,,,,,,NO_TEMPORAL_DATA
23.092573,92.896141,LandslideGuard_Project_Master,,,,,,,,NO_TEMPORAL_DATA
23.103046,92.8983,LandslideGuard_Project_Master,,,,,,,,NO_TEMPORAL_DATA
23.07859,92.870544,LandslideGuard_Project_Master,,,,,,,,NO_TEMPORAL_DATA
23.057276,92.90416,LandslideGuard_Project_Master,,,,,,,,NO_TEMPORAL_DATA
23.040543,92.909523,LandslideGuard_Project_Master,,,,,,,,NO_TEMPORAL_DATA
23.047222,92.906944,LandslideGuard_Project_Master,,,,,,,,NO_TEMPORAL_DATA
23.048967,92.907501,LandslideGuard_Project_Master,,,,,,,,NO_TEMPORAL_DATA
22.955112,92.836403,LandslideGuard_Project_Master,,,,,,,,NO_TEMPORAL_DATA
22.963112,92.835556,LandslideGuard_Project_Master,,,,,,,,NO_TEMPORAL_DATA
22.901035,92.87265,LandslideGuard_Project_Master,,,,,,,,NO_TEMPORAL_DATA
22.901287,92.882271,LandslideGuard_Project_Master,,,,,,,,NO_TEMPORAL_DATA
22.889872,92.903984,LandslideGuard_Project_Master,,,,,,,,NO_TEMPORAL_DATA
22.898329,92.893478,LandslideGuard_Project_Master,,,,,,,,NO_TEMPORAL_DATA
22.861877,92.897736,LandslideGuard_Project_Master,,,,,,,,NO_TEMPORAL_DATA
22.867741,92.898506,LandslideGuard_Project_Master,,,,,,,,NO_TEMPORAL_DATA
22.873812,92.902039,LandslideGuard_Project_Master,,,,,,,,NO_TEMPORAL_DATA
22.874456,92.901688,LandslideGuard_Project_Master,,,,,,,,NO_TEMPORAL_DATA
22.897387,92.889938,LandslideGuard_Project_Master,,,,,,,,NO_TEMPORAL_DATA
22.899906,92.868828,LandslideGuard_Project_Master,,,,,,,,NO_TEMPORAL_DATA
22.8846,92.85128,LandslideGuard_Project_Master,,,,,,,,NO_TEMPORAL_DATA
22.865692,92.825745,LandslideGuard_Project_Master,,,,,,,,NO_TEMPORAL_DATA
22.862442,92.826431,LandslideGuard_Project_Master,,,,,,,,NO_TEMPORAL_DATA
22.869579,92.824974,LandslideGuard_Project_Master,,,,,,,,NO_TEMPORAL_DATA
22.880117,92.831108,LandslideGuard_Project_Master,,,,,,,,NO_TEMPORAL_DATA
22.882607,92.837952,LandslideGuard_Project_Master,,,,,,,,NO_TEMPORAL_DATA
22.887474,92.836769,LandslideGuard_Project_Master,,,,,,,,NO_TEMPORAL_DATA
22.89682,92.832611,LandslideGuard_Project_Master,,,,,,,,NO_TEMPORAL_DATA
22.890068,92.823021,LandslideGuard_Project_Master,,,,,,,,NO_TEMPORAL_DATA
22.892199,92.822884,LandslideGuard_Project_Master,,,,,,,,NO_TEMPORAL_DATA
22.902414,92.829948,LandslideGuard_Project_Master,,,,,,,,NO_TEMPORAL_DATA
22.9015,92.83319,LandslideGuard_Project_Master,,,,,,,,NO_TEMPORAL_DATA
22.90175,92.83233,LandslideGuard_Project_Master,,,,,,,,NO_TEMPORAL_DATA
22.940655,92.833038,LandslideGuard_Project_Master,,,,,,,,NO_TEMPORAL_DATA
22.917629,92.75267,LandslideGuard_Project_Master,,,,,,,,NO_TEMPORAL_DATA
22.903807,92.757401,LandslideGuard_Project_Master,,,,,,,,NO_TEMPORAL_DATA
22.914276,92.753403,LandslideGuard_Project_Master,,,,,,,,NO_TEMPORAL_DATA
22.913414,92.754501,LandslideGuard_Project_Master,,,,,,,,NO_TEMPORAL_DATA
22.91312,92.754616,LandslideGuard_Project_Master,,,,,,,,NO_TEMPORAL_DATA
22.908125,92.767128,LandslideGuard_Project_Master,,,,,,,,NO_TEMPORAL_DATA
22.89061,92.73033,LandslideGuard_Project_Master,,,,,,,,NO_TEMPORAL_DATA
22.884092,92.736252,LandslideGuard_Project_Master,,,,,,,,NO_TEMPORAL_DATA
22.883968,92.735397,LandslideGuard_Project_Master,,,,,,,,NO_TEMPORAL_DATA
22.874741,92.730354,LandslideGuard_Project_Master,,,,,,,,NO_TEMPORAL_DATA
22.88392,92.74256,LandslideGuard_Project_Master,,,,,,,,NO_TEMPORAL_DATA
22.88281,92.74583,LandslideGuard_Project_Master,,,,,,,,NO_TEMPORAL_DATA
22.880322,92.747818,LandslideGuard_Project_Master,,,,,,,,NO_TEMPORAL_DATA
22.87506,92.75136,LandslideGuard_Project_Master,,,,,,,,NO_TEMPORAL_DATA
22.872238,92.750557,LandslideGuard_Project_Master,,,,,,,,NO_TEMPORAL_DATA
22.872849,92.748711,LandslideGuard_Project_Master,,,,,,,,NO_TEMPORAL_DATA
22.870546,92.752853,LandslideGuard_Project_Master,,,,,,,,NO_TEMPORAL_DATA
22.86003,92.75831,LandslideGuard_Project_Master,,,,,,,,NO_TEMPORAL_DATA
22.86739,92.75764,LandslideGuard_Project_Master,,,,,,,,NO_TEMPORAL_DATA
22.865286,92.754898,LandslideGuard_Project_Master,,,,,,,,NO_TEMPORAL_DATA
22.867477,92.754234,LandslideGuard_Project_Master,,,,,,,,NO_TEMPORAL_DATA
22.869707,92.753304,LandslideGuard_Project_Master,,,,,,,,NO_TEMPORAL_DATA
22.87075,92.75403,LandslideGuard_Project_Master,,,,,,,,NO_TEMPORAL_DATA
22.873558,92.755951,LandslideGuard_Project_Master,,,,,,,,NO_TEMPORAL_DATA
22.873558,92.755953,LandslideGuard_Project_Master,,,,,,,,NO_TEMPORAL_DATA
22.866833,92.774925,LandslideGuard_Project_Master,,,,,,,,NO_TEMPORAL_DATA
22.866783,92.772026,LandslideGuard_Project_Master,,,,,,,,NO_TEMPORAL_DATA
22.865734,92.771561,LandslideGuard_Project_Master,,,,,,,,NO_TEMPORAL_DATA
22.850847,92.797028,LandslideGuard_Project_Master,,,,,,,,NO_TEMPORAL_DATA
22.866318,92.776726,LandslideGuard_Project_Master,,,,,,,,NO_TEMPORAL_DATA
22.873062,92.817093,LandslideGuard_Project_Master,,,,,,,,NO_TEMPORAL_DATA
22.87056,92.822105,LandslideGuard_Project_Master,,,,,,,,NO_TEMPORAL_DATA
22.872299,92.815971,LandslideGuard_Project_Master,,,,,,,,NO_TEMPORAL_DATA
22.849134,92.809334,LandslideGuard_Project_Master,,,,,,,,NO_TEMPORAL_DATA
22.852823,92.815781,LandslideGuard_Project_Master,,,,,,,,NO_TEMPORAL_DATA
22.853046,92.81588,LandslideGuard_Project_Master,,,,,,,,NO_TEMPORAL_DATA
22.846241,92.804893,LandslideGuard_Project_Master,,,,,,,,NO_TEMPORAL_DATA
22.84553,92.79944,LandslideGuard_Project_Master,,,,,,,,NO_TEMPORAL_DATA
22.83653,92.80092,LandslideGuard_Project_Master,,,,,,,,NO_TEMPORAL_DATA
22.83664,92.80347,LandslideGuard_Project_Master,,,,,,,,NO_TEMPORAL_DATA
22.83528,92.80519,LandslideGuard_Project_Master,,,,,,,,NO_TEMPORAL_DATA
22.827084,92.80175,LandslideGuard_Project_Master,,,,,,,,NO_TEMPORAL_DATA
22.804701,92.816734,LandslideGuard_Project_Master,,,,,,,,NO_TEMPORAL_DATA
22.804358,92.816559,LandslideGuard_Project_Master,,,,,,,,NO_TEMPORAL_DATA
22.803709,92.815636,LandslideGuard_Project_Master,,,,,,,,NO_TEMPORAL_DATA
22.803982,92.815475,LandslideGuard_Project_Master,,,,,,,,NO_TEMPORAL_DATA
22.801022,92.81369,LandslideGuard_Project_Master,,,,,,,,NO_TEMPORAL_DATA
22.80291,92.81369,LandslideGuard_Project_Master,,,,,,,,NO_TEMPORAL_DATA
22.806564,92.812057,LandslideGuard_Project_Master,,,,,,,,NO_TEMPORAL_DATA
22.815697,92.802696,LandslideGuard_Project_Master,,,,,,,,NO_TEMPORAL_DATA
22.813019,92.805801,LandslideGuard_Project_Master,,,,,,,,NO_TEMPORAL_DATA
22.812588,92.807343,LandslideGuard_Project_Master,,,,,,,,NO_TEMPORAL_DATA
22.821659,92.804405,LandslideGuard_Project_Master,,,,,,,,NO_TEMPORAL_DATA
22.841097,92.792755,LandslideGuard_Project_Master,,,,,,,,NO_TEMPORAL_DATA
22.838875,92.792801,LandslideGuard_Project_Master,,,,,,,,NO_TEMPORAL_DATA
22.838732,92.791954,LandslideGuard_Project_Master,,,,,,,,NO_TEMPORAL_DATA
22.83779,92.795959,LandslideGuard_Project_Master,,,,,,,,NO_TEMPORAL_DATA
22.837624,92.797165,LandslideGuard_Project_Master,,,,,,,,NO_TEMPORAL_DATA
22.83675,92.79922,LandslideGuard_Project_Master,,,,,,,,NO_TEMPORAL_DATA
22.837809,92.798653,LandslideGuard_Project_Master,,,,,,,,NO_TEMPORAL_DATA
22.838051,92.798889,LandslideGuard_Project_Master,,,,,,,,NO_TEMPORAL_DATA
22.84808,92.79831,LandslideGuard_Project_Master,,,,,,,,NO_TEMPORAL_DATA
22.846123,92.796333,LandslideGuard_Project_Master,,,,,,,,NO_TEMPORAL_DATA
22.836016,92.759361,LandslideGuard_Project_Master,,,,,,,,NO_TEMPORAL_DATA
22.829491,92.760933,LandslideGuard_Project_Master,,,,,,,,NO_TEMPORAL_DATA
22.834824,92.758766,LandslideGuard_Project_Master,,,,,,,,NO_TEMPORAL_DATA
22.795282,92.813881,LandslideGuard_Project_Master,,,,,,,,NO_TEMPORAL_DATA
22.789967,92.820396,LandslideGuard_Project_Master,,,,,,,,NO_TEMPORAL_DATA
22.771872,92.840324,LandslideGuard_Project_Master,,,,,,,,NO_TEMPORAL_DATA
22.751808,92.838905,LandslideGuard_Project_Master,,,,,,,,NO_TEMPORAL_DATA
22.785034,92.834671,LandslideGuard_Project_Master,,,,,,,,NO_TEMPORAL_DATA
22.779978,92.833778,LandslideGuard_Project_Master,,,,,,,,NO_TEMPORAL_DATA
22.777763,92.833969,LandslideGuard_Project_Master,,,,,,,,NO_TEMPORAL_DATA
22.788198,92.825165,LandslideGuard_Project_Master,,,,,,,,NO_TEMPORAL_DATA
22.791958,92.833511,LandslideGuard_Project_Master,,,,,,,,NO_TEMPORAL_DATA
22.848185,92.886963,LandslideGuard_Project_Master,,,,,,,,NO_TEMPORAL_DATA
22.841455,92.891235,LandslideGuard_Project_Master,,,,,,,,NO_TEMPORAL_DATA
22.832573,92.892761,LandslideGuard_Project_Master,,,,,,,,NO_TEMPORAL_DATA
22.8363,92.892799,LandslideGuard_Project_Master,,,,,,,,NO_TEMPORAL_DATA
22.83885,92.89209,LandslideGuard_Project_Master,,,,,,,,NO_TEMPORAL_DATA
22.711,92.839996,LandslideGuard_Project_Master,,,,,,,,NO_TEMPORAL_DATA
22.705,92.842003,LandslideGuard_Project_Master,,,,,,,,NO_TEMPORAL_DATA
22.691999,92.841003,LandslideGuard_Project_Master,,,,,,,,NO_TEMPORAL_DATA
22.691,92.841003,LandslideGuard_Project_Master,,,,,,,,NO_TEMPORAL_DATA
22.688,92.842003,LandslideGuard_Project_Master,,,,,,,,NO_TEMPORAL_DATA
22.673,92.844002,LandslideGuard_Project_Master,,,,,,,,NO_TEMPORAL_DATA
22.66,92.855003,LandslideGuard_Project_Master,,,,,,,,NO_TEMPORAL_DATA
22.656334,92.874725,LandslideGuard_Project_Master,,,,,,,,NO_TEMPORAL_DATA
22.681,92.884003,LandslideGuard_Project_Master,,,,,,,,NO_TEMPORAL_DATA
22.683001,92.882004,LandslideGuard_Project_Master,,,,,,,,NO_TEMPORAL_DATA
22.654861,92.894722,LandslideGuard_Project_Master,,,,,,,,NO_TEMPORAL_DATA
22.615999,92.913002,LandslideGuard_Project_Master,,,,,,,,NO_TEMPORAL_DATA
22.577,92.892998,LandslideGuard_Project_Master,,,,,,,,NO_TEMPORAL_DATA
22.552301,92.883888,LandslideGuard_Project_Master,,,,,,,,NO_TEMPORAL_DATA
22.561611,92.877502,LandslideGuard_Project_Master,,,,,,,,NO_TEMPORAL_DATA
22.568556,92.87944,LandslideGuard_Project_Master,,,,,,,,NO_TEMPORAL_DATA
22.574112,92.873337,LandslideGuard_Project_Master,,,,,,,,NO_TEMPORAL_DATA
22.577583,92.870277,LandslideGuard_Project_Master,,,,,,,,NO_TEMPORAL_DATA
22.579611,92.870552,LandslideGuard_Project_Master,,,,,,,,NO_TEMPORAL_DATA
22.586,92.870003,LandslideGuard_Project_Master,,,,,,,,NO_TEMPORAL_DATA
22.71,92.7,LandslideGuard_Project_Master,,,,,,,,NO_TEMPORAL_DATA
22.69,92.72,LandslideGuard_Project_Master,,,,,,,,NO_TEMPORAL_DATA
22.65,92.71,LandslideGuard_Project_Master,,,2019.0,,,2019.0,,YEAR_ONLY
22.65,92.71,LandslideGuard_Project_Master,,,2019.0,,,2019.0,,YEAR_ONLY
22.65,92.71,LandslideGuard_Project_Master,,,2019.0,,,2019.0,,YEAR_ONLY
22.66,92.71,LandslideGuard_Project_Master,,,2019.0,,,2019.0,,YEAR_ONLY
22.67,92.69,LandslideGuard_Project_Master,,,2019.0,,,2019.0,,YEAR_ONLY
22.67,92.69,LandslideGuard_Project_Master,,,,,,,,NO_TEMPORAL_DATA
22.68,92.69,LandslideGuard_Project_Master,,,,,,,,NO_TEMPORAL_DATA
22.67,92.68,LandslideGuard_Project_Master,,,2019.0,,,2019.0,,YEAR_ONLY
22.67,92.68,LandslideGuard_Project_Master,,,2019.0,,,2019.0,,YEAR_ONLY
22.67,92.68,LandslideGuard_Project_Master,,,,,,,,NO_TEMPORAL_DATA
22.65,92.67,LandslideGuard_Project_Master,,,,,,,,NO_TEMPORAL_DATA
22.65,92.67,LandslideGuard_Project_Master,,,,,,,,NO_TEMPORAL_DATA
22.65,92.67,LandslideGuard_Project_Master,,,2018.0,,,2018.0,,YEAR_ONLY
22.66,92.67,LandslideGuard_Project_Master,,,2018.0,,,2018.0,,YEAR_ONLY
22.66,92.67,LandslideGuard_Project_Master,,,,,,,,NO_TEMPORAL_DATA
22.66,92.67,LandslideGuard_Project_Master,,,,,,,,NO_TEMPORAL_DATA
22.66,92.65,LandslideGuard_Project_Master,,,,,,,,NO_TEMPORAL_DATA
22.66,92.65,LandslideGuard_Project_Master,,,,,,,,NO_TEMPORAL_DATA
22.65,92.66,LandslideGuard_Project_Master,,,,,,,,NO_TEMPORAL_DATA
22.65,92.65,LandslideGuard_Project_Master,,,,,,,,NO_TEMPORAL_DATA
22.68,92.66,LandslideGuard_Project_Master,,,2016.0,,,2016.0,,YEAR_ONLY
22.71,92.66,LandslideGuard_Project_Master,,,2019.0,,,2019.0,,YEAR_ONLY
22.7,92.66,LandslideGuard_Project_Master,,,2019.0,,,2019.0,,YEAR_ONLY
22.7,92.66,LandslideGuard_Project_Master,,,2019.0,,,2019.0,,YEAR_ONLY
22.7,92.66,LandslideGuard_Project_Master,,,2019.0,,,2019.0,,YEAR_ONLY
22.73,92.65,LandslideGuard_Project_Master,,,,,,,,NO_TEMPORAL_DATA
22.73,92.65,LandslideGuard_Project_Master,,,2019.0,,,2019.0,,YEAR_ONLY
22.73,92.65,LandslideGuard_Project_Master,,,2019.0,,,2019.0,,YEAR_ONLY
22.73,92.65,LandslideGuard_Project_Master,,,2019.0,,,2019.0,,YEAR_ONLY
22.74,92.63,LandslideGuard_Project_Master,,,2018.0,,,2018.0,,YEAR_ONLY
22.7,92.56,LandslideGuard_Project_Master,,,2019.0,,,2019.0,,YEAR_ONLY
22.68,92.59,LandslideGuard_Project_Master,,,2019.0,,,2019.0,,YEAR_ONLY
22.68,92.59,LandslideGuard_Project_Master,,,,,,,,NO_TEMPORAL_DATA
22.68,92.58,LandslideGuard_Project_Master,,,,,,,,NO_TEMPORAL_DATA
22.68,92.58,LandslideGuard_Project_Master,,,2019.0,,,2019.0,,YEAR_ONLY
22.68,92.58,LandslideGuard_Project_Master,,,2019.0,,,2019.0,,YEAR_ONLY
22.68,92.57,LandslideGuard_Project_Master,,,2019.0,,,2019.0,,YEAR_ONLY
22.68,92.57,LandslideGuard_Project_Master,,,2019.0,,,2019.0,,YEAR_ONLY
22.68,92.56,LandslideGuard_Project_Master,,,,,,,,NO_TEMPORAL_DATA
22.67,92.56,LandslideGuard_Project_Master,,,,,,,,NO_TEMPORAL_DATA
22.65,92.61,LandslideGuard_Project_Master,,,2019.0,,,2019.0,,YEAR_ONLY
22.64,92.61,LandslideGuard_Project_Master,,,2019.0,,,2019.0,,YEAR_ONLY
22.56,92.67,LandslideGuard_Project_Master,,,2019.0,,,2019.0,,YEAR_ONLY
22.56,92.67,LandslideGuard_Project_Master,,,2017.0,,,2017.0,,YEAR_ONLY
22.57,92.68,LandslideGuard_Project_Master,,,,,,,,NO_TEMPORAL_DATA
22.61,92.66,LandslideGuard_Project_Master,,,2019.0,,,2019.0,,YEAR_ONLY
22.61,92.66,LandslideGuard_Project_Master,,,2018.0,,,2018.0,,YEAR_ONLY
22.61,92.66,LandslideGuard_Project_Master,,,2018.0,,,2018.0,,YEAR_ONLY
22.61,92.64,LandslideGuard_Project_Master,,,2019.0,,,2019.0,,YEAR_ONLY
22.62,92.64,LandslideGuard_Project_Master,,,,,,,,NO_TEMPORAL_DATA
22.63,92.64,LandslideGuard_Project_Master,,,,,,,,NO_TEMPORAL_DATA
22.63,92.64,LandslideGuard_Project_Master,,,,,,,,NO_TEMPORAL_DATA
22.64,92.66,LandslideGuard_Project_Master,,,,,,,,NO_TEMPORAL_DATA
22.64,92.66,LandslideGuard_Project_Master,,,,,,,,NO_TEMPORAL_DATA
22.63,92.66,LandslideGuard_Project_Master,,,2019.0,,,2019.0,,YEAR_ONLY
22.63,92.66,LandslideGuard_Project_Master,,,2019.0,,,2019.0,,YEAR_ONLY
22.63,92.66,LandslideGuard_Project_Master,,,2019.0,,,2019.0,,YEAR_ONLY
22.64,92.67,LandslideGuard_Project_Master,,,,,,,,NO_TEMPORAL_DATA
22.61,92.67,LandslideGuard_Project_Master,,,2018.0,,,2018.0,,YEAR_ONLY
22.61,92.67,LandslideGuard_Project_Master,,,2019.0,,,2019.0,,YEAR_ONLY
22.61,92.67,LandslideGuard_Project_Master,,,2017.0,,,2017.0,,YEAR_ONLY
22.6,92.67,LandslideGuard_Project_Master,,,2017.0,,,2017.0,,YEAR_ONLY
22.52,92.72,LandslideGuard_Project_Master,,,2019.0,,,2019.0,,YEAR_ONLY
22.52,92.72,LandslideGuard_Project_Master,,,2019.0,,,2019.0,,YEAR_ONLY
22.52,92.71,LandslideGuard_Project_Master,,,2019.0,,,2019.0,,YEAR_ONLY
22.52,92.71,LandslideGuard_Project_Master,,,2016.0,,,2016.0,,YEAR_ONLY
22.54,92.69,LandslideGuard_Project_Master,,,2019.0,,,2019.0,,YEAR_ONLY
22.53,92.7,LandslideGuard_Project_Master,,,2018.0,,,2018.0,,YEAR_ONLY
22.53,92.7,LandslideGuard_Project_Master,,,2019.0,,,2019.0,,YEAR_ONLY
22.45,92.7,LandslideGuard_Project_Master,,,,,,,,NO_TEMPORAL_DATA
22.46,92.69,LandslideGuard_Project_Master,,,,,,,,NO_TEMPORAL_DATA
22.49,92.67,LandslideGuard_Project_Master,,,,,,,,NO_TEMPORAL_DATA
22.5,92.68,LandslideGuard_Project_Master,,,,,,,,NO_TEMPORAL_DATA
22.54,92.68,LandslideGuard_Project_Master,,,2019.0,,,2019.0,,YEAR_ONLY
22.53,92.62,LandslideGuard_Project_Master,,,,,,,,NO_TEMPORAL_DATA
22.45,92.57,LandslideGuard_Project_Master,,,,,,,,NO_TEMPORAL_DATA
22.47,92.63,LandslideGuard_Project_Master,,,,,,,,NO_TEMPORAL_DATA
22.41,92.6,LandslideGuard_Project_Master,,,2019.0,,,2019.0,,YEAR_ONLY
22.39,92.59,LandslideGuard_Project_Master,,,2019.0,,,2019.0,,YEAR_ONLY
22.38,92.59,LandslideGuard_Project_Master,,,2019.0,,,2019.0,,YEAR_ONLY
22.38,92.59,LandslideGuard_Project_Master,,,2019.0,,,2019.0,,YEAR_ONLY
22.34,92.6,LandslideGuard_Project_Master,,,,,,,,NO_TEMPORAL_DATA
22.36,92.61,LandslideGuard_Project_Master,,,2019.0,,,2019.0,,YEAR_ONLY
22.39,92.61,LandslideGuard_Project_Master,,,2019.0,,,2019.0,,YEAR_ONLY
22.37,92.63,LandslideGuard_Project_Master,,,2019.0,,,2019.0,,YEAR_ONLY
22.35,92.66,LandslideGuard_Project_Master,,,2019.0,,,2019.0,,YEAR_ONLY
22.35,92.65,LandslideGuard_Project_Master,,,2019.0,,,2019.0,,YEAR_ONLY
22.34,92.65,LandslideGuard_Project_Master,,,2019.0,,,2019.0,,YEAR_ONLY
22.34,92.68,LandslideGuard_Project_Master,,,2019.0,,,2019.0,,YEAR_ONLY
22.39,92.64,LandslideGuard_Project_Master,,,,,,,,NO_TEMPORAL_DATA
22.41,92.64,LandslideGuard_Project_Master,,,,,,,,NO_TEMPORAL_DATA
22.43,92.69,LandslideGuard_Project_Master,,,,,,,,NO_TEMPORAL_DATA
22.43,92.71,LandslideGuard_Project_Master,,,,,,,,NO_TEMPORAL_DATA
22.34,92.69,LandslideGuard_Project_Master,,,2019.0,,,2019.0,,YEAR_ONLY
22.34,92.71,LandslideGuard_Project_Master,,,2019.0,,,2019.0,,YEAR_ONLY
22.35,92.74,LandslideGuard_Project_Master,,,,,,,,NO_TEMPORAL_DATA
22.35,92.74,LandslideGuard_Project_Master,,,2019.0,,,2019.0,,YEAR_ONLY
22.35,92.74,LandslideGuard_Project_Master,,,2019.0,,,2019.0,,YEAR_ONLY
22.34,92.74,LandslideGuard_Project_Master,,,2019.0,,,2019.0,,YEAR_ONLY
22.34,92.74,LandslideGuard_Project_Master,,,2019.0,,,2019.0,,YEAR_ONLY
22.34,92.74,LandslideGuard_Project_Master,,,2019.0,,,2019.0,,YEAR_ONLY
22.34,92.74,LandslideGuard_Project_Master,,,,,,,,NO_TEMPORAL_DATA
22.34,92.75,LandslideGuard_Project_Master,,,2019.0,,,2019.0,,YEAR_ONLY
22.341,92.768997,LandslideGuard_Project_Master,,,,,,,,NO_TEMPORAL_DATA
22.358999,92.779999,LandslideGuard_Project_Master,,,,,,,,NO_TEMPORAL_DATA
22.356001,92.791,LandslideGuard_Project_Master,,,,,,,,NO_TEMPORAL_DATA
22.41,92.75,LandslideGuard_Project_Master,,,2019.0,,,2019.0,,YEAR_ONLY
22.41,92.75,LandslideGuard_Project_Master,,,2019.0,,,2019.0,,YEAR_ONLY
22.43,92.75,LandslideGuard_Project_Master,,,2019.0,,,2019.0,,YEAR_ONLY
22.46,92.73,LandslideGuard_Project_Master,,,2018.0,,,2018.0,,YEAR_ONLY
22.48,92.73,LandslideGuard_Project_Master,,,,,,,,NO_TEMPORAL_DATA
22.49,92.74,LandslideGuard_Project_Master,,,2019.0,,,2019.0,,YEAR_ONLY
22.5,92.73,LandslideGuard_Project_Master,,,2019.0,,,2019.0,,YEAR_ONLY
22.5,92.73,LandslideGuard_Project_Master,,,2017.0,,,2017.0,,YEAR_ONLY
22.5,92.74,LandslideGuard_Project_Master,,,2019.0,,,2019.0,,YEAR_ONLY
22.5,92.74,LandslideGuard_Project_Master,,,,,,,,NO_TEMPORAL_DATA
22.5,92.75,LandslideGuard_Project_Master,,,2019.0,,,2019.0,,YEAR_ONLY
22.51,92.74,LandslideGuard_Project_Master,,,2019.0,,,2019.0,,YEAR_ONLY
22.513,92.793999,LandslideGuard_Project_Master,,,,,,,,NO_TEMPORAL_DATA
22.518,92.811996,LandslideGuard_Project_Master,,,,,,,,NO_TEMPORAL_DATA
22.538,92.857002,LandslideGuard_Project_Master,,,,,,,,NO_TEMPORAL_DATA
22.535999,92.860001,LandslideGuard_Project_Master,,,,,,,,NO_TEMPORAL_DATA
22.532,92.862999,LandslideGuard_Project_Master,,,,,,,,NO_TEMPORAL_DATA
22.525,92.865997,LandslideGuard_Project_Master,,,,,,,,NO_TEMPORAL_DATA
22.525,92.864998,LandslideGuard_Project_Master,,,,,,,,NO_TEMPORAL_DATA
22.52,92.867996,LandslideGuard_Project_Master,,,,,,,,NO_TEMPORAL_DATA
22.518,92.855003,LandslideGuard_Project_Master,,,,,,,,NO_TEMPORAL_DATA
22.5,92.887001,LandslideGuard_Project_Master,,,,,,,,NO_TEMPORAL_DATA
22.501471,92.891663,LandslideGuard_Project_Master,,,,,,,,NO_TEMPORAL_DATA
22.503,92.889,LandslideGuard_Project_Master,,,,,,,,NO_TEMPORAL_DATA
22.51,92.886002,LandslideGuard_Project_Master,,,,,,,,NO_TEMPORAL_DATA
22.507,92.886002,LandslideGuard_Project_Master,,,,,,,,NO_TEMPORAL_DATA
22.517,92.879997,LandslideGuard_Project_Master,,,,,,,,NO_TEMPORAL_DATA
22.5273,92.870003,LandslideGuard_Project_Master,,,,,,,,NO_TEMPORAL_DATA
22.534,92.876999,LandslideGuard_Project_Master,,,,,,,,NO_TEMPORAL_DATA
22.533001,92.886002,LandslideGuard_Project_Master,,,,,,,,NO_TEMPORAL_DATA
22.537416,92.885002,LandslideGuard_Project_Master,,,,,,,,NO_TEMPORAL_DATA
22.530001,92.890999,LandslideGuard_Project_Master,,,,,,,,NO_TEMPORAL_DATA
22.530001,92.890999,LandslideGuard_Project_Master,,,,,,,,NO_TEMPORAL_DATA
22.530001,92.890999,LandslideGuard_Project_Master,,,,,,,,NO_TEMPORAL_DATA
22.525999,92.888,LandslideGuard_Project_Master,,,,,,,,NO_TEMPORAL_DATA
22.528,92.896004,LandslideGuard_Project_Master,,,,,,,,NO_TEMPORAL_DATA
22.527,92.891998,LandslideGuard_Project_Master,,,,,,,,NO_TEMPORAL_DATA
22.53544,92.893059,LandslideGuard_Project_Master,,,,,,,,NO_TEMPORAL_DATA
22.483166,92.885551,LandslideGuard_Project_Master,,,,,,,,NO_TEMPORAL_DATA
22.486,92.882004,LandslideGuard_Project_Master,,,,,,,,NO_TEMPORAL_DATA
22.482,92.877998,LandslideGuard_Project_Master,,,,,,,,NO_TEMPORAL_DATA
22.475,92.877998,LandslideGuard_Project_Master,,,,,,,,NO_TEMPORAL_DATA
22.468,92.873001,LandslideGuard_Project_Master,,,,,,,,NO_TEMPORAL_DATA
22.469,92.876999,LandslideGuard_Project_Master,,,,,,,,NO_TEMPORAL_DATA
22.469469,92.878334,LandslideGuard_Project_Master,,,,,,,,NO_TEMPORAL_DATA
22.476999,92.885002,LandslideGuard_Project_Master,,,,,,,,NO_TEMPORAL_DATA
22.458916,92.886108,LandslideGuard_Project_Master,,,,,,,,NO_TEMPORAL_DATA
22.462999,92.877998,LandslideGuard_Project_Master,,,,,,,,NO_TEMPORAL_DATA
22.459,92.873001,LandslideGuard_Project_Master,,,,,,,,NO_TEMPORAL_DATA
22.450001,92.870003,LandslideGuard_Project_Master,,,,,,,,NO_TEMPORAL_DATA
22.445999,92.874001,LandslideGuard_Project_Master,,,,,,,,NO_TEMPORAL_DATA
22.448,92.882004,LandslideGuard_Project_Master,,,,,,,,NO_TEMPORAL_DATA
22.447001,92.882004,LandslideGuard_Project_Master,,,,,,,,NO_TEMPORAL_DATA
22.45138,92.911942,LandslideGuard_Project_Master,,,,,,,,NO_TEMPORAL_DATA
22.45138,92.911942,LandslideGuard_Project_Master,,,,,,,,NO_TEMPORAL_DATA
22.440001,92.879997,LandslideGuard_Project_Master,,,,,,,,NO_TEMPORAL_DATA
22.43,92.870003,LandslideGuard_Project_Master,,,,,,,,NO_TEMPORAL_DATA
22.405001,92.861,LandslideGuard_Project_Master,,,,,,,,NO_TEMPORAL_DATA
22.416,92.864998,LandslideGuard_Project_Master,,,,,,,,NO_TEMPORAL_DATA
22.395,92.860001,LandslideGuard_Project_Master,,,,,,,,NO_TEMPORAL_DATA
22.389999,92.862999,LandslideGuard_Project_Master,,,,,,,,NO_TEMPORAL_DATA
22.385,92.858002,LandslideGuard_Project_Master,,,,,,,,NO_TEMPORAL_DATA
22.379,92.858002,LandslideGuard_Project_Master,,,,,,,,NO_TEMPORAL_DATA
22.375,92.858002,LandslideGuard_Project_Master,,,,,,,,NO_TEMPORAL_DATA
22.385,92.857002,LandslideGuard_Project_Master,,,,,,,,NO_TEMPORAL_DATA
22.363001,92.861,LandslideGuard_Project_Master,,,,,,,,NO_TEMPORAL_DATA
22.369862,92.934998,LandslideGuard_Project_Master,,,,,,,,NO_TEMPORAL_DATA
22.368999,92.934998,LandslideGuard_Project_Master,,,,,,,,NO_TEMPORAL_DATA
22.381001,92.978996,LandslideGuard_Project_Master,,,,,,,,NO_TEMPORAL_DATA
22.399,92.964996,LandslideGuard_Project_Master,,,,,,,,NO_TEMPORAL_DATA
22.392,92.978996,LandslideGuard_Project_Master,,,,,,,,NO_TEMPORAL_DATA
22.42,92.992996,LandslideGuard_Project_Master,,,,,,,,NO_TEMPORAL_DATA
22.424,92.977997,LandslideGuard_Project_Master,,,,,,,,NO_TEMPORAL_DATA
22.434999,92.945999,LandslideGuard_Project_Master,,,,,,,,NO_TEMPORAL_DATA
22.427999,92.947998,LandslideGuard_Project_Master,,,,,,,,NO_TEMPORAL_DATA
22.405001,92.950996,LandslideGuard_Project_Master,,,,,,,,NO_TEMPORAL_DATA
22.464916,92.916107,LandslideGuard_Project_Master,,,,,,,,NO_TEMPORAL_DATA
22.466166,92.92083,LandslideGuard_Project_Master,,,,,,,,NO_TEMPORAL_DATA
22.459,92.952003,LandslideGuard_Project_Master,,,,,,,,NO_TEMPORAL_DATA
22.455,92.959999,LandslideGuard_Project_Master,,,,,,,,NO_TEMPORAL_DATA
22.455999,92.948997,LandslideGuard_Project_Master,,,,,,,,NO_TEMPORAL_DATA
22.483999,92.954002,LandslideGuard_Project_Master,,,,,,,,NO_TEMPORAL_DATA
22.496,92.975998,LandslideGuard_Project_Master,,,,,,,,NO_TEMPORAL_DATA
22.513,92.992996,LandslideGuard_Project_Master,,,,,,,,NO_TEMPORAL_DATA
22.485666,92.985825,LandslideGuard_Project_Master,,,,,,,,NO_TEMPORAL_DATA
22.490999,92.984001,LandslideGuard_Project_Master,,,,,,,,NO_TEMPORAL_DATA
22.490999,92.981003,LandslideGuard_Project_Master,,,,,,,,NO_TEMPORAL_DATA
22.490999,92.964996,LandslideGuard_Project_Master,,,,,,,,NO_TEMPORAL_DATA
22.487,92.964996,LandslideGuard_Project_Master,,,,,,,,NO_TEMPORAL_DATA
22.478001,92.966003,LandslideGuard_Project_Master,,,,,,,,NO_TEMPORAL_DATA
22.475,92.964996,LandslideGuard_Project_Master,,,,,,,,NO_TEMPORAL_DATA
22.472,92.969002,LandslideGuard_Project_Master,,,,,,,,NO_TEMPORAL_DATA
22.462999,92.969002,LandslideGuard_Project_Master,,,,,,,,NO_TEMPORAL_DATA
22.455999,92.962997,LandslideGuard_Project_Master,,,,,,,,NO_TEMPORAL_DATA
22.46,93.05,LandslideGuard_Project_Master,,,2018.0,,,2018.0,,YEAR_ONLY
22.46,93.05,LandslideGuard_Project_Master,,,2018.0,,,2018.0,,YEAR_ONLY
22.49,93.01,LandslideGuard_Project_Master,,,2017.0,,,2017.0,,YEAR_ONLY
22.5,93.01,LandslideGuard_Project_Master,,,2018.0,,,2018.0,,YEAR_ONLY
22.5,93.02,LandslideGuard_Project_Master,,,2017.0,,,2017.0,,YEAR_ONLY
22.45,93.09,LandslideGuard_Project_Master,,,2018.0,,,2018.0,,YEAR_ONLY
22.44,93.1,LandslideGuard_Project_Master,,,2017.0,,,2017.0,,YEAR_ONLY
22.44,93.1,LandslideGuard_Project_Master,,,2019.0,,,2019.0,,YEAR_ONLY
22.41,93.02,LandslideGuard_Project_Master,,,,,,,,NO_TEMPORAL_DATA
22.38,93.03,LandslideGuard_Project_Master,,,,,,,,NO_TEMPORAL_DATA
22.38,93.03,LandslideGuard_Project_Master,,,,,,,,NO_TEMPORAL_DATA
22.34,93.04,LandslideGuard_Project_Master,,,2017.0,,,2017.0,,YEAR_ONLY
22.34,93.04,LandslideGuard_Project_Master,,,,,,,,NO_TEMPORAL_DATA
22.34,93.04,LandslideGuard_Project_Master,,,2019.0,,,2019.0,,YEAR_ONLY
22.36,93.05,LandslideGuard_Project_Master,,,2018.0,,,2018.0,,YEAR_ONLY
22.34,93.13,LandslideGuard_Project_Master,,,2019.0,,,2019.0,,YEAR_ONLY
22.38,93.12,LandslideGuard_Project_Master,,,2017.0,,,2017.0,,YEAR_ONLY
22.39,93.11,LandslideGuard_Project_Master,,,2018.0,,,2018.0,,YEAR_ONLY
22.4,93.12,LandslideGuard_Project_Master,,,2017.0,,,2017.0,,YEAR_ONLY
22.4,93.13,LandslideGuard_Project_Master,,,2017.0,,,2017.0,,YEAR_ONLY
22.5886,92.970001,LandslideGuard_Project_Master,,,,,,,,NO_TEMPORAL_DATA
22.573833,92.917519,LandslideGuard_Project_Master,,,,,,,,NO_TEMPORAL_DATA
22.591,92.917,LandslideGuard_Project_Master,,,,,,,,NO_TEMPORAL_DATA
22.615,92.916,LandslideGuard_Project_Master,,,,,,,,NO_TEMPORAL_DATA
22.704,92.985001,LandslideGuard_Project_Master,,,,,,,,NO_TEMPORAL_DATA
22.700001,92.994003,LandslideGuard_Project_Master,,,,,,,,NO_TEMPORAL_DATA
22.844894,92.944511,LandslideGuard_Project_Master,,,,,,,,NO_TEMPORAL_DATA
22.842268,92.951981,LandslideGuard_Project_Master,,,,,,,,NO_TEMPORAL_DATA
22.841801,92.951385,LandslideGuard_Project_Master,,,,,,,,NO_TEMPORAL_DATA
22.844219,92.955048,LandslideGuard_Project_Master,,,,,,,,NO_TEMPORAL_DATA
22.839445,92.95668,LandslideGuard_Project_Master,,,,,,,,NO_TEMPORAL_DATA
22.83358,92.955582,LandslideGuard_Project_Master,,,,,,,,NO_TEMPORAL_DATA
22.826855,92.971519,LandslideGuard_Project_Master,,,,,,,,NO_TEMPORAL_DATA
22.827406,92.975822,LandslideGuard_Project_Master,,,,,,,,NO_TEMPORAL_DATA
22.802805,93.004639,LandslideGuard_Project_Master,,,,,,,,NO_TEMPORAL_DATA
22.796106,92.991173,LandslideGuard_Project_Master,,,,,,,,NO_TEMPORAL_DATA
22.78916,92.981087,LandslideGuard_Project_Master,,,,,,,,NO_TEMPORAL_DATA
22.823893,93.036804,LandslideGuard_Project_Master,,,,,,,,NO_TEMPORAL_DATA
22.891706,92.950081,LandslideGuard_Project_Master,,,,,,,,NO_TEMPORAL_DATA
22.893372,92.946724,LandslideGuard_Project_Master,,,,,,,,NO_TEMPORAL_DATA
22.892977,92.947433,LandslideGuard_Project_Master,,,,,,,,NO_TEMPORAL_DATA
22.899151,92.935677,LandslideGuard_Project_Master,,,,,,,,NO_TEMPORAL_DATA
22.897877,92.934364,LandslideGuard_Project_Master,,,,,,,,NO_TEMPORAL_DATA
22.914797,92.928406,LandslideGuard_Project_Master,,,,,,,,NO_TEMPORAL_DATA
22.915947,92.928337,LandslideGuard_Project_Master,,,,,,,,NO_TEMPORAL_DATA
22.916008,92.927841,LandslideGuard_Project_Master,,,,,,,,NO_TEMPORAL_DATA
22.920202,92.927345,LandslideGuard_Project_Master,,,,,,,,NO_TEMPORAL_DATA
22.91165,92.929871,LandslideGuard_Project_Master,,,,,,,,NO_TEMPORAL_DATA
22.908737,92.930191,LandslideGuard_Project_Master,,,,,,,,NO_TEMPORAL_DATA
22.906252,92.93174,LandslideGuard_Project_Master,,,,,,,,NO_TEMPORAL_DATA
22.902401,92.941025,LandslideGuard_Project_Master,,,,,,,,NO_TEMPORAL_DATA
22.957235,92.929703,LandslideGuard_Project_Master,,,,,,,,NO_TEMPORAL_DATA
22.968073,92.929916,LandslideGuard_Project_Master,,,,,,,,NO_TEMPORAL_DATA
22.96703,92.925728,LandslideGuard_Project_Master,,,,,,,,NO_TEMPORAL_DATA
22.986418,92.999901,LandslideGuard_Project_Master,,,,,,,,NO_TEMPORAL_DATA
23.003361,92.962914,LandslideGuard_Project_Master,,,,,,,,NO_TEMPORAL_DATA
23.003996,92.963562,LandslideGuard_Project_Master,,,,,,,,NO_TEMPORAL_DATA
23.004421,92.988426,LandslideGuard_Project_Master,,,,,,,,NO_TEMPORAL_DATA
23.006939,92.98938,LandslideGuard_Project_Master,,,,,,,,NO_TEMPORAL_DATA
23.005156,92.985893,LandslideGuard_Project_Master,,,,,,,,NO_TEMPORAL_DATA
23.010895,92.924156,LandslideGuard_Project_Master,,,,,,,,NO_TEMPORAL_DATA
23.002401,92.923904,LandslideGuard_Project_Master,,,,,,,,NO_TEMPORAL_DATA
23.001865,92.923225,LandslideGuard_Project_Master,,,,,,,,NO_TEMPORAL_DATA
23.018612,92.920555,LandslideGuard_Project_Master,,,,,,,,NO_TEMPORAL_DATA
23.018333,92.920555,LandslideGuard_Project_Master,,,,,,,,NO_TEMPORAL_DATA
23.017822,92.920723,LandslideGuard_Project_Master,,,,,,,,NO_TEMPORAL_DATA
23.017494,92.920425,LandslideGuard_Project_Master,,,,,,,,NO_TEMPORAL_DATA
23.019981,92.920921,LandslideGuard_Project_Master,,,,,,,,NO_TEMPORAL_DATA
23.025131,92.91922,LandslideGuard_Project_Master,,,,,,,,NO_TEMPORAL_DATA
23.022125,92.919952,LandslideGuard_Project_Master,,,,,,,,NO_TEMPORAL_DATA
23.068354,93.002747,LandslideGuard_Project_Master,,,,,,,,NO_TEMPORAL_DATA
23.08989,93.020531,LandslideGuard_Project_Master,,,,,,,,NO_TEMPORAL_DATA
23.143806,93.031219,LandslideGuard_Project_Master,,,,,,,,NO_TEMPORAL_DATA
23.148056,93.055832,LandslideGuard_Project_Master,,,,,,,,NO_TEMPORAL_DATA
23.057222,93.080002,LandslideGuard_Project_Master,,,,,,,,NO_TEMPORAL_DATA
22.983683,93.038437,LandslideGuard_Project_Master,,,,,,,,NO_TEMPORAL_DATA
23.14085,93.142487,LandslideGuard_Project_Master,,,,,,,,NO_TEMPORAL_DATA
23.124069,93.145889,LandslideGuard_Project_Master,,,,,,,,NO_TEMPORAL_DATA
23.072695,93.218956,LandslideGuard_Project_Master,,,,,,,,NO_TEMPORAL_DATA
23.08964,93.200974,LandslideGuard_Project_Master,,,,,,,,NO_TEMPORAL_DATA
23.152298,93.28066,LandslideGuard_Project_Master,,,,,,,,NO_TEMPORAL_DATA
23.151444,93.282333,LandslideGuard_Project_Master,,,,,,,,NO_TEMPORAL_DATA
23.151417,93.283077,LandslideGuard_Project_Master,,,,,,,,NO_TEMPORAL_DATA
23.15114,93.283462,LandslideGuard_Project_Master,,,,,,,,NO_TEMPORAL_DATA
23.059264,93.275647,LandslideGuard_Project_Master,,,,,,,,NO_TEMPORAL_DATA
23.059174,93.276033,LandslideGuard_Project_Master,,,,,,,,NO_TEMPORAL_DATA
23.058,93.280568,LandslideGuard_Project_Master,,,,,,,,NO_TEMPORAL_DATA
23.026818,93.26673,LandslideGuard_Project_Master,,,,,,,,NO_TEMPORAL_DATA
23.05214,93.307373,LandslideGuard_Project_Master,,,,,,,,NO_TEMPORAL_DATA
23.051673,93.306394,LandslideGuard_Project_Master,,,,,,,,NO_TEMPORAL_DATA
23.075896,93.315313,LandslideGuard_Project_Master,,,,,,,,NO_TEMPORAL_DATA
23.075703,93.315391,LandslideGuard_Project_Master,,,,,,,,NO_TEMPORAL_DATA
23.075575,93.315376,LandslideGuard_Project_Master,,,,,,,,NO_TEMPORAL_DATA
23.081345,93.321054,LandslideGuard_Project_Master,,,,,,,,NO_TEMPORAL_DATA
23.081569,93.320633,LandslideGuard_Project_Master,,,,,,,,NO_TEMPORAL_DATA
23.127266,93.296204,LandslideGuard_Project_Master,,,,,,,,NO_TEMPORAL_DATA
23.131158,93.293979,LandslideGuard_Project_Master,,,,,,,,NO_TEMPORAL_DATA
23.138981,93.288852,LandslideGuard_Project_Master,,,,,,,,NO_TEMPORAL_DATA
23.139244,93.289294,LandslideGuard_Project_Master,,,,,,,,NO_TEMPORAL_DATA
23.145214,93.287063,LandslideGuard_Project_Master,,,,,,,,NO_TEMPORAL_DATA
23.14953,93.287758,LandslideGuard_Project_Master,,,,,,,,NO_TEMPORAL_DATA
23.150818,93.286358,LandslideGuard_Project_Master,,,,,,,,NO_TEMPORAL_DATA
23.150924,93.28563,LandslideGuard_Project_Master,,,,,,,,NO_TEMPORAL_DATA
23.146333,93.30675,LandslideGuard_Project_Master,,,,,,,,NO_TEMPORAL_DATA
23.1465,93.30625,LandslideGuard_Project_Master,,,,,,,,NO_TEMPORAL_DATA
23.146464,93.306249,LandslideGuard_Project_Master,,,,,,,,NO_TEMPORAL_DATA
23.146056,93.306889,LandslideGuard_Project_Master,,,,,,,,NO_TEMPORAL_DATA
23.14572,93.306544,LandslideGuard_Project_Master,,,,,,,,NO_TEMPORAL_DATA
23.136712,93.31485,LandslideGuard_Project_Master,,,,,,,,NO_TEMPORAL_DATA
23.136654,93.314856,LandslideGuard_Project_Master,,,,,,,,NO_TEMPORAL_DATA
23.141408,93.338272,LandslideGuard_Project_Master,,,,,,,,NO_TEMPORAL_DATA
23.141445,93.33848,LandslideGuard_Project_Master,,,,,,,,NO_TEMPORAL_DATA
23.140294,93.344976,LandslideGuard_Project_Master,,,,,,,,NO_TEMPORAL_DATA
23.140461,93.343504,LandslideGuard_Project_Master,,,,,,,,NO_TEMPORAL_DATA
23.14046,93.343507,LandslideGuard_Project_Master,,,,,,,,NO_TEMPORAL_DATA
23.135434,93.368506,LandslideGuard_Project_Master,,,,,,,,NO_TEMPORAL_DATA
23.135405,93.368299,LandslideGuard_Project_Master,,,,,,,,NO_TEMPORAL_DATA
22.21,93.12,LandslideGuard_Project_Master,,,2017.0,,,2017.0,,YEAR_ONLY
22.21,93.12,LandslideGuard_Project_Master,,,2017.0,,,2017.0,,YEAR_ONLY
22.2,93.13,LandslideGuard_Project_Master,,,2017.0,,,2017.0,,YEAR_ONLY
22.22,93.11,LandslideGuard_Project_Master,,,2017.0,,,2017.0,,YEAR_ONLY
22.32,93.14,LandslideGuard_Project_Master,,,,,,,,NO_TEMPORAL_DATA
22.29,93.08,LandslideGuard_Project_Master,,,,,,,,NO_TEMPORAL_DATA
22.29,93.09,LandslideGuard_Project_Master,,,2017.0,,,2017.0,,YEAR_ONLY
22.28,93.09,LandslideGuard_Project_Master,,,2017.0,,,2017.0,,YEAR_ONLY
22.28,93.08,LandslideGuard_Project_Master,,,2017.0,,,2017.0,,YEAR_ONLY
22.28,93.08,LandslideGuard_Project_Master,,,,,,,,NO_TEMPORAL_DATA
22.28,93.08,LandslideGuard_Project_Master,,,,,,,,NO_TEMPORAL_DATA
22.27,93.09,LandslideGuard_Project_Master,,,2017.0,,,2017.0,,YEAR_ONLY
22.24,93.1,LandslideGuard_Project_Master,,,2017.0,,,2017.0,,YEAR_ONLY
22.25,93.09,LandslideGuard_Project_Master,,,2017.0,,,2017.0,,YEAR_ONLY
22.27,93.06,LandslideGuard_Project_Master,,,,,,,,NO_TEMPORAL_DATA
22.27,93.05,LandslideGuard_Project_Master,,,,,,,,NO_TEMPORAL_DATA
22.26,93.05,LandslideGuard_Project_Master,,,,,,,,NO_TEMPORAL_DATA
22.26,93.03,LandslideGuard_Project_Master,,,,,,,,NO_TEMPORAL_DATA
22.26,93.03,LandslideGuard_Project_Master,,,,,,,,NO_TEMPORAL_DATA
22.25,93.03,LandslideGuard_Project_Master,,,,,,,,NO_TEMPORAL_DATA
22.31,93.02,LandslideGuard_Project_Master,,,,,,,,NO_TEMPORAL_DATA
22.32,93.02,LandslideGuard_Project_Master,,,,,,,,NO_TEMPORAL_DATA
22.19,92.98,LandslideGuard_Project_Master,,,2017.0,,,2017.0,,YEAR_ONLY
22.22,92.96,LandslideGuard_Project_Master,,,,,,,,NO_TEMPORAL_DATA
22.22,92.95,LandslideGuard_Project_Master,,,,,,,,NO_TEMPORAL_DATA
22.23,92.93,LandslideGuard_Project_Master,,,2019.0,,,2019.0,,YEAR_ONLY
22.23,92.93,LandslideGuard_Project_Master,,,2018.0,,,2018.0,,YEAR_ONLY
22.21,92.96,LandslideGuard_Project_Master,,,2017.0,,,2017.0,,YEAR_ONLY
22.21,92.96,LandslideGuard_Project_Master,,,2017.0,,,2017.0,,YEAR_ONLY
22.17,92.99,LandslideGuard_Project_Master,,,2017.0,,,2017.0,,YEAR_ONLY
22.17,93.0,LandslideGuard_Project_Master,,,,,,,,NO_TEMPORAL_DATA
22.16,93.0,LandslideGuard_Project_Master,,,,,,,,NO_TEMPORAL_DATA
22.15,92.99,LandslideGuard_Project_Master,,,2017.0,,,2017.0,,YEAR_ONLY
22.15,92.99,LandslideGuard_Project_Master,,,2017.0,,,2017.0,,YEAR_ONLY
22.14,93.0,LandslideGuard_Project_Master,,,,,,,,NO_TEMPORAL_DATA
22.15,93.01,LandslideGuard_Project_Master,,,,,,,,NO_TEMPORAL_DATA
22.15,93.01,LandslideGuard_Project_Master,,,,,,,,NO_TEMPORAL_DATA
22.15,93.01,LandslideGuard_Project_Master,,,,,,,,NO_TEMPORAL_DATA
22.15,93.01,LandslideGuard_Project_Master,,,,,,,,NO_TEMPORAL_DATA
22.15,93.01,LandslideGuard_Project_Master,,,,,,,,NO_TEMPORAL_DATA
22.17,93.01,LandslideGuard_Project_Master,,,,,,,,NO_TEMPORAL_DATA
22.17,93.01,LandslideGuard_Project_Master,,,,,,,,NO_TEMPORAL_DATA
22.18,93.01,LandslideGuard_Project_Master,,,,,,,,NO_TEMPORAL_DATA
22.18,93.01,LandslideGuard_Project_Master,,,,,,,,NO_TEMPORAL_DATA
22.18,93.01,LandslideGuard_Project_Master,,,2017.0,,,2017.0,,YEAR_ONLY
22.18,93.01,LandslideGuard_Project_Master,,,,,,,,NO_TEMPORAL_DATA
22.18,93.01,LandslideGuard_Project_Master,,,,,,,,NO_TEMPORAL_DATA
22.19,93.03,LandslideGuard_Project_Master,,,,,,,,NO_TEMPORAL_DATA
23.96,94.06,LandslideGuard_Project_Master,,,2015.0,,,2015.0,,YEAR_ONLY
23.96,94.06,LandslideGuard_Project_Master,,,2015.0,,,2015.0,,YEAR_ONLY
23.95,94.06,LandslideGuard_Project_Master,,,2015.0,,,2015.0,,YEAR_ONLY
23.95,94.06,LandslideGuard_Project_Master,,,2015.0,,,2015.0,,YEAR_ONLY
23.95,94.07,LandslideGuard_Project_Master,,,2015.0,,,2015.0,,YEAR_ONLY
23.95,94.07,LandslideGuard_Project_Master,,,2015.0,,,2015.0,,YEAR_ONLY
24.03,93.81,LandslideGuard_Project_Master,,,2018.0,,,2018.0,,YEAR_ONLY
24.0,93.82,LandslideGuard_Project_Master,,,2017.0,,,2017.0,,YEAR_ONLY
23.97,93.95,LandslideGuard_Project_Master,,,2015.0,,,2015.0,,YEAR_ONLY
23.99,93.94,LandslideGuard_Project_Master,,,2020.0,,,2020.0,,YEAR_ONLY
23.99,93.94,LandslideGuard_Project_Master,,,2016.0,,,2016.0,,YEAR_ONLY
24.01,93.96,LandslideGuard_Project_Master,,,2015.0,,,2015.0,,YEAR_ONLY
24.01,93.97,LandslideGuard_Project_Master,,,2015.0,,,2015.0,,YEAR_ONLY
24.01,93.97,LandslideGuard_Project_Master,,,2015.0,,,2015.0,,YEAR_ONLY
24.01,93.97,LandslideGuard_Project_Master,,,2015.0,,,2015.0,,YEAR_ONLY
24.02,93.97,LandslideGuard_Project_Master,,,2015.0,,,2015.0,,YEAR_ONLY
24.0,93.97,LandslideGuard_Project_Master,,,2015.0,,,2015.0,,YEAR_ONLY
23.98,93.99,LandslideGuard_Project_Master,,,,,,,,NO_TEMPORAL_DATA
23.99,94.0,LandslideGuard_Project_Master,,,2015.0,,,2015.0,,YEAR_ONLY
23.98,94.02,LandslideGuard_Project_Master,,,2015.0,,,2015.0,,YEAR_ONLY
23.98,94.02,LandslideGuard_Project_Master,,,2015.0,,,2015.0,,YEAR_ONLY
24.0,94.0,LandslideGuard_Project_Master,,,2015.0,,,2015.0,,YEAR_ONLY
24.0,94.0,LandslideGuard_Project_Master,,,2015.0,,,2015.0,,YEAR_ONLY
24.0,93.99,LandslideGuard_Project_Master,,,,,,,,NO_TEMPORAL_DATA
24.0,93.99,LandslideGuard_Project_Master,,,2015.0,,,2015.0,,YEAR_ONLY
24.0,93.98,LandslideGuard_Project_Master,,,2015.0,,,2015.0,,YEAR_ONLY
24.0,93.98,LandslideGuard_Project_Master,,,,,,,,NO_TEMPORAL_DATA
24.01,93.98,LandslideGuard_Project_Master,,,2015.0,,,2015.0,,YEAR_ONLY
24.01,93.98,LandslideGuard_Project_Master,,,,,,,,NO_TEMPORAL_DATA
24.01,93.99,LandslideGuard_Project_Master,,,2015.0,,,2015.0,,YEAR_ONLY
24.01,93.99,LandslideGuard_Project_Master,,,,,,,,NO_TEMPORAL_DATA
24.01,93.99,LandslideGuard_Project_Master,,,,,,,,NO_TEMPORAL_DATA
24.06,94.02,LandslideGuard_Project_Master,,,2015.0,,,2015.0,,YEAR_ONLY
24.1,93.95,LandslideGuard_Project_Master,,,2015.0,,,2015.0,,YEAR_ONLY
24.1,93.96,LandslideGuard_Project_Master,,,2015.0,,,2015.0,,YEAR_ONLY
24.09,94.02,LandslideGuard_Project_Master,,,2015.0,,,2015.0,,YEAR_ONLY
24.09,94.02,LandslideGuard_Project_Master,,,2015.0,,,2015.0,,YEAR_ONLY
24.09,94.02,LandslideGuard_Project_Master,,,2015.0,,,2015.0,,YEAR_ONLY
24.09,94.02,LandslideGuard_Project_Master,,,2015.0,,,2015.0,,YEAR_ONLY
24.09,94.02,LandslideGuard_Project_Master,,,2015.0,,,2015.0,,YEAR_ONLY
24.09,94.02,LandslideGuard_Project_Master,,,2015.0,,,2015.0,,YEAR_ONLY
24.1,94.02,LandslideGuard_Project_Master,,,2020.0,,,2020.0,,YEAR_ONLY
24.11,94.02,LandslideGuard_Project_Master,,,2015.0,,,2015.0,,YEAR_ONLY
24.12,94.02,LandslideGuard_Project_Master,,,2020.0,,,2020.0,,YEAR_ONLY
24.13,93.99,LandslideGuard_Project_Master,,,2020.0,,,2020.0,,YEAR_ONLY
24.13,94.0,LandslideGuard_Project_Master,,,2020.0,,,2020.0,,YEAR_ONLY
24.14,94.01,LandslideGuard_Project_Master,,,2015.0,,,2015.0,,YEAR_ONLY
24.16,93.96,LandslideGuard_Project_Master,,,2015.0,,,2015.0,,YEAR_ONLY
24.16,93.97,LandslideGuard_Project_Master,,,2015.0,,,2015.0,,YEAR_ONLY
24.16,93.95,LandslideGuard_Project_Master,,,2018.0,,,2018.0,,YEAR_ONLY
24.16,93.95,LandslideGuard_Project_Master,,,2018.0,,,2018.0,,YEAR_ONLY
24.16,93.95,LandslideGuard_Project_Master,,,2015.0,,,2015.0,,YEAR_ONLY
24.17,93.93,LandslideGuard_Project_Master,,,2015.0,,,2015.0,,YEAR_ONLY
24.14,93.93,LandslideGuard_Project_Master,,,,,,,,NO_TEMPORAL_DATA
24.14,93.93,LandslideGuard_Project_Master,,,2015.0,,,2015.0,,YEAR_ONLY
24.09,93.9,LandslideGuard_Project_Master,,,2018.0,,,2018.0,,YEAR_ONLY
24.09,93.91,LandslideGuard_Project_Master,,,2015.0,,,2015.0,,YEAR_ONLY
24.08,93.89,LandslideGuard_Project_Master,,,2018.0,,,2018.0,,YEAR_ONLY
24.1,93.9,LandslideGuard_Project_Master,,,2015.0,,,2015.0,,YEAR_ONLY
24.11,93.91,LandslideGuard_Project_Master,,,2015.0,,,2015.0,,YEAR_ONLY
24.22,93.88,LandslideGuard_Project_Master,,,2015.0,,,2015.0,,YEAR_ONLY
24.24,93.85,LandslideGuard_Project_Master,,,2018.0,,,2018.0,,YEAR_ONLY
24.23,93.93,LandslideGuard_Project_Master,,,2015.0,,,2015.0,,YEAR_ONLY
24.18,93.9,LandslideGuard_Project_Master,,,2015.0,,,2015.0,,YEAR_ONLY
24.19,93.97,LandslideGuard_Project_Master,,,2015.0,,,2015.0,,YEAR_ONLY
24.19,93.97,LandslideGuard_Project_Master,,,2015.0,,,2015.0,,YEAR_ONLY
24.18,93.99,LandslideGuard_Project_Master,,,2015.0,,,2015.0,,YEAR_ONLY
24.19,94.02,LandslideGuard_Project_Master,,,2015.0,,,2015.0,,YEAR_ONLY
24.19,94.01,LandslideGuard_Project_Master,,,2015.0,,,2015.0,,YEAR_ONLY
24.23,93.94,LandslideGuard_Project_Master,,,2018.0,,,2018.0,,YEAR_ONLY
24.287361,94.022917,LandslideGuard_Project_Master,,,,,,,,NO_TEMPORAL_DATA
24.301528,94.017972,LandslideGuard_Project_Master,,,,,,,,NO_TEMPORAL_DATA
24.317619,94.003678,LandslideGuard_Project_Master,,,,,,,,NO_TEMPORAL_DATA
24.340028,93.977472,LandslideGuard_Project_Master,,,,,,,,NO_TEMPORAL_DATA
24.346028,93.954583,LandslideGuard_Project_Master,,,,,,,,NO_TEMPORAL_DATA
24.314333,93.931361,LandslideGuard_Project_Master,,,,,,,,NO_TEMPORAL_DATA
24.314194,93.928861,LandslideGuard_Project_Master,,,,,,,,NO_TEMPORAL_DATA
24.32,93.79,LandslideGuard_Project_Master,,,,,,,,NO_TEMPORAL_DATA
24.32,93.76,LandslideGuard_Project_Master,,,,,,,,NO_TEMPORAL_DATA
24.32,93.75,LandslideGuard_Project_Master,,,,,,,,NO_TEMPORAL_DATA
24.32,93.75,LandslideGuard_Project_Master,,,,,,,,NO_TEMPORAL_DATA
24.3,93.84,LandslideGuard_Project_Master,,,,,,,,NO_TEMPORAL_DATA
24.3,93.84,LandslideGuard_Project_Master,,,,,,,,NO_TEMPORAL_DATA
24.25,93.66,LandslideGuard_Project_Master,,,,,,,,NO_TEMPORAL_DATA
24.3,93.69,LandslideGuard_Project_Master,,,,,,,,NO_TEMPORAL_DATA
24.29,93.68,LandslideGuard_Project_Master,,,,,,,,NO_TEMPORAL_DATA
24.28,93.68,LandslideGuard_Project_Master,,,,,,,,NO_TEMPORAL_DATA
24.32,93.74,LandslideGuard_Project_Master,,,,,,,,NO_TEMPORAL_DATA
24.32,93.74,LandslideGuard_Project_Master,,,,,,,,NO_TEMPORAL_DATA
24.32,93.74,LandslideGuard_Project_Master,,,,,,,,NO_TEMPORAL_DATA
24.37,93.72,LandslideGuard_Project_Master,,,,,,,,NO_TEMPORAL_DATA
24.35,93.67,LandslideGuard_Project_Master,,,,,,,,NO_TEMPORAL_DATA
24.35,93.67,LandslideGuard_Project_Master,,,,,,,,NO_TEMPORAL_DATA
24.35,93.67,LandslideGuard_Project_Master,,,,,,,,NO_TEMPORAL_DATA
24.33,93.67,LandslideGuard_Project_Master,,,,,,,,NO_TEMPORAL_DATA
24.33,93.66,LandslideGuard_Project_Master,,,,,,,,NO_TEMPORAL_DATA
24.34,93.66,LandslideGuard_Project_Master,,,,,,,,NO_TEMPORAL_DATA
24.34,93.66,LandslideGuard_Project_Master,,,,,,,,NO_TEMPORAL_DATA
24.34,93.66,LandslideGuard_Project_Master,,,,,,,,NO_TEMPORAL_DATA
24.34,93.66,LandslideGuard_Project_Master,,,,,,,,NO_TEMPORAL_DATA
24.34,93.66,LandslideGuard_Project_Master,,,,,,,,NO_TEMPORAL_DATA
24.34,93.66,LandslideGuard_Project_Master,,,,,,,,NO_TEMPORAL_DATA
24.34,93.66,LandslideGuard_Project_Master,,,,,,,,NO_TEMPORAL_DATA
24.34,93.66,LandslideGuard_Project_Master,,,,,,,,NO_TEMPORAL_DATA
24.34,93.66,LandslideGuard_Project_Master,,,,,,,,NO_TEMPORAL_DATA
24.35,93.66,LandslideGuard_Project_Master,,,,,,,,NO_TEMPORAL_DATA
24.35,93.66,LandslideGuard_Project_Master,,,,,,,,NO_TEMPORAL_DATA
24.35,93.66,LandslideGuard_Project_Master,,,,,,,,NO_TEMPORAL_DATA
24.35,93.66,LandslideGuard_Project_Master,,,,,,,,NO_TEMPORAL_DATA
24.35,93.66,LandslideGuard_Project_Master,,,,,,,,NO_TEMPORAL_DATA
24.42,93.84,LandslideGuard_Project_Master,,,,,,,,NO_TEMPORAL_DATA
24.52,93.8,LandslideGuard_Project_Master,,,,,,,,NO_TEMPORAL_DATA
24.553572,93.711317,LandslideGuard_Project_Master,,,,,,,,NO_TEMPORAL_DATA
24.548053,93.709739,LandslideGuard_Project_Master,,,,,,,,NO_TEMPORAL_DATA
24.5465,93.671667,LandslideGuard_Project_Master,,,,,,,,NO_TEMPORAL_DATA
24.549256,93.667681,LandslideGuard_Project_Master,,,,,,,,NO_TEMPORAL_DATA
24.549944,93.668361,LandslideGuard_Project_Master,,,,,,,,NO_TEMPORAL_DATA
24.544361,93.674917,LandslideGuard_Project_Master,,,,,,,,NO_TEMPORAL_DATA
24.543806,93.676528,LandslideGuard_Project_Master,,,,,,,,NO_TEMPORAL_DATA
24.538817,93.676767,LandslideGuard_Project_Master,,,,,,,,NO_TEMPORAL_DATA
24.536556,93.670047,LandslideGuard_Project_Master,,,,,,,,NO_TEMPORAL_DATA
24.534017,93.680433,LandslideGuard_Project_Master,,,,,,,,NO_TEMPORAL_DATA
24.612372,93.670775,LandslideGuard_Project_Master,,,,,,,,NO_TEMPORAL_DATA
24.612992,93.670236,LandslideGuard_Project_Master,,,,,,,,NO_TEMPORAL_DATA
24.624944,93.691556,LandslideGuard_Project_Master,,,,,,,,NO_TEMPORAL_DATA
24.62595,93.692953,LandslideGuard_Project_Master,,,,,,,,NO_TEMPORAL_DATA
24.629861,93.695278,LandslideGuard_Project_Master,,,,,,,,NO_TEMPORAL_DATA
24.615083,93.696844,LandslideGuard_Project_Master,,,,,,,,NO_TEMPORAL_DATA
24.614883,93.696186,LandslideGuard_Project_Master,,,,,,,,NO_TEMPORAL_DATA
24.615033,93.695917,LandslideGuard_Project_Master,,,,,,,,NO_TEMPORAL_DATA
24.600231,93.695483,LandslideGuard_Project_Master,,,,,,,,NO_TEMPORAL_DATA
24.599333,93.689722,LandslideGuard_Project_Master,,,,,,,,NO_TEMPORAL_DATA
24.595972,93.721889,LandslideGuard_Project_Master,,,,,,,,NO_TEMPORAL_DATA
24.599858,93.725225,LandslideGuard_Project_Master,,,,,,,,NO_TEMPORAL_DATA
24.600083,93.725528,LandslideGuard_Project_Master,,,,,,,,NO_TEMPORAL_DATA
24.607528,93.713778,LandslideGuard_Project_Master,,,,,,,,NO_TEMPORAL_DATA
24.618889,93.705833,LandslideGuard_Project_Master,,,,,,,,NO_TEMPORAL_DATA
24.626833,93.709444,LandslideGuard_Project_Master,,,,,,,,NO_TEMPORAL_DATA
24.631861,93.721889,LandslideGuard_Project_Master,,,,,,,,NO_TEMPORAL_DATA
24.634278,93.719639,LandslideGuard_Project_Master,,,,,,,,NO_TEMPORAL_DATA
24.635389,93.719194,LandslideGuard_Project_Master,,,,,,,,NO_TEMPORAL_DATA
24.672569,93.6973,LandslideGuard_Project_Master,,,,,,,,NO_TEMPORAL_DATA
24.672406,93.696858,LandslideGuard_Project_Master,,,,,,,,NO_TEMPORAL_DATA
24.663889,93.679056,LandslideGuard_Project_Master,,,,,,,,NO_TEMPORAL_DATA
24.637806,93.69075,LandslideGuard_Project_Master,,,,,,,,NO_TEMPORAL_DATA
24.639806,93.691333,LandslideGuard_Project_Master,,,,,,,,NO_TEMPORAL_DATA
24.639311,93.691111,LandslideGuard_Project_Master,,,,,,,,NO_TEMPORAL_DATA
24.641444,93.691639,LandslideGuard_Project_Master,,,,,,,,NO_TEMPORAL_DATA
24.649492,93.679522,LandslideGuard_Project_Master,,,,,,,,NO_TEMPORAL_DATA
24.6525,93.676,LandslideGuard_Project_Master,,,,,,,,NO_TEMPORAL_DATA
24.646197,93.671856,LandslideGuard_Project_Master,,,,,,,,NO_TEMPORAL_DATA
24.646969,93.672364,LandslideGuard_Project_Master,,,,,,,,NO_TEMPORAL_DATA
24.647011,93.672828,LandslideGuard_Project_Master,,,,,,,,NO_TEMPORAL_DATA
24.639361,93.659444,LandslideGuard_Project_Master,,,,,,,,NO_TEMPORAL_DATA
24.667778,93.676944,LandslideGuard_Project_Master,,,,,,,,NO_TEMPORAL_DATA
24.679639,93.669667,LandslideGuard_Project_Master,,,,,,,,NO_TEMPORAL_DATA
24.685056,93.669,LandslideGuard_Project_Master,,,,,,,,NO_TEMPORAL_DATA
24.683139,93.696258,LandslideGuard_Project_Master,,,,,,,,NO_TEMPORAL_DATA
24.779889,93.663889,LandslideGuard_Project_Master,,,,,,,,NO_TEMPORAL_DATA
24.733256,93.701856,LandslideGuard_Project_Master,,,,,,,,NO_TEMPORAL_DATA
24.783194,93.774694,LandslideGuard_Project_Master,,,,,,,,NO_TEMPORAL_DATA
24.781694,93.776056,LandslideGuard_Project_Master,,,,,,,,NO_TEMPORAL_DATA
24.782139,93.777611,LandslideGuard_Project_Master,,,,,,,,NO_TEMPORAL_DATA
24.77925,93.781,LandslideGuard_Project_Master,,,,,,,,NO_TEMPORAL_DATA
24.777667,93.782806,LandslideGuard_Project_Master,,,,,,,,NO_TEMPORAL_DATA
24.778778,93.782778,LandslideGuard_Project_Master,,,,,,,,NO_TEMPORAL_DATA
24.43,93.85,LandslideGuard_Project_Master,,,,,,,,NO_TEMPORAL_DATA
24.40639,94.06583,LandslideGuard_Project_Master,,,,,,,,NO_TEMPORAL_DATA
24.391583,94.085806,LandslideGuard_Project_Master,,,,,,,,NO_TEMPORAL_DATA
24.404167,94.156667,LandslideGuard_Project_Master,,,,,,,,NO_TEMPORAL_DATA
24.391361,94.154361,LandslideGuard_Project_Master,,,,,,,,NO_TEMPORAL_DATA
24.387658,94.151683,LandslideGuard_Project_Master,,,,,,,,NO_TEMPORAL_DATA
24.379417,94.154139,LandslideGuard_Project_Master,,,,,,,,NO_TEMPORAL_DATA
24.387708,94.155764,LandslideGuard_Project_Master,,,,,,,,NO_TEMPORAL_DATA
24.417667,94.176806,LandslideGuard_Project_Master,,,,,,,,NO_TEMPORAL_DATA
24.4165,94.176944,LandslideGuard_Project_Master,,,,,,,,NO_TEMPORAL_DATA
24.419611,94.182722,LandslideGuard_Project_Master,,,,,,,,NO_TEMPORAL_DATA
24.416167,94.176167,LandslideGuard_Project_Master,,,,,,,,NO_TEMPORAL_DATA
24.444067,94.169767,LandslideGuard_Project_Master,,,,,,,,NO_TEMPORAL_DATA
24.444011,94.173489,LandslideGuard_Project_Master,,,,,,,,NO_TEMPORAL_DATA
24.441683,94.179211,LandslideGuard_Project_Master,,,,,,,,NO_TEMPORAL_DATA
24.437169,94.18495,LandslideGuard_Project_Master,,,,,,,,NO_TEMPORAL_DATA
24.439842,94.184347,LandslideGuard_Project_Master,,,,,,,,NO_TEMPORAL_DATA
24.440033,94.184122,LandslideGuard_Project_Master,,,,,,,,NO_TEMPORAL_DATA
24.528778,94.156667,LandslideGuard_Project_Master,,,,,,,,NO_TEMPORAL_DATA
24.491669,94.163786,LandslideGuard_Project_Master,,,,,,,,NO_TEMPORAL_DATA
24.491667,94.160889,LandslideGuard_Project_Master,,,,,,,,NO_TEMPORAL_DATA
24.499014,94.154514,LandslideGuard_Project_Master,,,,,,,,NO_TEMPORAL_DATA
24.496792,94.141878,LandslideGuard_Project_Master,,,,,,,,NO_TEMPORAL_DATA
24.492333,94.143361,LandslideGuard_Project_Master,,,,,,,,NO_TEMPORAL_DATA
24.490983,94.16515,LandslideGuard_Project_Master,,,,,,,,NO_TEMPORAL_DATA
24.493294,94.179533,LandslideGuard_Project_Master,,,,,,,,NO_TEMPORAL_DATA
24.497622,94.180403,LandslideGuard_Project_Master,,,,,,,,NO_TEMPORAL_DATA
24.495,94.186181,LandslideGuard_Project_Master,,,,,,,,NO_TEMPORAL_DATA
24.489728,94.191686,LandslideGuard_Project_Master,,,,,,,,NO_TEMPORAL_DATA
24.499972,94.195769,LandslideGuard_Project_Master,,,,,,,,NO_TEMPORAL_DATA
24.501367,94.192292,LandslideGuard_Project_Master,,,,,,,,NO_TEMPORAL_DATA
24.506317,94.180147,LandslideGuard_Project_Master,,,,,,,,NO_TEMPORAL_DATA
24.506528,94.180389,LandslideGuard_Project_Master,,,,,,,,NO_TEMPORAL_DATA
24.553917,94.091167,LandslideGuard_Project_Master,,,,,,,,NO_TEMPORAL_DATA
24.773472,94.078972,LandslideGuard_Project_Master,,,,,,,,NO_TEMPORAL_DATA
24.769556,94.116778,LandslideGuard_Project_Master,,,,,,,,NO_TEMPORAL_DATA
24.682167,94.138111,LandslideGuard_Project_Master,,,,,,,,NO_TEMPORAL_DATA
24.682778,94.140056,LandslideGuard_Project_Master,,,,,,,,NO_TEMPORAL_DATA
24.686028,94.145444,LandslideGuard_Project_Master,,,,,,,,NO_TEMPORAL_DATA
24.686417,94.153333,LandslideGuard_Project_Master,,,,,,,,NO_TEMPORAL_DATA
24.7135,94.199417,LandslideGuard_Project_Master,,,,,,,,NO_TEMPORAL_DATA
24.708417,94.198278,LandslideGuard_Project_Master,,,,,,,,NO_TEMPORAL_DATA
24.709111,94.198528,LandslideGuard_Project_Master,,,,,,,,NO_TEMPORAL_DATA
24.704083,94.187361,LandslideGuard_Project_Master,,,,,,,,NO_TEMPORAL_DATA
24.689139,94.165472,LandslideGuard_Project_Master,,,,,,,,NO_TEMPORAL_DATA
24.683944,94.172778,LandslideGuard_Project_Master,,,,,,,,NO_TEMPORAL_DATA
24.685,94.171278,LandslideGuard_Project_Master,,,,,,,,NO_TEMPORAL_DATA
24.68625,94.170694,LandslideGuard_Project_Master,,,,,,,,NO_TEMPORAL_DATA
24.702722,94.198722,LandslideGuard_Project_Master,,,,,,,,NO_TEMPORAL_DATA
24.700417,94.199306,LandslideGuard_Project_Master,,,,,,,,NO_TEMPORAL_DATA
24.700278,94.197611,LandslideGuard_Project_Master,,,,,,,,NO_TEMPORAL_DATA
24.637278,94.1725,LandslideGuard_Project_Master,,,,,,,,NO_TEMPORAL_DATA
24.655226,94.292756,LandslideGuard_Project_Master,,,,,,,,NO_TEMPORAL_DATA
24.668389,94.285472,LandslideGuard_Project_Master,,,,,,,,NO_TEMPORAL_DATA
24.664737,94.290345,LandslideGuard_Project_Master,,,,,,,,NO_TEMPORAL_DATA
24.664707,94.29025,LandslideGuard_Project_Master,,,,,,,,NO_TEMPORAL_DATA
24.673582,94.270534,LandslideGuard_Project_Master,,,,,,,,NO_TEMPORAL_DATA
24.6735,94.270702,LandslideGuard_Project_Master,,,,,,,,NO_TEMPORAL_DATA
24.672316,94.26374,LandslideGuard_Project_Master,,,,,,,,NO_TEMPORAL_DATA
24.67916,94.252632,LandslideGuard_Project_Master,,,,,,,,NO_TEMPORAL_DATA
24.676078,94.253133,LandslideGuard_Project_Master,,,,,,,,NO_TEMPORAL_DATA
24.677303,94.253445,LandslideGuard_Project_Master,,,,,,,,NO_TEMPORAL_DATA
24.676323,94.253976,LandslideGuard_Project_Master,,,,,,,,NO_TEMPORAL_DATA
24.691389,94.255917,LandslideGuard_Project_Master,,,,,,,,NO_TEMPORAL_DATA
24.691944,94.250333,LandslideGuard_Project_Master,,,,,,,,NO_TEMPORAL_DATA
24.728611,94.224861,LandslideGuard_Project_Master,,,,,,,,NO_TEMPORAL_DATA
24.717889,94.2235,LandslideGuard_Project_Master,,,,,,,,NO_TEMPORAL_DATA
24.71475,94.217917,LandslideGuard_Project_Master,,,,,,,,NO_TEMPORAL_DATA
24.742139,94.221333,LandslideGuard_Project_Master,,,,,,,,NO_TEMPORAL_DATA
24.692906,94.258355,LandslideGuard_Project_Master,,,,,,,,NO_TEMPORAL_DATA
24.692373,94.257477,LandslideGuard_Project_Master,,,,,,,,NO_TEMPORAL_DATA
24.69325,94.259444,LandslideGuard_Project_Master,,,,,,,,NO_TEMPORAL_DATA
24.686833,94.2605,LandslideGuard_Project_Master,,,,,,,,NO_TEMPORAL_DATA
24.686651,94.258667,LandslideGuard_Project_Master,,,,,,,,NO_TEMPORAL_DATA
24.684625,94.264253,LandslideGuard_Project_Master,,,,,,,,NO_TEMPORAL_DATA
24.687667,94.267306,LandslideGuard_Project_Master,,,,,,,,NO_TEMPORAL_DATA
24.683238,94.267283,LandslideGuard_Project_Master,,,,,,,,NO_TEMPORAL_DATA
24.682833,94.269306,LandslideGuard_Project_Master,,,,,,,,NO_TEMPORAL_DATA
24.745805,94.348327,LandslideGuard_Project_Master,,,,,,,,NO_TEMPORAL_DATA
24.714343,94.360864,LandslideGuard_Project_Master,,,,,,,,NO_TEMPORAL_DATA
24.652556,94.389194,LandslideGuard_Project_Master,,,,,,,,NO_TEMPORAL_DATA
24.645686,94.38249,LandslideGuard_Project_Master,,,,,,,,NO_TEMPORAL_DATA
24.607745,94.342873,LandslideGuard_Project_Master,,,,,,,,NO_TEMPORAL_DATA
24.613545,94.33124,LandslideGuard_Project_Master,,,,,,,,NO_TEMPORAL_DATA
24.618583,94.308778,LandslideGuard_Project_Master,,,,,,,,NO_TEMPORAL_DATA
24.618157,94.309379,LandslideGuard_Project_Master,,,,,,,,NO_TEMPORAL_DATA
24.599639,94.358694,LandslideGuard_Project_Master,,,,,,,,NO_TEMPORAL_DATA
24.431056,94.259028,LandslideGuard_Project_Master,,,,,,,,NO_TEMPORAL_DATA
24.454953,94.225406,LandslideGuard_Project_Master,,,,,,,,NO_TEMPORAL_DATA
24.456464,94.226856,LandslideGuard_Project_Master,,,,,,,,NO_TEMPORAL_DATA
24.4588,94.223469,LandslideGuard_Project_Master,,,,,,,,NO_TEMPORAL_DATA
24.462958,94.233667,LandslideGuard_Project_Master,,,,,,,,NO_TEMPORAL_DATA
24.4455,94.229722,LandslideGuard_Project_Master,,,,,,,,NO_TEMPORAL_DATA
24.445222,94.230583,LandslideGuard_Project_Master,,,,,,,,NO_TEMPORAL_DATA
24.449306,94.221778,LandslideGuard_Project_Master,,,,,,,,NO_TEMPORAL_DATA
24.433972,94.249278,LandslideGuard_Project_Master,,,,,,,,NO_TEMPORAL_DATA
24.433611,94.250611,LandslideGuard_Project_Master,,,,,,,,NO_TEMPORAL_DATA
24.433611,94.249544,LandslideGuard_Project_Master,,,,,,,,NO_TEMPORAL_DATA
24.408672,94.245139,LandslideGuard_Project_Master,,,,,,,,NO_TEMPORAL_DATA
24.407989,94.240544,LandslideGuard_Project_Master,,,,,,,,NO_TEMPORAL_DATA
24.381906,94.213136,LandslideGuard_Project_Master,,,,,,,,NO_TEMPORAL_DATA
24.25806,94.28722,LandslideGuard_Project_Master,,,,,,,,NO_TEMPORAL_DATA
24.264333,94.283806,LandslideGuard_Project_Master,,,,,,,,NO_TEMPORAL_DATA
24.22,94.26,LandslideGuard_Project_Master,,,2020.0,,,2020.0,,YEAR_ONLY
24.22,94.24,LandslideGuard_Project_Master,,,2020.0,,,2020.0,,YEAR_ONLY
24.21,94.22,LandslideGuard_Project_Master,,,2017.0,,,2017.0,,YEAR_ONLY
24.325444,94.232583,LandslideGuard_Project_Master,,,,,,,,NO_TEMPORAL_DATA
24.3225,94.23361,LandslideGuard_Project_Master,,,,,,,,NO_TEMPORAL_DATA
24.313111,94.230444,LandslideGuard_Project_Master,,,,,,,,NO_TEMPORAL_DATA
24.303083,94.245056,LandslideGuard_Project_Master,,,,,,,,NO_TEMPORAL_DATA
24.304417,94.243889,LandslideGuard_Project_Master,,,,,,,,NO_TEMPORAL_DATA
24.309861,94.234639,LandslideGuard_Project_Master,,,,,,,,NO_TEMPORAL_DATA
24.291139,94.276139,LandslideGuard_Project_Master,,,,,,,,NO_TEMPORAL_DATA
24.289333,94.277139,LandslideGuard_Project_Master,,,,,,,,NO_TEMPORAL_DATA
24.284222,94.2805,LandslideGuard_Project_Master,,,,,,,,NO_TEMPORAL_DATA
24.354814,94.258094,LandslideGuard_Project_Master,,,,,,,,NO_TEMPORAL_DATA
24.34,94.22444,LandslideGuard_Project_Master,,,,,,,,NO_TEMPORAL_DATA
24.365611,94.1665,LandslideGuard_Project_Master,,,,,,,,NO_TEMPORAL_DATA
24.364861,94.174139,LandslideGuard_Project_Master,,,,,,,,NO_TEMPORAL_DATA
24.322917,94.151,LandslideGuard_Project_Master,,,,,,,,NO_TEMPORAL_DATA
24.321889,94.147306,LandslideGuard_Project_Master,,,,,,,,NO_TEMPORAL_DATA
24.323361,94.143556,LandslideGuard_Project_Master,,,,,,,,NO_TEMPORAL_DATA
24.317833,94.144667,LandslideGuard_Project_Master,,,,,,,,NO_TEMPORAL_DATA
24.285722,94.128222,LandslideGuard_Project_Master,,,,,,,,NO_TEMPORAL_DATA
24.28575,94.128222,LandslideGuard_Project_Master,,,,,,,,NO_TEMPORAL_DATA
24.277639,94.127278,LandslideGuard_Project_Master,,,,,,,,NO_TEMPORAL_DATA
24.291028,94.124056,LandslideGuard_Project_Master,,,,,,,,NO_TEMPORAL_DATA
24.298028,94.123583,LandslideGuard_Project_Master,,,,,,,,NO_TEMPORAL_DATA
24.316528,94.138083,LandslideGuard_Project_Master,,,,,,,,NO_TEMPORAL_DATA
24.316639,94.138139,LandslideGuard_Project_Master,,,,,,,,NO_TEMPORAL_DATA
24.366806,94.163389,LandslideGuard_Project_Master,,,,,,,,NO_TEMPORAL_DATA
24.301806,94.059917,LandslideGuard_Project_Master,,,,,,,,NO_TEMPORAL_DATA
24.290714,94.038094,LandslideGuard_Project_Master,,,,,,,,NO_TEMPORAL_DATA
24.27705,94.070089,LandslideGuard_Project_Master,,,,,,,,NO_TEMPORAL_DATA
24.279575,94.077164,LandslideGuard_Project_Master,,,,,,,,NO_TEMPORAL_DATA
24.280472,94.073833,LandslideGuard_Project_Master,,,,,,,,NO_TEMPORAL_DATA
24.289019,94.073331,LandslideGuard_Project_Master,,,,,,,,NO_TEMPORAL_DATA
24.267872,94.117978,LandslideGuard_Project_Master,,,,,,,,NO_TEMPORAL_DATA
24.267658,94.117506,LandslideGuard_Project_Master,,,,,,,,NO_TEMPORAL_DATA
24.267194,94.111889,LandslideGuard_Project_Master,,,,,,,,NO_TEMPORAL_DATA
24.267944,94.111556,LandslideGuard_Project_Master,,,,,,,,NO_TEMPORAL_DATA
24.269144,94.107397,LandslideGuard_Project_Master,,,,,,,,NO_TEMPORAL_DATA
24.268528,94.103861,LandslideGuard_Project_Master,,,,,,,,NO_TEMPORAL_DATA
24.264317,94.096472,LandslideGuard_Project_Master,,,,,,,,NO_TEMPORAL_DATA
24.253611,94.100258,LandslideGuard_Project_Master,,,,,,,,NO_TEMPORAL_DATA
24.2504,94.096483,LandslideGuard_Project_Master,,,,,,,,NO_TEMPORAL_DATA
24.24,94.08,LandslideGuard_Project_Master,,,2015.0,,,2015.0,,YEAR_ONLY
24.250722,94.073861,LandslideGuard_Project_Master,,,,,,,,NO_TEMPORAL_DATA
24.25,94.08,LandslideGuard_Project_Master,,,2015.0,,,2015.0,,YEAR_ONLY
24.251011,94.0873,LandslideGuard_Project_Master,,,,,,,,NO_TEMPORAL_DATA
24.256583,94.093111,LandslideGuard_Project_Master,,,,,,,,NO_TEMPORAL_DATA
24.272667,94.075083,LandslideGuard_Project_Master,,,,,,,,NO_TEMPORAL_DATA
24.272722,94.075111,LandslideGuard_Project_Master,,,,,,,,NO_TEMPORAL_DATA
24.25,94.07,LandslideGuard_Project_Master,,,2015.0,,,2015.0,,YEAR_ONLY
24.246228,94.070389,LandslideGuard_Project_Master,,,,,,,,NO_TEMPORAL_DATA
24.22,94.07,LandslideGuard_Project_Master,,,2015.0,,,2015.0,,YEAR_ONLY
24.18,94.07,LandslideGuard_Project_Master,,,2015.0,,,2015.0,,YEAR_ONLY
24.22,94.08,LandslideGuard_Project_Master,,,2015.0,,,2015.0,,YEAR_ONLY
24.22,94.08,LandslideGuard_Project_Master,,,2015.0,,,2015.0,,YEAR_ONLY
24.22,94.08,LandslideGuard_Project_Master,,,2015.0,,,2015.0,,YEAR_ONLY
24.22,94.09,LandslideGuard_Project_Master,,,2015.0,,,2015.0,,YEAR_ONLY
24.22,94.09,LandslideGuard_Project_Master,,,2015.0,,,2015.0,,YEAR_ONLY
24.22,94.09,LandslideGuard_Project_Master,,,2015.0,,,2015.0,,YEAR_ONLY
24.2,94.1,LandslideGuard_Project_Master,,,2015.0,,,2015.0,,YEAR_ONLY
24.2,94.1,LandslideGuard_Project_Master,,,2015.0,,,2015.0,,YEAR_ONLY
24.22,94.11,LandslideGuard_Project_Master,,,2015.0,,,2015.0,,YEAR_ONLY
24.19,94.11,LandslideGuard_Project_Master,,,2016.0,,,2016.0,,YEAR_ONLY
24.268022,94.120806,LandslideGuard_Project_Master,,,,,,,,NO_TEMPORAL_DATA
24.271528,94.125667,LandslideGuard_Project_Master,,,,,,,,NO_TEMPORAL_DATA
24.270806,94.125139,LandslideGuard_Project_Master,,,,,,,,NO_TEMPORAL_DATA
24.2,94.2,LandslideGuard_Project_Master,,,2018.0,,,2018.0,,YEAR_ONLY
24.2,94.2,LandslideGuard_Project_Master,,,2018.0,,,2018.0,,YEAR_ONLY
24.19,94.19,LandslideGuard_Project_Master,,,2018.0,,,2018.0,,YEAR_ONLY
24.19,94.2,LandslideGuard_Project_Master,,,2020.0,,,2020.0,,YEAR_ONLY
24.09,94.15,LandslideGuard_Project_Master,,,2015.0,,,2015.0,,YEAR_ONLY
24.09,94.15,LandslideGuard_Project_Master,,,2016.0,,,2016.0,,YEAR_ONLY
24.11,94.13,LandslideGuard_Project_Master,,,2015.0,,,2015.0,,YEAR_ONLY
24.12,94.13,LandslideGuard_Project_Master,,,2015.0,,,2015.0,,YEAR_ONLY
24.13,94.12,LandslideGuard_Project_Master,,,2015.0,,,2015.0,,YEAR_ONLY
24.13,94.12,LandslideGuard_Project_Master,,,2015.0,,,2015.0,,YEAR_ONLY
24.13,94.13,LandslideGuard_Project_Master,,,2015.0,,,2015.0,,YEAR_ONLY
24.15,94.1,LandslideGuard_Project_Master,,,2015.0,,,2015.0,,YEAR_ONLY
24.15,94.1,LandslideGuard_Project_Master,,,2015.0,,,2015.0,,YEAR_ONLY
24.15,94.1,LandslideGuard_Project_Master,,,2015.0,,,2015.0,,YEAR_ONLY
24.15,94.1,LandslideGuard_Project_Master,,,2015.0,,,2015.0,,YEAR_ONLY
24.15,94.1,LandslideGuard_Project_Master,,,2015.0,,,2015.0,,YEAR_ONLY
24.13,94.11,LandslideGuard_Project_Master,,,2015.0,,,2015.0,,YEAR_ONLY
24.13,94.11,LandslideGuard_Project_Master,,,2015.0,,,2015.0,,YEAR_ONLY
24.15,94.08,LandslideGuard_Project_Master,,,2015.0,,,2015.0,,YEAR_ONLY
24.13,94.06,LandslideGuard_Project_Master,,,2015.0,,,2015.0,,YEAR_ONLY
24.14,94.07,LandslideGuard_Project_Master,,,2015.0,,,2015.0,,YEAR_ONLY
24.13,94.07,LandslideGuard_Project_Master,,,2015.0,,,2015.0,,YEAR_ONLY
24.13,94.07,LandslideGuard_Project_Master,,,,,,,,NO_TEMPORAL_DATA
24.13,94.07,LandslideGuard_Project_Master,,,2015.0,,,2015.0,,YEAR_ONLY
24.13,94.07,LandslideGuard_Project_Master,,,2015.0,,,2015.0,,YEAR_ONLY
24.12,94.07,LandslideGuard_Project_Master,,,2015.0,,,2015.0,,YEAR_ONLY
24.12,94.07,LandslideGuard_Project_Master,,,2018.0,,,2018.0,,YEAR_ONLY
24.12,94.07,LandslideGuard_Project_Master,,,2015.0,,,2015.0,,YEAR_ONLY
24.12,94.07,LandslideGuard_Project_Master,,,2015.0,,,2015.0,,YEAR_ONLY
24.1,94.07,LandslideGuard_Project_Master,,,2015.0,,,2015.0,,YEAR_ONLY
24.12,94.05,LandslideGuard_Project_Master,,,2015.0,,,2015.0,,YEAR_ONLY
24.1,94.03,LandslideGuard_Project_Master,,,2020.0,,,2020.0,,YEAR_ONLY
24.1,94.03,LandslideGuard_Project_Master,,,2015.0,,,2015.0,,YEAR_ONLY
24.1,94.03,LandslideGuard_Project_Master,,,2020.0,,,2020.0,,YEAR_ONLY
24.1,94.03,LandslideGuard_Project_Master,,,2020.0,,,2020.0,,YEAR_ONLY
24.1,94.03,LandslideGuard_Project_Master,,,2015.0,,,2015.0,,YEAR_ONLY
24.1,94.04,LandslideGuard_Project_Master,,,2015.0,,,2015.0,,YEAR_ONLY
24.1,94.04,LandslideGuard_Project_Master,,,2015.0,,,2015.0,,YEAR_ONLY
24.09,94.04,LandslideGuard_Project_Master,,,2015.0,,,2015.0,,YEAR_ONLY
24.09,94.04,LandslideGuard_Project_Master,,,2015.0,,,2015.0,,YEAR_ONLY
24.09,94.04,LandslideGuard_Project_Master,,,2015.0,,,2015.0,,YEAR_ONLY
24.09,94.04,LandslideGuard_Project_Master,,,2015.0,,,2015.0,,YEAR_ONLY
24.09,94.04,LandslideGuard_Project_Master,,,2015.0,,,2015.0,,YEAR_ONLY
24.09,94.03,LandslideGuard_Project_Master,,,2015.0,,,2015.0,,YEAR_ONLY
24.09,94.03,LandslideGuard_Project_Master,,,2015.0,,,2015.0,,YEAR_ONLY
24.09,94.03,LandslideGuard_Project_Master,,,2018.0,,,2018.0,,YEAR_ONLY
24.08,94.03,LandslideGuard_Project_Master,,,2018.0,,,2018.0,,YEAR_ONLY
24.04,94.08,LandslideGuard_Project_Master,,,2018.0,,,2018.0,,YEAR_ONLY
24.05,94.07,LandslideGuard_Project_Master,,,2018.0,,,2018.0,,YEAR_ONLY
24.05,94.07,LandslideGuard_Project_Master,,,2015.0,,,2015.0,,YEAR_ONLY
24.05,94.07,LandslideGuard_Project_Master,,,2015.0,,,2015.0,,YEAR_ONLY
24.06,94.05,LandslideGuard_Project_Master,,,2015.0,,,2015.0,,YEAR_ONLY
24.06,94.04,LandslideGuard_Project_Master,,,2015.0,,,2015.0,,YEAR_ONLY
24.07,94.03,LandslideGuard_Project_Master,,,2018.0,,,2018.0,,YEAR_ONLY
24.06,94.03,LandslideGuard_Project_Master,,,2015.0,,,2015.0,,YEAR_ONLY
23.99,94.04,LandslideGuard_Project_Master,,,2018.0,,,2018.0,,YEAR_ONLY
23.98,94.03,LandslideGuard_Project_Master,,,2018.0,,,2018.0,,YEAR_ONLY
23.98,94.03,LandslideGuard_Project_Master,,,2018.0,,,2018.0,,YEAR_ONLY
23.98,94.03,LandslideGuard_Project_Master,,,2018.0,,,2018.0,,YEAR_ONLY
23.98,94.03,LandslideGuard_Project_Master,,,2018.0,,,2018.0,,YEAR_ONLY
23.97,94.04,LandslideGuard_Project_Master,,,2015.0,,,2015.0,,YEAR_ONLY
24.683139,94.400917,LandslideGuard_Project_Master,,,,,,,,NO_TEMPORAL_DATA
24.777333,94.602278,LandslideGuard_Project_Master,,,,,,,,NO_TEMPORAL_DATA
24.777306,94.601889,LandslideGuard_Project_Master,,,,,,,,NO_TEMPORAL_DATA
24.776694,94.599472,LandslideGuard_Project_Master,,,,,,,,NO_TEMPORAL_DATA
