event_record_id,background_record_id,latitude,longitude,event_date,elevation,slope,aspect,soil_id,landcover_class,rainfall_1d,rainfall_3d,rainfall_7d,rainfall_15d,rainfall_30d,nearest_grid_distance_km,nearest_grid_latitude,nearest_grid_longitude,grid_distance_valid,label,sample_type
,7.0,23.954603671640413,88.5604999590212,2015-08-28,15.269099235534668,0.4469160139560699,285.8340148925781,3709.0,40.0,4.980615139007568,23.81509780883789,25.763250946998596,136.1998706459999,296.12125462293625,7.850807226813604,24.0,88.5,True,0,background
11.0,,25.3179,94.0462,2010-10-09,1009.9530029296876,24.41946601867676,273.8585510253906,4276.0,10.0,28.13821601867676,107.72103118896484,120.40432810783386,162.46578216552734,301.15266489982605,8.853818862948163,25.25,94.0,True,1,landslide_event
,177.0,27.942442366306835,94.21583508488736,2011-07-25,1082.201171875,20.121400833129883,299.4930114746094,11790.0,10.0,11.437921524047852,60.95845890045166,277.3102388381958,548.7442531585693,865.9021932184696,7.237128458778361,28.0,94.25,True,0,background
340.0,,24.5204,92.7264,2016-05-18,37.724727630615234,4.965514183044434,332.6190795898437,3701.0,10.0,182.6837615966797,214.47818565368647,260.3883783817291,277.3929310441017,593.052706323564,3.271692743663124,24.5,92.75,True,1,landslide_event
,34.0,24.40536660020557,93.48959121041788,2013-08-16,1602.304931640625,12.551457405090332,166.8797607421875,4301.0,10.0,2.8281381130218506,104.46429944038393,121.17784738540651,229.37720173597336,319.38906194269657,10.5552491380926,24.5,93.5,True,0,background
,324.0,25.08733237665793,92.40361476318732,2010-09-16,417.4084777832031,27.67924118041992,336.0464782714844,3701.0,10.0,16.24225616455078,39.247002601623535,102.9472781419754,243.92344784736633,471.1423853635788,13.636797320952969,25.0,92.5,True,0,background
137.0,,25.5718,94.1211,2010-08-21,1618.675537109375,5.658908367156982,14.910490036010742,4276.0,50.0,32.590938568115234,60.28028202056885,103.6040735244751,133.09392449259758,313.6135528385639,14.489230152600518,25.5,94.0,True,1,landslide_event
247.0,,23.73504471,92.71060943,2010-09-13,930.1307373046876,23.34025955200196,77.4193344116211,7001.0,50.0,10.891241073608398,40.28853797912598,63.73694133758545,228.87560510635376,402.4348909854889,4.269010781118442,23.75,92.75,True,1,landslide_event
76.0,,27.3721,88.708,2013-06-08,3126.398193359375,42.164588928222656,189.5157165527344,3662.0,50.0,19.11920547485352,92.66992950439452,202.47462691366675,345.29810567200184,432.5423953086138,14.22375182182046,27.25,88.75,True,1,landslide_event
77.0,,26.1984,94.8158,2010-08-19,1878.4278564453125,22.23193359375,326.9003601074219,4276.0,10.0,16.913890838623047,38.646554470062256,133.17068815231323,177.89257776737213,414.2937816977501,8.72435924754095,26.25,94.75,True,1,landslide_event
41.0,,24.004,93.9815,2015-08-01,1439.238037109375,32.67754364013672,106.71857452392578,4276.0,30.0,87.59803771972656,126.09715604782104,144.59679210186005,302.9975036382675,388.00014185905457,1.8991577804786488,24.0,94.0,True,1,landslide_event
297.0,,25.1796,93.0083,2010-10-09,688.9466552734375,3.927459955215454,110.28069305419922,4276.0,50.0,60.06459045410156,91.8743815422058,94.70729398727416,132.67486941814423,255.83079653978348,7.880579148223897,25.25,93.0,True,1,landslide_event
,120.0,27.09720134980459,92.24463733322088,2015-02-19,2278.1162109375,29.553451538085938,293.7806396484375,11864.0,10.0,0.0,0.0,0.0,0.0,0.0,10.80253827715474,27.0,92.25,True,0,background
227.0,,24.2315,92.6755,2013-05-07,668.9224243164062,11.877516746520996,142.18495178222656,3665.0,50.0,3.9207494258880615,19.62464714050293,32.80175971984863,36.95974203944206,65.27729281783104,7.7147323395462895,24.25,92.75,True,1,landslide_event
208.0,,22.7176,92.8416,2010-09-13,729.5139770507812,31.68890953063965,90.78144073486328,4301.0,10.0,6.895749568939209,103.82600736618042,157.04517364501953,318.83132100105286,573.3590936660767,9.827094708824433,22.75,92.75,True,1,landslide_event
,323.0,26.771289498140284,89.00323876537165,2013-10-05,138.84580993652344,4.695854663848877,244.00303649902344,3850.0,10.0,0.4267053604125976,2.773186206817627,6.68667833507061,85.84282533824444,352.62552623450756,2.3850097841801765,26.75,89.0,True,0,background
,311.0,26.82166243217475,91.3552373810526,2016-06-12,422.1638793945313,21.93941879272461,72.36782836914062,3821.0,10.0,1.3052250146865845,15.120135426521301,49.02244387567044,115.00475193560123,326.9376922696829,13.150597627872484,26.75,91.25,True,0,background
245.0,,25.1555,93.8474,2011-05-31,1345.8138427734375,30.899389266967773,187.8236389160156,4301.0,10.0,8.494384765625,29.768556594848636,58.26972007751465,87.5010815858841,171.05826115608215,14.322890317172066,25.25,93.75,True,1,landslide_event
292.0,,23.4495,92.8112,2015-08-28,849.9560546875,32.14229965209961,62.84455490112305,4301.0,10.0,0.0,115.5435028076172,269.0007972717285,353.5846781730652,479.51315450668335,8.300875588969559,23.5,92.75,True,1,landslide_event
253.0,,26.7103,94.693,2013-08-11,688.0195922851562,18.15432929992676,187.399658203125,4276.0,10.0,26.742156982421875,48.26229436695576,145.28035421669483,190.14116330444813,461.7719863206148,7.203365578335709,26.75,94.75,True,1,landslide_event
8.0,,25.4769,94.1351,2010-10-08,1656.855224609375,16.573923110961914,105.01715850830078,4276.0,50.0,35.56514358520508,59.66474294662476,70.18750858306885,157.77062702178955,284.57874359190464,11.751324840893291,25.5,94.25,True,1,landslide_event
,212.0,26.27298225559613,90.57120589463528,2016-07-26,45.73312377929688,3.4420182704925537,266.9397888183594,3650.0,10.0,37.99363327026367,66.78778743743896,207.93553256988525,292.58227077126503,665.5797211825848,7.530845841037568,26.25,90.5,True,0,background
,315.0,22.32642686550297,93.22106196317053,2012-06-13,952.0215454101562,38.48440170288086,307.1102905273437,4301.0,10.0,0.0,0.0,0.0,0.0,0.0,23.576733345269204,22.25,93.0,True,0,background
,249.0,23.744141968322975,94.0277892318924,2016-07-16,1062.7523193359375,36.32458114624024,13.159481048583984,3689.0,10.0,32.800479888916016,45.80049228668213,110.90134188532829,196.7029329240322,307.6043192446232,28.534548340297334,24.0,94.0,True,0,background
,23.0,28.3335915496539,91.54610834967592,2010-08-13,5112.62060546875,11.283048629760742,170.6098175048828,11765.0,30.0,24.33521842956543,80.94480454921722,113.20877540111542,156.56904017925262,322.64127773046494,37.31183798015173,28.0,91.5,True,0,background
,207.0,28.154324963441525,91.80357171882444,2010-06-15,4439.89501953125,23.67599868774414,284.0340270996094,11719.0,60.0,0.2185405641794204,0.7894355207681654,16.137555852532387,77.07921348512173,166.46171627938747,17.940383344254755,28.0,91.75,True,0,background
,44.0,23.274668705945214,93.06525994992003,2013-08-09,622.3023681640625,35.438629150390625,240.777099609375,4301.0,10.0,0.0,26.863744378089905,80.39055788516998,139.4787060022354,241.54946878552437,7.047631223387058,23.25,93.0,True,0,background
300.0,,28.3092,95.4149,2010-10-03,1865.764892578125,50.18288040161133,248.6693115234375,11909.0,10.0,0.0,1.3368525505065918,18.92806714773178,106.79207599163055,388.2404381632805,10.749623622805595,28.25,95.5,True,1,landslide_event
,302.0,24.920836804019658,92.3156253390285,2013-08-04,15.896199226379396,9.921693801879885,225.9300537109375,3649.0,40.0,2.514912843704224,28.39482569694519,60.85191798210144,207.19926619529724,394.4637978076935,10.947975226846662,25.0,92.25,True,0,background
116.0,,24.7339,93.9161,2010-03-27,879.9097900390625,23.49284172058105,117.61614227294922,4276.0,30.0,9.469091415405272,9.64519453048706,9.64519453048706,9.827642023563383,25.44571727514267,8.562526356669924,24.75,94.0,True,1,landslide_event
,116.0,28.695871671690405,97.2209256081954,2010-05-11,3535.76416015625,45.54940032958984,284.1355285644531,11000.0,10.0,0.0,0.0,0.0,0.0,0.0,30.919278015958707,28.5,97.0,True,0,background
261.0,,24.7016,93.5291,2015-08-11,666.1650390625,19.92926025390625,66.17134094238281,4301.0,10.0,0.0,67.60121250152588,84.50204518437386,224.98663380742076,417.291489392519,6.120691301415218,24.75,93.5,True,1,landslide_event
250.0,,26.048,91.8695,2015-09-05,66.35061645507812,6.25981330871582,126.77867889404295,3814.0,50.0,1.7305618524551392,7.270082831382753,97.57036244869232,156.56267245858908,411.0775168016553,13.067935420827968,26.0,91.75,True,1,landslide_event
,104.0,22.37094352859512,88.73919988497562,2015-06-19,8.18182373046875,3.55239200592041,103.87127685546876,6690.0,10.0,16.114154815673828,24.516836762428284,55.990428149700165,66.12002402544022,75.08072253316641,13.46768034425117,22.25,88.75,True,0,background
15.0,,25.5728,91.885,2010-06-28,1506.6357421875,7.491045475006103,315.9411926269531,3646.0,50.0,55.83925247192383,144.93849754333496,196.6080787330866,523.0802705436945,605.55607663095,14.049426953079616,25.5,92.0,True,1,landslide_event
,24.0,24.73770968678852,92.6042926101885,2015-08-26,16.799421310424805,0.5511455535888672,101.2404556274414,3708.0,40.0,5.658522129058838,42.45028066635132,87.21949303150177,176.10849237442017,312.59719282388687,10.467311144965759,24.75,92.5,True,0,background
75.0,,23.7327,92.7463,2014-07-14,836.5509643554688,33.17726516723633,168.2484130859375,3665.0,50.0,25.92424392700196,47.96443653106691,63.587278932333,84.60153850913048,224.31556674838063,1.9609144139315016,23.75,92.75,True,1,landslide_event
132.0,,26.0214,94.5224,2015-08-19,1618.262451171875,31.08435821533203,246.3616943359375,4276.0,10.0,4.345972061157227,8.186289310455322,41.55123043060303,161.75898349285126,338.5425263345241,3.266836201418806,26.0,94.5,True,1,landslide_event
337.0,,26.1961,91.7825,2016-06-22,118.33870697021484,4.6746134757995605,26.55876350402832,3650.0,10.0,7.798964023590088,19.499743461608887,54.796552896499634,162.49421221017838,235.9577279090881,6.820641431176967,26.25,91.75,True,1,landslide_event
,247.0,28.23753965694912,97.0578337754895,2014-10-01,2476.70458984375,52.02497863769531,268.8404846191406,11839.0,10.0,0.0,0.0,137.00000190734863,293.2000082731247,362.80000844597816,5.918835645878778,28.25,97.0,True,0,background
,43.0,27.300318730445127,94.71897373313897,2012-03-04,95.85718536376952,0.4398163855075836,208.16661071777344,3650.0,40.0,2.6689136028289795,9.657087087631226,19.33571122586727,19.438315957784653,29.56525592505932,6.381881355127551,27.25,94.75,True,0,background
,57.0,27.660445772616004,93.42522298928428,2016-05-01,2495.308837890625,21.07806396484375,98.7368621826172,11839.0,10.0,27.610292434692383,93.23551654815674,149.2222601622343,342.821886703372,539.4671291559935,12.417001767527612,27.75,93.5,True,0,background
56.0,,28.4659,95.86,2012-04-08,1061.6243896484375,32.83844375610352,40.92158508300781,11790.0,10.0,0.0,0.0,0.0,0.0,0.0,11.615320330308425,28.5,95.75,True,1,landslide_event
,228.0,27.63503004794101,92.03903993640908,2016-07-07,2949.763671875,32.0327033996582,133.9840850830078,11909.0,10.0,6.787060737609863,16.3342564702034,110.0005162358284,150.9832018017769,304.8317095041275,13.339860611429778,27.75,92.0,True,0,background
144.0,,25.4192,94.108,2011-07-29,1384.0423583984375,14.964365005493164,41.47489929199219,4276.0,30.0,10.238118171691896,12.082259178161625,72.69927477836609,128.32813692092896,275.1369628608227,14.03807670687328,25.5,94.0,True,1,landslide_event
,210.0,25.910351548309222,91.9857594478858,2015-09-23,559.2406005859375,19.83442687988281,137.70526123046875,3647.0,10.0,40.81000518798828,51.1922025680542,51.551015406847,90.14099410176277,170.44233280420303,10.05136928204746,26.0,92.0,True,0,background
,252.0,23.233498224840314,91.13167344180104,2009-09-17,10.943575859069824,4.267683029174805,287.1970520019531,3707.0,10.0,4.595717430114746,24.10513687133789,37.716115832328796,102.95189547538757,306.1447834968567,11.916151937854595,23.25,91.25,True,0,background
,155.0,24.08555529790017,94.63235445448716,2011-08-15,154.5777587890625,13.107542037963867,206.67112731933597,4282.0,10.0,0.0,0.0,0.0,0.0,0.0,42.19960570118898,24.25,94.25,True,0,background
327.0,,24.4638,92.4943,2016-05-18,104.1291046142578,9.694157600402832,210.014892578125,3665.0,10.0,188.93283081054688,228.1857442855835,271.43767860531807,285.5911333858967,532.4836724102497,4.069733716848817,24.5,92.5,True,1,landslide_event
,290.0,26.19005722356292,88.75463075074303,2015-08-27,61.6475830078125,2.4126532077789307,46.717559814453125,3703.0,10.0,4.93845796585083,32.49249982833862,188.3617720603943,468.49418783187866,526.4799055159092,6.669585526070498,26.25,88.75,True,0,background
38.0,,27.15977181,88.63411246,2009-08-16,812.6243286132812,40.2085075378418,47.09462738037109,3662.0,10.0,79.59229278564453,121.57568740844728,249.7219684123993,459.0950984358788,862.8805512785912,15.317861277738473,27.25,88.75,True,1,landslide_event
,273.0,25.34830109454878,90.87463775246756,2014-10-20,313.701416015625,44.307918548583984,206.54513549804688,3814.0,10.0,0.0,0.0,13.251515865325928,18.336862981319427,1083.7128185629845,16.519151059768777,25.25,90.75,True,0,background
164.0,,25.0951,92.3567,2012-06-13,247.15359497070312,26.163562774658203,253.6774444580078,3708.0,10.0,0.2043373882770538,22.738360673189163,48.86469069123268,278.0129019320011,451.9616045951843,15.015282776745655,25.0,92.25,True,1,landslide_event
331.0,,25.0118,94.3136,2016-07-07,1398.61669921875,1.1882646083831787,257.742919921875,4301.0,10.0,7.807618618011475,28.27251434326172,89.2677252292633,139.35804384946823,262.140122294426,6.481506534003055,25.0,94.25,True,1,landslide_event
166.0,,25.7238,89.9032,2014-09-23,31.35995101928711,8.786304473876953,203.44081115722656,3750.0,50.0,48.67731857299805,497.9026565551758,526.8351516723633,576.2034887075424,700.6820062473416,10.090900707515196,25.75,90.0,True,1,landslide_event
,119.0,22.93436248672434,91.03335104389924,2010-10-09,3.689398288726807,0.1958520263433456,219.6428985595703,3707.0,10.0,73.02750396728516,226.29191207885742,246.86944389343262,287.4892420768738,408.7637803554535,41.137239032739195,23.25,91.25,True,0,background
54.0,,27.1249,93.7706,2014-10-01,175.79466247558594,25.44174194335937,32.861515045166016,11775.0,10.0,0.0,0.115666888654232,44.08643689006567,164.35708966106176,331.7849934324622,14.0550282398253,27.0,93.75,True,1,landslide_event
186.0,,26.49349035,91.72137514,2015-09-01,57.39784622192383,6.398752689361572,215.5794219970703,3650.0,10.0,23.335004806518555,95.7021312713623,156.6705358028412,295.720228523016,374.0342198908329,2.947116323918326,26.5,91.75,True,1,landslide_event
,314.0,27.11042151477896,95.0177253157426,2013-05-11,105.84972381591795,1.4400733709335327,245.47149658203125,3637.0,10.0,10.96998691558838,36.88992691040039,57.49202138185501,141.29216188192368,298.23464274406433,12.383050186411037,27.0,95.0,True,0,background
202.0,,26.1771,91.7599,2013-05-11,82.56718444824219,13.991209983825684,196.78944396972656,7001.0,50.0,18.460617065429688,50.2480673789978,63.19849902391434,98.04024106264114,149.67839747667313,8.175146711960412,26.25,91.75,True,1,landslide_event
160.0,,25.4916,91.2698,2010-06-28,1479.3677978515625,9.688231468200684,159.8080596923828,3647.0,10.0,275.992919921875,682.1831359863281,960.6376099586488,1674.4413046836853,2763.7384600639343,2.186042691290829,25.5,91.25,True,1,landslide_event
,285.0,26.72711944839166,91.2136088023309,2010-08-19,59.87318801879883,2.40101957321167,93.4993667602539,3849.0,10.0,2.411094188690185,10.350537717342377,51.27917042374611,54.14336261153221,69.21572843194008,4.423085877748698,26.75,91.25,True,0,background
,9.0,26.862644992822343,92.13168128072984,2014-09-22,174.13681030273438,0.7094519138336182,62.39254760742188,11775.0,10.0,59.9184799194336,77.9468035697937,126.8680567741394,195.99088883399963,288.5050678253174,17.17443047959288,26.75,92.25,True,0,background
319.0,,26.1001,91.6849,2014-09-22,72.82743835449219,23.146100997924805,28.021455764770508,3648.0,30.0,65.75471496582031,108.58921241760254,127.45450854301453,213.45629781484604,305.8683080226183,12.898699687051606,26.0,91.75,True,1,landslide_event
44.0,,27.9032,96.174,2014-05-08,198.8146514892578,5.811610221862793,315.1335144042969,3637.0,60.0,58.49909973144531,87.63480949401855,116.86903381347656,136.74918687343597,173.2012360021472,13.17731062874787,28.0,96.25,True,1,landslide_event
188.0,,24.9356,93.8443,2010-07-31,851.4636840820312,0.9459604024887084,229.7209625244141,4276.0,10.0,29.70224380493164,62.43260049819946,140.61913549900055,202.2441030740738,370.034099817276,11.830321086376273,25.0,93.75,True,1,landslide_event
65.0,,24.9037,93.487,2013-09-01,1272.4034423828125,41.07431411743164,252.1377868652344,4301.0,50.0,0.1381768584251403,0.7132545113563536,43.20425468683243,78.10240337252617,312.84818825125694,10.798332594210192,25.0,93.5,True,1,landslide_event
,173.0,25.094286769552603,93.92796441604852,2010-10-08,1017.85888671875,16.315696716308594,136.19497680664062,4276.0,10.0,60.33836364746094,107.41370296478271,110.26633942127228,160.23456156253815,251.36677276343107,12.68527974589425,25.0,94.0,True,0,background
143.0,,26.72,95.029,2013-07-01,680.9931640625,5.592322826385498,161.8843231201172,4276.0,50.0,11.359617233276367,29.32459115982056,115.74862051010132,201.1325685977936,313.9474723935127,4.419116460094661,26.75,95.0,True,1,landslide_event
,186.0,25.173502967358196,93.4848353407668,2010-10-10,1079.9267578125,23.15148162841797,41.33177947998047,4301.0,10.0,0.4086943864822387,108.09909355640411,155.151970744133,186.76670444011688,288.74202363193035,8.624216463832978,25.25,93.5,True,0,background
,126.0,26.24872400855764,93.1102955936727,2010-03-27,86.11954498291016,0.0842366814613342,4.577292442321777,3637.0,40.0,3.0241706371307373,3.6400641798973083,4.2217413783073425,5.413694798946381,19.334422051906586,10.976292710424216,26.25,93.0,True,0,background
,160.0,24.41371877272442,94.79930124717951,2016-06-22,123.3163604736328,0.5481805205345154,357.5759582519531,4282.0,10.0,1.016599416732788,2.2009243965148926,38.00009477138519,102.84841844439507,151.12946535646915,47.75305283755258,24.75,94.5,True,0,background
181.0,,25.6237,94.1136,2015-08-12,1596.7413330078125,26.162267684936523,68.11961364746094,4276.0,30.0,3.30962872505188,31.10480070114136,62.13458590209484,114.8533021658659,264.58149559795856,17.836575185459306,25.5,94.0,True,1,landslide_event
277.0,,23.72988966,92.71495623,2010-09-13,990.5125732421876,27.76064109802246,292.2981872558594,3665.0,10.0,10.891241073608398,40.28853797912598,63.73694133758545,228.87560510635376,402.4348909854889,4.152375013700091,23.75,92.75,True,1,landslide_event
,27.0,25.52117148774895,93.08288360769258,2011-08-18,155.1241455078125,13.517168045043944,85.9397964477539,4276.0,10.0,2.543311357498169,7.6065099239349365,17.229681491851807,63.27027177810669,109.71664735674858,8.575915537199762,25.5,93.0,True,0,background
272.0,,26.148,94.8422,2010-08-14,1528.6558837890625,26.35123443603516,10.615458488464355,4276.0,10.0,19.046655654907227,38.311957359313965,69.36610317230225,175.20855033397677,370.97349494695663,14.614689932677669,26.25,94.75,True,1,landslide_event
210.0,,25.5098,93.8794,2015-07-22,1652.687744140625,21.28356170654297,289.56378173828125,4301.0,10.0,11.168607711791992,43.91825199127197,121.6747362613678,186.7667142599821,310.59775230288506,12.084696846329368,25.5,94.0,True,1,landslide_event
349.0,,24.5308,92.5121,2016-05-18,60.55363464355469,9.54898452758789,329.901123046875,3701.0,10.0,188.93283081054688,228.1857442855835,271.43767860531807,285.5911333858967,532.4836724102497,3.635079651606029,24.5,92.5,True,1,landslide_event
103.0,,27.3773,88.559,2010-07-21,1473.3265380859375,32.3568000793457,254.3673095703125,3662.0,10.0,32.674198150634766,71.37654113769531,133.5000066757202,266.7599277496338,501.2457747459412,14.87397623289739,27.5,88.5,True,1,landslide_event
353.0,,24.85,93.5,2022-06-30,306.1405639648437,32.21190643310547,282.95050048828125,4301.0,10.0,0.0,10.803217053413391,45.503893971443176,241.3821097612381,327.6891371011734,11.132000000000517,24.75,93.5,True,1,landslide_event
5.0,,25.7131,94.0885,2013-07-17,1411.6787109375,26.313316345214844,263.1837463378906,4276.0,10.0,3.1867330074310303,7.520715475082397,80.75746488571167,260.34321188926697,342.0514198988676,9.740429955403592,25.75,94.0,True,1,landslide_event
146.0,,25.1718,93.123,2009-08-27,723.78369140625,10.260483741760254,205.0050048828125,4276.0,30.0,29.43846893310547,44.75821304321289,49.41570468246937,95.48976458609104,263.3460651785135,15.048362391315123,25.25,93.0,True,1,landslide_event
60.0,,26.149,91.7351,2012-06-20,52.556583404541016,2.540988206863404,343.1995544433594,7001.0,50.0,5.163311004638672,14.724420547485352,69.34801578521729,134.53417932987213,239.88992996513844,11.3412203926989,26.25,91.75,True,1,landslide_event
346.0,,26.0101,94.5282,2016-07-26,1710.7818603515625,13.136102676391602,108.51004791259766,4276.0,10.0,20.44708824157715,32.81678795814514,54.295642137527466,162.47979372739792,319.9675286412239,3.030520243508781,26.0,94.5,True,1,landslide_event
25.0,,24.9829,93.5063,2013-09-01,1294.7689208984375,28.76937866210937,13.746570587158203,4301.0,10.0,0.1381768584251403,0.7132545113563536,43.20425468683243,78.10240337252617,312.84818825125694,2.004710907820604,25.0,93.5,True,1,landslide_event
,280.0,28.41618656342939,95.45643649321757,2010-10-09,2563.79736328125,36.787506103515625,235.09971618652344,11864.0,10.0,13.530034065246582,13.530034065246582,19.45623344182968,65.04736000299454,337.2986210286617,10.263675362561036,28.5,95.5,True,0,background
27.0,,27.5161,88.5575,2011-09-30,1358.0126953125,26.525320053100582,328.2363586425781,3662.0,10.0,0.0,0.0,21.21012020111084,81.3719379901886,180.73885935544968,6.011628204130845,27.5,88.5,True,1,landslide_event
361.0,,24.99288888888889,94.23058333333331,2018-07-01,990.2874755859376,40.22372817993164,252.7734832763672,4276.0,10.0,0.0,3.9129388332366943,58.03950047492981,101.75632774829865,341.37541192770004,2.0931605181285216,25.0,94.25,True,1,landslide_event
,28.0,27.424662518614028,88.97962660610102,2011-09-30,2991.711181640625,45.21991729736328,255.560302734375,11879.0,10.0,0.0,0.3144584894180298,65.0464676618576,176.25283253192902,331.5710319876671,24.33201385538001,27.5,88.75,True,0,background
225.0,,27.5798729,91.85672387,2010-11-22,2766.8056640625,22.40599822998047,243.9518280029297,11879.0,10.0,0.2666453123092651,46.72342503070831,63.58203852176666,80.17549335956573,82.69478156417608,13.874173787715776,27.5,91.75,True,1,landslide_event
,259.0,27.50646301163684,92.45131601005288,2010-07-25,2600.135009765625,37.43815612792969,31.15216445922852,11879.0,10.0,0.7373774647712708,25.26453334093094,62.717014133930206,142.73401993513107,290.4635527729988,4.897313487151454,27.5,92.5,True,0,background
83.0,,23.3572,92.7878,2015-08-26,1365.9925537109375,10.520837783813477,191.8934936523437,3665.0,30.0,27.531700134277344,117.95062828063963,208.60689669847488,264.024056494236,367.8323068022728,12.51553348639434,23.25,92.75,True,1,landslide_event
,281.0,22.51011149525694,92.16572815672332,2014-09-22,200.9275360107422,18.710119247436523,97.92127990722656,3665.0,10.0,1.0013359785079956,30.00011909008026,162.9961279630661,374.9816988706589,668.9639838933945,33.2819104661612,22.5,92.5,True,0,background
,122.0,26.47628000912835,89.84760787440094,2010-10-03,50.42731857299805,1.596494197845459,6.500499725341797,3683.0,40.0,0.0,0.0,63.291248083114624,165.17688123881817,557.5169923752546,10.063374881493107,26.5,89.75,True,0,background
238.0,,25.0318,92.4584,2015-03-19,77.73472595214844,14.751564979553224,186.65069580078125,3708.0,10.0,0.0,0.0,0.0,0.3556208908557892,20.275508612394333,5.455856636740962,25.0,92.5,True,1,landslide_event
212.0,,24.9786,93.5027,2010-07-29,1312.0723876953125,15.88975715637207,277.99920654296875,4301.0,10.0,31.371232986450195,67.53527688980103,84.47733008861542,183.3811312913895,295.4571381658316,2.397437774828528,25.0,93.5,True,1,landslide_event
232.0,,27.125,93.7145,2011-07-15,132.5273895263672,0.3987009823322296,103.08811950683594,11775.0,60.0,72.29249572753906,95.41388034820557,110.66745901107788,219.1119369864464,375.93594217300415,14.358909054280184,27.0,93.75,True,1,landslide_event
70.0,,26.1985,91.7998,2014-09-22,76.75308990478516,9.048985481262209,212.22303771972656,3650.0,50.0,90.21906280517578,112.94345903396606,128.25892797112465,215.2935097515583,289.26680713891983,7.587239294550474,26.25,91.75,True,1,landslide_event
236.0,,25.4786,94.1327,2010-08-27,1762.3734130859375,7.410953044891357,343.1671142578125,4276.0,10.0,13.420442581176758,25.34966802597046,150.43415212631226,235.2209655046463,346.90620800852776,11.945970714255177,25.5,94.25,True,1,landslide_event
98.0,,27.1034,93.6885,2011-08-05,149.83685302734375,3.523525714874268,54.13344955444336,7001.0,50.0,37.20277404785156,70.83287221193314,107.02827817201614,201.03183776140213,413.9096266031265,13.044516297689862,27.0,93.75,True,1,landslide_event
,121.0,23.312799160726087,91.37492975583108,2013-07-01,70.45764923095703,9.555826187133787,140.6498260498047,3636.0,10.0,7.783111095428467,26.141969203948975,120.74687051773071,232.5770172998309,284.84556203335524,14.252564331502565,23.25,91.25,True,0,background
231.0,,24.042,92.6724,2015-08-27,804.6470336914062,6.917438983917236,125.98974609375,3665.0,50.0,65.5222396850586,114.67226028442384,213.8169806599617,302.35721230506897,421.3240892291069,9.046074942386204,24.0,92.75,True,1,landslide_event
,3.0,23.05002766735445,91.82557885223864,2015-08-01,84.44129180908203,9.231465339660645,50.586524963378906,3636.0,10.0,39.74915313720703,100.8197922706604,222.3974485397339,526.9828991889954,853.2667730599642,23.43641320519204,23.25,91.75,True,0,background
95.0,,26.1044,91.7082,2014-09-22,51.93117904663086,1.0328607559204102,67.40087890625,3814.0,10.0,65.75471496582031,108.58921241760254,127.45450854301453,213.45629781484604,305.8683080226183,12.347772337861995,26.0,91.75,True,1,landslide_event
281.0,,27.339,88.6065,2012-06-14,1502.8668212890625,21.81838035583496,305.63134765625,3662.0,50.0,11.05727481842041,40.22348642349243,168.72104358673096,248.56034326553345,343.6401555538177,14.529884996523924,27.25,88.5,True,1,landslide_event
189.0,,24.7543,93.5039,2010-06-07,394.7284240722656,13.277341842651367,353.5431213378906,4301.0,10.0,15.09889316558838,34.22992420196533,67.91925168037415,143.30045688152313,234.77660846710205,0.6169357272289104,24.75,93.5,True,1,landslide_event
,296.0,27.491564905969327,93.9593002321528,2010-08-19,2648.820068359375,37.30349349975586,230.4048614501953,11864.0,10.0,17.986675262451172,55.666178703308105,174.09280395507812,254.06711443513632,590.0032566860318,4.156803848108231,27.5,94.0,True,0,background
,303.0,22.391981117606743,92.72121088332516,2010-08-27,683.143310546875,39.11590194702149,236.35015869140625,3665.0,10.0,3.56766414642334,20.324323177337646,132.0887484550476,267.6887892484665,712.8074096441269,12.327583120292132,22.5,92.75,True,0,background
,189.0,27.37718946920856,91.41905993883276,2013-07-12,2697.384765625,35.306297302246094,187.51719665527344,3651.0,10.0,13.572012901306152,14.115902587771416,35.580979093909264,116.40100978314877,245.72001492232084,35.641411498971436,27.5,91.75,True,0,background
348.0,,27.3034,93.804,2016-07-16,721.4577026367188,37.36384582519531,83.02684020996094,11839.0,10.0,115.34709930419922,187.79465675354004,308.76233100891113,481.42090168595314,765.9628936350346,8.023582606889288,27.25,93.75,True,1,landslide_event
217.0,,27.44,92.2833,2011-08-12,2629.98583984375,5.943219661712647,54.262969970703125,11864.0,10.0,1.4935989379882812,1.4935989379882812,10.624203950166702,84.99479004740715,212.05893751978877,7.460250456215238,27.5,92.25,True,1,landslide_event
257.0,,25.682,94.1076,2010-10-09,1441.904052734375,11.241731643676758,288.869384765625,4276.0,50.0,54.94748306274414,90.3361759185791,92.84922567009926,146.20140400528908,336.46804189682007,13.137965926670224,25.75,94.0,True,1,landslide_event
,230.0,27.55814305279669,88.51664511298108,2020-05-24,2072.79833984375,19.428630828857425,284.2879333496094,3717.0,10.0,62.83584976196289,88.2045373916626,135.23477029800415,196.23695731163025,271.22324591875076,6.663032121133714,27.5,88.5,True,0,background
,180.0,24.67824373100165,94.26800744093688,2012-06-20,1269.4501953125,22.936723709106445,249.6097869873047,4301.0,10.0,0.0,0.0,0.0,0.0,0.0,8.164022418260123,24.75,94.25,True,0,background
140.0,,25.6633,94.4703,2010-10-08,1452.3546142578125,8.285400390625,288.7970275878906,4276.0,60.0,12.883556365966797,26.04239857196808,41.32770700752735,114.10094447433949,237.6149046868086,10.096299109873682,25.75,94.5,True,1,landslide_event
,199.0,27.75261901358509,92.72188884520138,2011-06-28,3539.40966796875,32.13236999511719,42.00631713867188,11000.0,10.0,5.551512241363525,19.029703378677368,131.8866536617279,183.03118109703064,370.2809145450592,2.812371935442372,27.75,92.75,True,0,background
169.0,,24.3069,93.125,2010-09-16,762.8575439453125,17.920854568481445,34.35021209716797,4301.0,10.0,10.276330947875977,26.7875657081604,42.61375904083252,127.1022012233734,260.43650221824646,13.99045954709675,24.25,93.25,True,1,landslide_event
,283.0,25.727126684102835,89.96241737774031,2015-08-19,26.449865341186523,5.431927680969238,62.28328704833984,3707.0,10.0,11.455397605895996,47.537917137145996,96.18151378631592,195.82385176420212,279.5862564444542,4.5202117630805745,25.75,90.0,True,0,background
,26.0,23.409685284729715,93.11560654310937,2020-05-21,1026.41259765625,28.45643615722656,60.14529800415039,4301.0,10.0,9.635108947753906,16.858079433441162,16.96407026797533,29.668935656547546,72.76209183782339,15.259036581927862,23.5,93.0,True,0,background
,201.0,28.06727201880061,92.14494655346236,2013-08-16,4978.23974609375,19.332813262939453,84.33760070800781,11765.0,60.0,0.0,0.1124128699302673,75.06722289323807,170.69246608018875,272.74361592531204,12.84677593086305,28.0,92.25,True,0,background
240.0,,26.1049,91.7369,2012-06-25,157.38409423828125,16.41172218322754,153.22520446777344,3814.0,10.0,27.653865814208984,33.66422748565674,55.35324263572693,105.86664214730264,218.66046258807185,11.750419230263583,26.0,91.75,True,1,landslide_event
244.0,,28.3036,95.4112,2010-09-09,1800.0015869140625,48.01810836791992,112.00715637207033,11864.0,10.0,21.01597213745117,46.12934160232544,90.14911699295044,143.52643571794033,270.4125516265631,10.683378135900726,28.25,95.5,True,1,landslide_event
,286.0,25.03770044875733,92.15349957739171,2015-08-19,10.551849365234377,0.111104778945446,287.628173828125,3649.0,40.0,12.910459518432615,26.011349201202393,62.07772970199585,263.87764954566956,423.4040070772171,10.474864888163165,25.0,92.25,True,0,background
,258.0,25.410099088819628,89.63578877529577,2013-06-27,21.904741287231445,0.2115562558174133,53.81787872314453,3707.0,40.0,18.185657501220703,52.38121700286865,70.5631468296051,87.194509267807,331.9032074213028,15.124288712452348,25.5,89.75,True,0,background
,15.0,25.7839824264474,89.62431311375079,2015-08-19,27.056406021118164,0.3932029008865356,194.5142059326172,3707.0,40.0,12.43778133392334,51.69569110870362,93.2569694519043,192.98074942827225,271.3578110933304,13.063387418544574,25.75,89.75,True,0,background
308.0,,25.3612,92.2845,2010-04-21,1223.6009521484375,9.077141761779783,79.6989517211914,3646.0,30.0,23.4087028503418,86.16457939147949,138.76943063735962,182.75999683141708,437.6678427308798,12.84866513045613,25.25,92.25,True,1,landslide_event
,297.0,27.32403440827881,95.37528456133168,2010-08-15,127.07447052001952,2.923938274383545,297.7888488769531,3637.0,10.0,1.7073094844818115,6.563494920730591,36.665357023477554,112.41401818394661,330.394396930933,14.884475187146572,27.25,95.5,True,0,background
,293.0,24.134878248421064,91.15782156610275,2012-06-22,3.512232780456543,0.0812369212508201,192.1918487548828,3707.0,40.0,0.0,0.0,0.0,0.0,0.0,15.729791325837091,24.25,91.25,True,0,background
14.0,,27.6163,88.6586,2015-05-24,1845.9775390625,34.200496673583984,133.8531951904297,3662.0,10.0,3.284724235534668,75.79609298706055,120.05962294340134,243.21520680189133,431.84978598356247,15.837006848509551,27.5,88.75,True,1,landslide_event
,56.0,27.92168653000492,92.56031169610038,2016-05-18,5088.82373046875,24.410547256469727,282.3735046386719,11765.0,60.0,3.586354255676269,18.038824558258057,34.69838070869446,52.00899939239025,116.44579450786114,10.563295062785132,28.0,92.5,True,0,background
174.0,,25.5772,91.8666,2014-09-23,1479.1109619140625,6.467817783355713,337.7099609375,3646.0,10.0,55.03766250610352,158.7408447265625,253.17875862121585,304.1047182381153,412.5669184923172,14.46567253185065,25.5,91.75,True,1,landslide_event
359.0,,25.68176111111111,94.06811944444443,2019-10-26,1144.782470703125,31.05967903137207,33.65603256225586,4276.0,10.0,15.599119186401367,31.56414008140564,32.3807390332222,42.964746594429016,189.43210530281067,10.19400347316022,25.75,94.0,True,1,landslide_event
,130.0,28.813120435155465,94.68195570619024,2013-08-04,1718.2083740234375,20.653810501098636,300.1977844238281,11839.0,10.0,0.5136722326278687,2.2239593267440796,45.82063019275665,182.0141533613205,445.1030865907669,9.743494841003567,28.75,94.75,True,0,background
,14.0,24.209170562247994,93.5693051922328,2012-09-19,763.4833984375,35.61671829223633,24.996767044067383,4276.0,10.0,0.0,0.0,0.0,0.0,278.58845430612564,8.252332776712086,24.25,93.5,True,0,background
85.0,,26.4333,94.8833,2010-06-17,568.129638671875,26.82391357421875,329.2273254394531,4276.0,10.0,18.71483993530273,83.41134643554688,182.567156791687,306.5471782684326,448.3347135931253,13.811738546610703,26.5,95.0,True,1,landslide_event
,244.0,24.16246077947683,91.98730541127156,2015-08-01,52.80718994140625,7.378290176391602,256.06964111328125,3701.0,10.0,18.64170265197754,23.57944518327713,32.91985660791397,144.00053292512894,266.40614418685436,9.798621006787783,24.25,92.0,True,0,background
194.0,,25.0728,92.3636,2015-08-19,134.29087829589844,12.368220329284668,153.619873046875,3708.0,10.0,12.910459518432615,26.011349201202396,62.07772970199585,263.8776495456696,423.4040070772171,13.935532457825602,25.0,92.25,True,1,landslide_event
130.0,,26.1324,91.8342,2014-09-22,72.69801330566406,3.8823652267456055,260.3367614746094,3814.0,50.0,90.21906280517578,112.94345903396606,128.25892797112465,215.2935097515583,289.26680713891983,15.555940556827291,26.25,91.75,True,1,landslide_event
351.0,,28.235,94.9612,2016-07-19,335.8134460449219,46.51467514038086,13.88074016571045,11775.0,10.0,46.87040710449219,148.8238525390625,234.29472255706787,326.11787509918213,760.5257467031479,4.216771894163864,28.25,95.0,True,1,landslide_event
,267.0,23.35529646825107,91.96215125395209,2016-07-07,157.36911010742188,15.139948844909668,303.218994140625,3665.0,10.0,4.265445232391357,64.31132936477661,188.5454740524292,257.86273950338364,417.3253348469734,24.13043157503732,23.25,91.75,True,0,background
110.0,,26.0137,94.5163,2013-08-04,1717.4874267578125,11.523119926452637,258.9540100097656,4276.0,30.0,0.0,18.91439390182495,33.29331022500992,89.19215831160545,297.03666266798973,2.2297832034149643,26.0,94.5,True,1,landslide_event
,6.0,23.18085706498894,88.68130024346942,2015-03-19,9.020037651062012,0.268059492111206,72.70144653320312,3709.0,40.0,0.0,0.0,0.0,6.575514316558838,12.656368255615234,10.278014488079405,23.25,88.75,True,0,background
,257.0,27.49868861518845,93.88767331362848,2010-04-17,2156.06640625,12.854486465454102,265.8982238769531,11839.0,10.0,0.1244822070002555,11.757970981299877,31.384011439979076,64.51779323071241,213.08611228317022,11.17843819190778,27.5,94.0,True,0,background
,100.0,23.49711278315725,91.95500917403524,2014-09-22,228.99533081054688,27.4383544921875,69.82225036621094,3665.0,10.0,11.322115898132324,41.1891074180603,102.77107697725296,151.16429311037064,276.1184593439102,20.402727921080682,23.5,91.75,True,0,background
,1.0,24.461806210744943,88.73447207139756,2015-07-22,14.148301124572754,4.529523849487305,141.542724609375,3709.0,10.0,34.06842422485352,40.287253260612495,85.12575200200081,190.82383063435555,414.1655663251877,23.714066582730823,24.5,88.5,True,0,background
97.0,,26.4205,94.9731,2013-08-16,662.717041015625,16.386865615844727,181.85009765625,4301.0,30.0,56.13555145263672,77.47363948822021,147.25492525100708,265.32060050964355,443.5322065651417,9.248134576396618,26.5,95.0,True,1,landslide_event
,102.0,26.946343005185,94.0998826262142,2014-06-26,82.97383880615234,0.8501798510551453,252.3343048095703,3650.0,40.0,7.559370994567871,22.761902809143066,119.5185055732727,163.32524156570435,259.58405274152756,11.587092047614474,27.0,94.0,True,0,background
,287.0,28.40594318335582,95.78719477027404,2015-08-01,737.1397094726562,39.09297561645508,158.22698974609375,11790.0,10.0,0.0,0.0,0.0,121.45457792282104,352.6477591097355,11.076954796623946,28.5,95.75,True,0,background
135.0,,27.8835,96.9262,2015-08-16,992.7924194335938,36.79927444458008,216.0336761474609,11814.0,10.0,17.200000762939453,37.20000267028809,103.10000562667848,262.300009727478,307.1000089645386,14.9141301310424,28.0,97.0,True,1,landslide_event
,62.0,22.070009299150183,92.69176243543566,2015-08-01,260.83367919921875,22.26826286315918,240.75006103515625,3665.0,10.0,6.000000476837158,16.000000476837158,48.00000047683716,171.0000033378601,360.0000071525574,20.80247339398877,22.25,92.75,True,0,background
345.0,,23.5397,93.3783,2016-07-28,1562.1533203125,16.503074645996094,255.90419006347656,4301.0,30.0,0.6133350133895874,59.919084906578064,96.06510722637177,144.97636795043945,571.0652657747269,13.545033653215269,23.5,93.25,True,1,landslide_event
266.0,,25.1122,94.3591,2015-08-01,1847.1929931640625,21.42333221435547,243.3324432373047,4301.0,50.0,83.27330017089844,120.11932420730592,137.65396869182587,291.03835117816925,383.0159598588944,16.569393725572745,25.0,94.25,True,1,landslide_event
,275.0,27.537366087111597,96.58254241185185,2015-08-12,1154.176513671875,26.76761245727539,107.4515609741211,4276.0,10.0,0.1868220716714859,61.046651020646095,131.3663296699524,216.91841554641724,293.9861741065979,9.201502525983415,27.5,96.5,True,0,background
293.0,,24.7992,93.948,2011-07-22,782.2091674804688,1.4935643672943115,346.2854309082031,7001.0,60.0,0.8111542463302612,8.961729884147644,50.00461161136627,84.15591204166412,261.40960282087326,7.544965988443494,24.75,94.0,True,1,landslide_event
290.0,,25.83,94.13,2011-08-18,1017.9199829101562,8.591971397399902,12.90983772277832,4276.0,40.0,0.0,12.52111554145813,66.35627233982086,145.07458984851837,290.4925365447998,14.923865520144084,25.75,94.25,True,1,landslide_event
,114.0,26.75017630640269,93.17763122460826,2016-05-18,75.37010192871094,0.0913356617093086,39.43743133544922,3650.0,40.0,15.81459617614746,66.23863983154295,113.96816742420197,129.62702903151512,423.544285826385,7.20135441676044,26.75,93.25,True,0,background
,169.0,26.342620823426333,92.42621868851596,2012-04-08,54.98982620239258,0.4108442962169647,257.7981872558594,3650.0,40.0,21.697229385375977,34.107515811920166,47.933767318725586,47.933767318725586,58.5316686630249,12.63330725052556,26.25,92.5,True,0,background
223.0,,25.16,93.686,2015-06-19,993.1607055664062,36.3893928527832,162.69052124023438,4301.0,10.0,0.4324156939983368,9.34217044711113,31.161642998456955,74.31325215101242,114.810171097517,11.881460959366652,25.25,93.75,True,1,landslide_event
211.0,,24.8628,94.4182,2009-08-30,905.5567016601562,33.573360443115234,186.70074462890625,4301.0,10.0,1.4216063022613523,6.524518728256226,20.83163273334503,84.15378892421722,226.60519456863403,14.977143755796364,24.75,94.5,True,1,landslide_event
248.0,,25.0888,92.8551,2011-05-24,275.6462097167969,30.58514976501465,6.18858814239502,4276.0,10.0,59.9792366027832,98.8922085762024,312.5442866384983,355.1205853521824,455.1613607108593,14.412723158794106,25.0,92.75,True,1,landslide_event
,154.0,28.71754063531932,94.62740333243887,2016-07-19,1594.2957763671875,41.71547317504883,30.953201293945312,11839.0,10.0,39.63872146606445,101.02527236938477,144.26415824890137,287.6901693344116,784.0512594878674,12.720375671131466,28.75,94.75,True,0,background
,292.0,26.904158933910196,88.93530683579236,2019-10-26,233.6793212890625,2.9778594970703125,103.85961151123048,3849.0,10.0,0.0,11.018627166748049,11.018627166748049,22.937146425247192,249.3495296239853,12.434490470256852,27.0,89.0,True,0,background
,141.0,26.723408310436888,95.3194486873139,2016-07-28,823.1968994140625,25.226354598999023,352.4324035644531,4301.0,10.0,7.750629901885986,35.94569253921509,136.54854249954224,245.44163942337036,406.4987011253834,7.514713141006428,26.75,95.25,True,0,background
,10.0,23.844359469969483,90.65880370823216,2011-07-15,7.604248523712158,3.780470609664917,147.0795440673828,3707.0,10.0,0.0,0.0,0.0,0.0,0.0,35.530866768071824,23.75,91.0,True,0,background
,2.0,26.672802120730168,89.29211062344024,2011-08-12,103.41920471191406,1.490165114402771,130.10470581054688,3683.0,10.0,10.0,25.800000190734863,27.600000143051147,189.6000030040741,616.6000032424927,9.538679583097226,26.75,89.25,True,0,background
141.0,,26.159,91.8178,2014-09-22,60.84480285644531,6.881247043609619,139.46990966796875,3637.0,50.0,90.21906280517578,112.94345903396606,128.25892797112465,215.2935097515583,289.26680713891983,12.181955635289734,26.25,91.75,True,1,landslide_event
121.0,,27.8458,95.2253,2012-09-19,133.93359375,0.1892804205417633,222.51046752929688,3650.0,40.0,0.0,0.0,0.0,0.0,14.388446792960169,10.945620672934776,27.75,95.25,True,1,landslide_event
,12.0,22.321224993202677,89.2855685086279,2016-07-28,1.3508363962173462,0.1279093325138092,284.1938781738281,6690.0,40.0,0.0,37.725985527038574,108.55307173728943,178.67941784858704,411.0678653717041,29.495863077003435,22.25,89.0,True,0,background
1.0,,25.3098633,94.48214677,2010-07-29,1536.7576904296875,33.85165023803711,165.1502685546875,4276.0,30.0,27.368268966674805,100.3678698539734,130.9985806643963,254.81191131472588,389.7174042761326,6.898045209738157,25.25,94.5,True,1,landslide_event
289.0,,25.4196,94.1054,2010-07-29,1382.1925048828125,11.335694313049316,190.244384765625,4276.0,50.0,28.94656753540039,81.72849655151367,109.67711758613586,245.3135502338409,371.5266084074974,13.810966885020132,25.5,94.0,True,1,landslide_event
255.0,,24.7679,93.4108,2010-10-08,516.0626220703125,25.266372680664062,256.58599853515625,4301.0,10.0,33.83208084106445,91.12721991539,91.12721991539,120.52556788921356,189.92254270613196,9.12206655472789,24.75,93.5,True,1,landslide_event
218.0,,26.2083,94.5438,2013-08-04,1478.2481689453125,7.621303558349609,219.2281036376953,4276.0,10.0,0.0,27.65966796875,40.62927174568176,147.65579795837402,338.99631583690643,6.376099352494494,26.25,94.5,True,1,landslide_event
,309.0,22.26213482558199,93.17392744666994,2015-09-01,906.4104614257812,36.349647521972656,163.21432495117188,4301.0,10.0,0.0,0.0,0.0,9.0,77.00000047683716,17.35964191301979,22.25,93.0,True,0,background
,242.0,27.00527935009105,95.70924339267889,2015-08-01,946.9091796875,32.874210357666016,169.9992218017578,4276.0,10.0,2.103362560272217,3.4031680822372437,3.4031680822372437,60.98366802930832,176.5798550248146,4.097757913439657,27.0,95.75,True,0,background
251.0,,23.3439,93.0748,2010-09-13,1315.960693359375,32.6228141784668,98.87903594970705,4301.0,10.0,9.373889923095703,64.87385559082031,91.7675075531006,299.7439306974411,531.7310223579407,12.84469063301454,23.25,93.0,True,1,landslide_event
19.0,,25.1553,93.028,2010-04-01,576.326904296875,27.646631240844727,355.6628112792969,4276.0,10.0,37.55191421508789,72.33977699279785,133.1730318069458,133.1730318069458,149.7027199268341,10.906045927062513,25.25,93.0,True,1,landslide_event
307.0,,26.1468,91.6469,2015-02-14,66.71479797363281,17.28343963623047,329.407958984375,3650.0,10.0,0.0,0.0,0.0,0.237429603934288,0.3578026220202445,15.422107044544555,26.25,91.75,True,1,landslide_event
,205.0,27.44053382764464,92.0742550175964,2015-08-11,3654.201171875,35.33028793334961,28.626440048217773,11879.0,10.0,0.8344939947128296,51.680803656578064,90.27763730287552,94.74468687176704,228.65026584267616,9.907953050224203,27.5,92.0,True,0,background
358.0,,25.62,91.8827222222222,2020-05-21,1254.337646484375,11.02405071258545,131.7313690185547,3647.0,50.0,48.1134147644043,59.23598861694336,68.89835834503174,116.25112000852825,232.83063323050737,17.760237773649898,25.5,92.0,True,1,landslide_event
,213.0,23.5245941701668,93.61749916176036,2015-09-14,1883.38134765625,39.5831413269043,118.5845184326172,4301.0,10.0,0.0,4.142563343048096,6.982457876205444,57.0016086101532,395.6440945416689,36.67114527420953,23.5,93.25,True,0,background
134.0,,25.2568,92.3825,2015-08-19,795.1814575195312,10.856196403503418,213.9329376220703,3646.0,30.0,16.688932418823242,29.72620248794556,41.19041609764099,130.61284382641315,313.4857256859541,11.750395996261926,25.25,92.5,True,1,landslide_event
,48.0,25.23539852362788,89.77847786978793,2016-06-14,20.222278594970703,1.5068520307540894,5.737685203552246,6997.0,40.0,1.5578080415725708,12.856591552495956,15.383493453264236,279.72139425575733,613.9993553608656,29.50715473708109,25.5,89.75,True,0,background
191.0,,26.3897,94.9439,2013-08-16,519.267333984375,9.542935371398926,9.93359375,4301.0,10.0,56.13555145263672,77.47363948822021,147.25492525100708,265.32060050964355,443.5322065651417,13.494721921468154,26.5,95.0,True,1,landslide_event
,308.0,27.28763484798985,95.39131161613764,2013-07-12,121.34584045410156,3.41336727142334,222.82228088378903,3637.0,40.0,12.297005653381348,42.577680587768555,106.13518238067627,286.66802740097046,439.8536661863327,11.594185707660719,27.25,95.5,True,0,background
,67.0,24.821451014512224,91.55976289911534,2013-09-02,5.455545425415039,0.1366552859544754,345.44482421875,3707.0,40.0,0.0,6.955358028411865,44.348255038261414,196.24138028919697,398.37485437095165,40.39174382924583,24.5,91.75,True,0,background
316.0,,25.4749,93.1477,2010-10-09,152.47006225585938,6.1949968338012695,356.0416564941406,4276.0,10.0,45.33193206787109,99.71284103393556,109.77721172571182,137.43927091360092,241.4613085985184,10.584553736807978,25.5,93.25,True,1,landslide_event
,261.0,26.23224341564874,93.1546427648231,2015-08-19,90.37369537353516,0.2638905346393585,265.1537475585937,3637.0,40.0,2.893009901046753,4.973080366849899,19.73390433192253,111.91055783629417,173.28357979655266,9.691420518437953,26.25,93.25,True,0,background
360.0,,27.31583333333333,88.60666666666665,2018-08-10,1490.2158203125,28.152433395385746,83.6025619506836,3662.0,30.0,19.111846923828125,48.09578174352646,170.654372215271,359.3840260505676,560.5373344421387,12.923664907247574,27.25,88.5,True,1,landslide_event
,81.0,23.97662247007743,92.9738159562594,2015-08-16,519.5264282226562,22.671611785888672,137.26321411132812,3665.0,10.0,0.3216414749622345,7.211878567934036,103.84822854399681,140.11196133494377,356.9999526441097,3.6772796009894786,24.0,93.0,True,0,background
123.0,,25.5265,93.8673,2010-10-09,1390.6053466796875,25.933570861816406,306.7274475097656,4301.0,10.0,10.964430809020996,126.36729526519775,146.7715900540352,188.1573890149593,300.3552277982235,12.07201278879119,25.5,93.75,True,1,landslide_event
122.0,,23.8986,91.7599,2010-06-03,175.7871551513672,14.356929779052734,8.92135238647461,3665.0,10.0,42.11566925048828,52.82124066352844,196.87387204170227,447.60647970438,600.0955194532871,11.331002194916897,24.0,91.75,True,1,landslide_event
168.0,,25.5007,93.9854,2015-07-22,1418.50048828125,15.500651359558104,227.87808227539065,4301.0,30.0,11.168607711791992,43.91825199127197,121.6747362613678,186.7667142599821,310.59775230288506,1.4590986488201525,25.5,94.0,True,1,landslide_event
,18.0,26.77502709937229,93.0495253742136,2013-04-07,70.22361755371094,0.2707546055316925,255.1260681152344,3650.0,40.0,0.0,3.6807010173797607,14.277477860450745,29.98140799999237,102.2675429135561,5.657258458909393,26.75,93.0,True,0,background
,131.0,22.983315197696648,92.04696284333806,2010-09-13,59.1699104309082,15.544039726257324,322.11669921875,3665.0,10.0,9.366503715515137,68.79079532623291,90.75705981254578,325.39612835645676,577.9304527640343,35.839641359736305,23.25,92.25,True,0,background
328.0,,25.7902,94.1318,2016-07-10,1280.449951171875,13.43272304534912,66.5816421508789,4276.0,10.0,3.5268335342407227,15.968923293054104,82.44201823323965,171.81546815484762,306.13233955949545,12.616186218415791,25.75,94.25,True,1,landslide_event
,291.0,25.69677326454079,88.68114233850177,2013-08-04,39.05087661743164,1.0352997779846191,84.8478775024414,3682.0,10.0,0.0,0.0,5.681668758392334,80.75992533564568,256.275784522295,22.891368225499146,25.5,88.75,True,0,background
342.0,,27.5799,91.8569,2016-04-22,2766.8056640625,22.40599822998047,243.9518280029297,11879.0,10.0,37.05142974853516,97.18542098999023,122.1890811920166,148.99512910842896,191.44855226576328,13.8896030840343,27.5,91.75,True,1,landslide_event
,91.0,24.26096250991013,92.05356803430568,2009-08-27,76.04483032226562,15.784801483154297,3.643526554107666,3701.0,10.0,6.412547588348389,106.42016553878784,183.65937280654907,261.0560438632965,478.04680705070496,5.4676147763844405,24.25,92.0,True,0,background
55.0,,27.174,95.8011,2012-06-25,294.5935974121094,0.492451548576355,155.0437469482422,4276.0,40.0,3.400000095367432,54.59999847412109,101.19999952614307,193.19999761879444,313.64643712341785,9.878385459593384,27.25,95.75,True,1,landslide_event
362.0,,24.781694444444444,93.77605555555556,2018-06-06,987.0897827148438,13.632092475891112,26.70398712158203,4276.0,50.0,0.9411458373069764,11.051683127880096,32.96305713057518,42.360233932733536,93.5374058187008,4.382873063649261,24.75,93.75,True,1,landslide_event
120.0,,24.9111,94.4759,2015-08-01,1826.7259521484373,27.59085273742676,56.02335739135742,4301.0,10.0,85.54586029052734,123.26487731933594,141.30807518959045,297.3533320426941,385.7425099611282,10.184404222822575,25.0,94.5,True,1,landslide_event
,268.0,28.18363203429497,93.84407604239858,2015-08-01,2516.158203125,20.168285369873047,296.7752380371094,11864.0,10.0,0.1436233222484588,0.4955802857875823,0.4955802857875823,107.77481895685196,249.01265200972557,11.912432152643863,28.25,93.75,True,0,background
,138.0,27.643518387503647,94.61311421473624,2012-06-03,536.4006958007812,31.30126190185547,225.61810302734372,11790.0,10.0,19.27534484863281,22.54183435440063,51.99761605262756,104.30563449859619,220.13734279572964,16.32157815725686,27.75,94.5,True,0,background
193.0,,23.73478778,92.72124394,2009-10-05,974.2714233398438,25.156400680541992,21.64884757995605,7001.0,30.0,4.063979148864746,4.318403609097004,4.777386732399464,111.63170785456896,280.0219880118966,3.332121427810616,23.75,92.75,True,1,landslide_event
,127.0,26.81021663467685,95.87051086908632,2013-09-07,824.80224609375,34.837066650390625,14.096388816833496,4276.0,10.0,2.2510733604431152,47.052796840667725,152.7186541557312,228.90300622582436,343.7814611494541,24.240045076421545,27.0,95.75,True,0,background
,103.0,25.363436967016437,95.0846431388721,2010-07-21,250.11050415039065,26.17989921569824,11.777572631835938,4282.0,10.0,19.3587589263916,36.15898942947388,71.5985746383667,122.15292298793793,282.67046213150024,43.727354647902686,25.75,95.0,True,0,background
,37.0,23.909119859704617,91.81990542663723,2010-08-21,91.26741790771484,9.171771049499512,187.4657287597656,3665.0,10.0,6.180509567260742,20.75189208984375,38.47342896461487,142.35566288232803,388.29932910203934,12.253585697127072,24.0,91.75,True,0,background
,313.0,26.266142352941152,90.9565142865538,2016-07-20,38.48175430297852,0.2410872131586074,164.64376831054688,3683.0,40.0,28.612285614013672,40.96925616264343,128.4232759475708,223.4391228556633,310.84740021824837,4.683513276064358,26.25,91.0,True,0,background
344.0,,26.1768,91.7702,2016-07-14,85.85330963134766,34.82474899291992,120.0568389892578,7001.0,10.0,5.463315010070801,9.630594402551653,39.199520498514175,82.15285256505013,157.0204013288021,8.394272624639894,26.25,91.75,True,1,landslide_event
42.0,,25.5242,92.9914,2010-10-09,155.11376953125,8.515926361083984,40.887237548828125,4276.0,10.0,79.3075180053711,98.5780177116394,98.96363851428032,123.66852781176568,213.2482061088085,2.8273511459000837,25.5,93.0,True,1,landslide_event
,20.0,28.28036771758801,91.33005622569782,2009-08-20,4461.47021484375,24.00809669494629,332.2297668457031,11752.0,30.0,1.9187440872192385,11.653835535049438,23.112205862998962,70.12572242319584,292.29290426522493,35.41869041797925,28.0,91.5,True,0,background
,241.0,24.74617275851815,91.65330385243452,2013-07-17,6.852211952209473,0.6771479249000549,285.3809509277344,3707.0,40.0,17.92983055114746,81.37858390808105,121.93627834320068,167.43724048137665,360.487168520689,28.96981783798667,24.5,91.75,True,0,background
310.0,,25.7354,90.3852,2014-09-21,344.7012939453125,7.863541126251221,243.4810485839844,3814.0,10.0,43.13186264038086,97.8447265625,113.39717268943788,133.79491713643074,340.6517327129841,11.57124934243949,25.75,90.5,True,1,landslide_event
111.0,,26.1407,91.7645,2014-06-26,59.30535125732422,3.391876459121704,100.04878997802734,3814.0,50.0,0.2501476109027862,19.158864051103592,92.22528651356696,110.59381665289402,204.62101455032823,12.25302088434301,26.25,91.75,True,1,landslide_event
338.0,,27.1758,88.5294,2016-01-14,304.3135681152344,7.230428218841553,263.4545593261719,3662.0,50.0,1.274561882019043,1.274561882019043,4.007601261138916,6.8967039585113525,7.013006873428822,8.765556641001535,27.25,88.5,True,1,landslide_event
151.0,,25.51614662,94.2341227,2011-06-21,1648.3985595703125,23.469751358032227,266.4374389648437,4276.0,30.0,2.259432792663574,3.558150053024292,37.61928224563599,137.72731065750122,222.18925639986992,2.396119910057039,25.5,94.25,True,1,landslide_event
,162.0,26.754103522272043,88.8297144762319,2015-08-19,142.5193328857422,2.6297595500946045,20.27004051208496,3850.0,10.0,73.96831512451172,175.31921768188477,266.8473217487335,572.5497784987092,644.3536206558347,7.9453564070068605,26.75,88.75,True,0,background
,31.0,26.53940569780377,90.76807439519858,2015-08-01,47.558712005615234,0.2305493652820587,264.50146484375,3650.0,40.0,0.3279391825199127,0.3279391825199127,0.3279391825199127,86.18425098061562,292.6414094567299,4.729374271937549,26.5,90.75,True,0,background
,270.0,27.724833347571167,94.93353710089964,2014-08-17,120.56568908691406,2.8772754669189453,280.53448486328125,3683.0,10.0,0.9806843400001526,60.86031919717789,271.8603726029396,392.0359018445015,497.23090624809265,7.179407022477142,27.75,95.0,True,0,background
262.0,,25.0633,92.8025,2010-06-16,85.09440612792969,16.955944061279297,134.39682006835938,3701.0,10.0,9.579708099365234,25.37697029113769,46.326197147369385,231.25577878952024,362.0772542655468,8.780883457322298,25.0,92.75,True,1,landslide_event
239.0,,28.611,94.9829,2013-09-02,1696.97607421875,25.95244407653809,358.4635925292969,11839.0,10.0,8.992691040039062,80.42493057250977,135.89967846870422,139.73845466971397,293.3609990179539,12.473802446126424,28.5,95.0,True,1,landslide_event
,200.0,24.085165799506104,88.56583010663714,2015-08-01,19.470802307128903,3.1693685054779053,292.4977722167969,3709.0,10.0,31.30706787109375,88.10556602478027,122.85290026664734,375.5388102531433,611.7049090564251,11.501224210504317,24.0,88.5,True,0,background
73.0,,26.8727,94.9275,2013-08-16,134.023193359375,0.9272137880325316,260.4241027832031,3637.0,60.0,28.38370132446289,60.54528427124024,98.64338064193726,198.09365558624268,346.87954545021057,15.456881504772088,26.75,95.0,True,1,landslide_event
,108.0,28.884165887611385,93.4391185473307,2013-06-08,5012.56982421875,13.88296127319336,257.3700256347656,11727.0,30.0,9.540526390075684,34.222886085510254,50.513983845710754,113.31798279285431,319.090884976089,16.07750708178871,28.75,93.5,True,0,background
92.0,,26.0977,94.7031,2013-06-07,1739.1412353515625,38.89234161376953,331.67437744140625,4276.0,10.0,10.568632125854492,24.728277683258057,35.075182527303696,62.039582937955856,282.5516748130321,11.840307566356667,26.0,94.75,True,1,landslide_event
157.0,,24.837,93.9128,2010-10-08,799.0735473632812,14.031889915466309,156.2122344970703,4276.0,50.0,47.95542144775391,100.74873971939088,101.97395530343056,140.62452545762062,219.9328721910715,13.020140646931464,24.75,94.0,True,1,landslide_event
,231.0,28.468587752376088,95.76230680037924,2014-08-14,1751.1224365234375,35.480995178222656,72.86370086669922,11864.0,10.0,60.25883865356445,201.05291748046875,272.35187673568726,379.5420444011688,515.2528097629547,3.695567823891826,28.5,95.75,True,0,background
265.0,,26.3186,94.5121,2011-06-20,1253.3843994140625,11.05461311340332,127.83020782470705,4276.0,10.0,9.766148567199709,12.473240338265898,19.8925119265914,105.93996315449476,258.36825858801603,7.731432503481738,26.25,94.5,True,1,landslide_event
,35.0,26.596384596703206,91.90595398699035,2016-07-14,67.0,0.8970625996589661,270.0,3650.0,60.0,1.1844719648361206,5.138808250427246,29.37239384651184,96.32429844141006,187.62398387491703,14.214136656560385,26.5,92.0,True,0,background
106.0,,23.74182634,92.7141905,2010-09-13,943.8895263671876,19.73172187805176,300.9390563964844,3665.0,50.0,10.891241073608398,40.28853797912598,63.73694133758545,228.87560510635376,402.4348909854889,3.687648186888321,23.75,92.75,True,1,landslide_event
,124.0,28.68723836089337,93.86172385881498,2010-04-20,3596.45654296875,31.13212013244629,129.20323181152344,11004.0,10.0,0.0,21.322861671447754,21.322861671447754,75.79147815704346,453.0820870399475,13.119893166194956,28.75,93.75,True,0,background
,147.0,23.50137572938645,92.02653938919048,2015-08-19,107.31550598144533,8.417759895324707,179.18080139160156,3665.0,10.0,34.62955856323242,44.6398446559906,71.62317681312561,146.3515881896019,306.5507931113243,22.236814866570004,23.5,92.25,True,0,background
,193.0,27.12457460888456,89.13440554821227,2013-08-04,1084.638427734375,31.212623596191406,59.15552520751953,3651.0,10.0,1.1261485815048218,14.026118129491808,72.74708566069603,116.0861546099186,1067.6631056964397,17.98662753682246,27.0,89.25,True,0,background
220.0,,25.8266,94.1497,2013-10-05,1396.6646728515625,24.1990966796875,12.221054077148438,4276.0,10.0,15.214532852172852,23.10076577961445,31.620361998677254,91.66733606159688,162.1349287778139,13.149212427914664,25.75,94.25,True,1,landslide_event
117.0,,26.1978,91.7665,2010-04-20,86.62431335449219,18.580564498901367,80.6427001953125,3650.0,50.0,28.944425582885746,85.79954528808594,119.32504653930664,127.25461696088314,202.7015015333891,6.039701100288042,26.25,91.75,True,1,landslide_event
306.0,,24.3481,94.1146,2015-08-01,1018.9749755859376,21.91521644592285,319.4974060058594,4301.0,10.0,87.52693939208984,125.99406433105467,144.4805532693863,302.9071170091629,388.00457525253296,15.813049075518965,24.25,94.0,True,1,landslide_event
133.0,,24.7459,93.4251,2015-08-11,763.9928588867188,8.417471885681152,3.889544725418091,4301.0,50.0,0.0,67.60121250152588,84.50204518437386,224.98663380742076,417.291489392519,7.488615109526282,24.75,93.5,True,1,landslide_event
58.0,,25.4477,94.0489,2015-07-22,1339.629638671875,28.65985870361328,305.55908203125,4276.0,10.0,11.168607711791992,43.91825199127197,121.6747362613678,186.7667142599821,310.59775230288506,7.596747365150423,25.5,94.0,True,1,landslide_event
314.0,,25.3908,94.0926,2015-07-22,1307.4000244140625,16.60420036315918,144.4363250732422,4276.0,10.0,11.168607711791992,43.91825199127197,121.6747362613678,186.7667142599821,310.59775230288506,15.26988313994959,25.5,94.0,True,1,landslide_event
61.0,,25.0672,93.4093,2011-05-22,454.5387268066406,28.77771759033203,194.9974822998047,4301.0,10.0,2.186427593231201,101.82126569747923,113.17225587368011,176.10957449674606,264.66725324094296,11.74265499336821,25.0,93.5,True,1,landslide_event
,223.0,25.82561407172585,93.02679046680616,2015-08-01,110.1644287109375,1.2641973495483398,7.233015060424805,3637.0,10.0,11.564383506774902,15.492756485939026,15.962326407432556,61.13302916288376,163.0138147622347,8.806368037306715,25.75,93.0,True,0,background
36.0,,26.1548,91.7351,2011-09-23,53.39770126342773,1.52072274684906,303.621826171875,7001.0,50.0,0.3357650637626648,10.91853493452072,40.93849831819534,73.76714119315147,159.75566437840462,10.70147268511502,26.25,91.75,True,1,landslide_event
,142.0,26.873149948537424,92.22980981577864,2016-07-28,162.0301513671875,1.6842904090881348,204.87039184570312,3849.0,10.0,10.971378326416016,27.287150025367737,69.80006849765778,175.90266543626785,282.021635890007,13.816499533523857,26.75,92.25,True,0,background
,170.0,24.9556975479831,93.78429907039587,2015-08-01,2122.02734375,17.876569747924805,23.00362014770508,4276.0,10.0,82.01839447021484,118.28771543502808,135.53689110279083,287.76245033741,381.09095980226994,5.985940451881146,25.0,93.75,True,0,background
114.0,,25.8877,94.7861,2010-07-06,1171.9498291015625,6.588235855102539,272.0567932128906,4276.0,50.0,18.506322860717773,32.04225826263428,83.3467630147934,162.2573435306549,337.9369192123413,13.009988151726423,26.0,94.75,True,1,landslide_event
124.0,,26.1062,91.8717,2015-07-25,259.01287841796875,4.847469806671143,63.26151657104492,3814.0,10.0,3.9573659896850586,46.80274391174317,70.29462265968323,141.16598933935165,240.95559729635715,16.948988426204096,26.0,91.75,True,1,landslide_event
0.0,,27.478,88.527,2009-07-01,746.7476196289062,21.305740356445312,190.0960235595703,3662.0,10.0,12.966178894042969,67.4974136352539,147.22596216201782,202.0828273296356,371.9279283285141,3.641158055957273,27.5,88.5,True,1,landslide_event
,320.0,25.417854441393903,93.16621841503282,2012-06-02,246.9105987548828,7.741371154785156,350.77178955078125,4276.0,10.0,28.35235977172852,31.280173391103748,34.624193884432316,37.33240816742182,53.54204914718866,12.355015068146395,25.5,93.25,True,0,background
,111.0,27.49373063851135,92.19768536736235,2010-09-13,2583.543701171875,39.36943054199219,65.92166900634766,11864.0,10.0,0.9624714851379396,34.09039640426636,73.19762516021729,212.18295526504517,464.537672996521,5.25207218060777,27.5,92.25,True,0,background
,94.0,24.82374356897664,94.51632358050972,2010-06-03,1014.4380493164062,20.835657119750977,193.8237762451172,4301.0,10.0,0.5506669282913208,14.773563742637636,48.26856577396393,97.02642393112183,163.91031605005264,8.345147135569231,24.75,94.5,True,0,background
62.0,,24.1988,94.1016,2015-08-01,1405.31298828125,18.86229705810547,287.7832336425781,4301.0,10.0,87.52693939208984,125.99406433105467,144.4805532693863,302.9071170091629,388.00457525253296,11.63139671691079,24.25,94.0,True,1,landslide_event
,77.0,25.559429613174977,90.70946101754056,2011-07-29,299.08111572265625,12.319843292236328,214.46913146972656,3814.0,10.0,25.725317001342773,36.16598343849182,44.59716355800629,172.1244729757309,383.04444539546967,7.732354711410752,25.5,90.75,True,0,background
,272.0,23.881846967144234,92.32873927299345,2010-07-29,184.3007354736328,24.096893310546875,273.5305480957031,3665.0,10.0,49.01494216918945,81.90335178375244,136.32499885559082,256.8331251144409,369.20389899611473,15.277237616874096,24.0,92.25,True,0,background
,49.0,27.195446528376507,92.04998464858193,2010-08-27,2766.486572265625,18.40455436706543,249.53419494628903,3651.0,10.0,12.54176902770996,24.632782459259033,32.92425072193146,130.67340725660324,230.28686114400625,7.836331215150417,27.25,92.0,True,0,background
216.0,,24.6005,92.3814,2010-06-03,103.36077880859376,19.323692321777344,352.72100830078125,3708.0,10.0,16.55670928955078,71.39928817749023,112.19475013017654,341.4983385205269,490.296012699604,16.286467565725378,24.5,92.5,True,1,landslide_event
74.0,,27.0011,93.7273,2010-09-10,109.28465270996094,3.8665931224823,325.0473327636719,3683.0,40.0,31.753637313842773,72.62800288200378,121.09361243247986,221.57005035877228,414.35951448976994,2.2686681772219788,27.0,93.75,True,1,landslide_event
112.0,,24.808,93.117,2011-09-06,38.38522338867188,5.054456233978272,326.4285583496094,3701.0,50.0,73.51335144042969,77.611631244421,106.299792855978,258.5888700783253,490.7533649504185,13.34234790932432,24.75,93.0,True,1,landslide_event
53.0,,26.0319,94.5466,2015-06-24,1535.130615234375,40.3395881652832,192.931640625,4276.0,10.0,1.3039958477020264,78.49687886238098,88.56377053260803,164.1417437493801,303.1762820780277,5.851265131620874,26.0,94.5,True,1,landslide_event
195.0,,23.7313,92.7187,2015-09-14,1020.4970092773438,17.155675888061523,57.22224426269531,7001.0,50.0,0.0,4.182334899902344,12.271318078041077,65.25377285480499,407.5450099855661,3.7537058644846666,23.75,92.75,True,1,landslide_event
325.0,,24.5202,92.7239,2016-05-18,40.8049201965332,2.4934067726135254,44.05175018310547,3701.0,10.0,182.6837615966797,214.47818565368647,260.3883783817291,277.3929310441017,593.052706323564,3.4410428809421583,24.5,92.75,True,1,landslide_event
,299.0,26.559611548321804,88.80529260482417,2013-10-06,81.63195037841797,0.4141707122325897,151.02926635742188,3850.0,40.0,25.280405044555664,33.07898557186127,33.211321234703064,69.69745719432831,156.77960658073425,8.605592371312722,26.5,88.75,True,0,background
233.0,,28.8254,96.1509,2013-04-07,3613.6435546875,25.2900390625,80.45932006835938,11727.0,10.0,3.4623863697052,56.19058966636657,75.08224356174469,158.71086013317108,276.3773621916771,12.971446737282836,28.75,96.25,True,1,landslide_event
,85.0,24.15872966826319,94.74062827368162,2013-07-01,235.1554718017578,6.132185935974121,10.132259368896484,4282.0,10.0,6.998801231384277,30.898459196090695,66.39689303934574,115.99049092829227,140.69739450514317,49.861879434367054,24.25,94.25,True,0,background
,51.0,23.757217006089427,93.61692169544811,2010-10-08,1680.466064453125,33.51717758178711,208.6646881103516,4301.0,10.0,39.30250549316406,91.29440450668335,91.29440450668335,122.27079397439957,213.9771676659584,29.353209586547553,24.0,93.5,True,0,background
,263.0,26.22027289782627,88.93297675215001,2016-01-14,57.36517333984375,0.2666132748126983,66.64592742919922,3703.0,40.0,0.0,0.0,0.1122791841626167,0.1122791841626167,0.1122791841626167,7.44103381486405,26.25,89.0,True,0,background
,164.0,27.582052879866872,95.77846084586024,2016-04-19,152.92080688476562,3.747185230255127,17.633729934692383,3637.0,10.0,19.02635765075684,44.438541889190674,83.86010909080505,368.87160992622375,421.58480663597584,9.538034471131542,27.5,95.75,True,0,background
,86.0,25.48476962458173,89.05420148915856,2015-06-16,28.73887252807617,4.908453464508057,255.05638122558597,3705.0,40.0,1.1701971292495728,11.504589140415192,85.18187433481216,110.62554413080215,254.6162132769823,30.317887142846878,25.5,88.75,True,0,background
178.0,,25.70223725,94.04619681,2010-08-13,1007.92724609375,10.117583274841309,80.53630065917969,4276.0,40.0,12.153491020202637,14.121664613485336,15.288082271814346,87.26657512784004,303.1204595863819,7.03734793579762,25.75,94.0,True,1,landslide_event
171.0,,28.1737,94.7596,2015-08-18,578.08349609375,25.219715118408203,79.98339080810547,11775.0,10.0,5.692145824432373,10.596486449241638,30.882709860801697,47.13164947926998,124.98482106626034,8.547575598563585,28.25,94.75,True,1,landslide_event
179.0,,26.1844,91.7896,2014-06-26,58.81834411621094,4.9345316886901855,176.33804321289062,7001.0,50.0,0.2501476109027862,19.158864051103592,92.22528651356696,110.59381665289402,204.62101455032823,8.303338017932438,26.25,91.75,True,1,landslide_event
,327.0,22.626870865109424,92.3596965407634,2011-07-16,65.9057846069336,21.113094329833984,76.24270629882812,3665.0,10.0,8.820014953613281,8.820014953613281,8.820014953613281,93.87268304824829,334.2410771846771,19.537589317171513,22.75,92.5,True,0,background
,218.0,27.87143287484069,94.52532169391723,2014-09-23,1315.94140625,32.48843765258789,41.41226577758789,11839.0,10.0,35.727935791015625,81.77547264099121,86.60913717746735,216.70310840010643,306.6395466327667,13.712541967648736,27.75,94.5,True,0,background
43.0,,24.6869,93.9157,2011-07-25,771.6426391601562,0.2212255597114563,345.017333984375,4331.0,40.0,22.032684326171875,25.624216318130493,48.22605526447296,107.8642519712448,246.6343678832054,10.959718128156696,24.75,94.0,True,1,landslide_event
,83.0,28.653745596346567,96.78272487398222,2015-05-24,3603.12353515625,41.05392074584961,313.3518371582031,11909.0,10.0,3.200000286102295,7.600000381469727,8.800000429153442,47.60000157356262,67.32993292808533,17.373670423629793,28.5,96.75,True,0,background
,319.0,24.23058969320185,93.50289664388184,2014-09-24,1014.9989624023438,16.769115447998047,37.76345443725586,4301.0,10.0,20.622323989868164,37.80447572469711,74.31176418066025,93.85690002143383,181.87146367132664,2.1737394572728155,24.25,93.5,True,0,background
,161.0,27.9113089423368,96.6474493269185,2013-08-30,1881.5177001953125,43.33646011352539,77.44633483886719,4351.0,10.0,24.599279403686523,36.00720691680908,95.4023408293724,123.06936635077,328.1075629144907,14.179350801970719,28.0,96.75,True,0,background
,157.0,26.892851004578983,96.52418198704498,2011-09-23,1348.1041259765625,40.06525421142578,230.3091583251953,4276.0,30.0,0.0,0.0,0.0,0.0,0.0,45.569181083396614,27.25,96.75,True,0,background
,195.0,25.83648352478236,89.2637259919944,2015-06-16,35.052528381347656,0.6133871078491211,134.27490234375,3703.0,40.0,0.0,0.0,0.0,0.0,0.0,29.702143868877105,26.0,89.5,True,0,background
,256.0,24.407970413844616,91.41653639930382,2010-07-31,4.145288944244385,1.1633340120315552,300.6902770996094,3707.0,40.0,0.0,0.0,0.0,0.0,0.0,19.40219760182248,24.25,91.5,True,0,background
,197.0,29.321794600130097,93.9187999162378,2014-06-28,3997.77001953125,35.684837341308594,314.8851928710937,11909.0,10.0,53.498985290527344,64.26325917243958,113.26435971260071,237.70973485708237,368.861942127347,11.348854790859802,29.25,94.0,True,0,background
,167.0,22.84092372604292,92.45415055670604,2013-08-04,37.28353500366211,2.45774507522583,36.38214492797852,3665.0,40.0,13.899998664855955,23.025198221206665,55.055044412612915,151.43321347236633,332.6800580024719,11.075871347926151,22.75,92.5,True,0,background
,282.0,25.868167572160385,90.46833803536472,2010-07-06,291.5473327636719,33.53962707519531,109.16466522216795,3814.0,10.0,9.263514518737791,53.30933904647827,68.6673150062561,351.57556706666946,697.1413976550102,13.489690924327643,25.75,90.5,True,0,background
226.0,,26.1016,91.6906,2013-05-11,130.6619873046875,42.779632568359375,9.507113456726074,3648.0,10.0,10.408920288085938,59.66008186340332,89.82553148269653,117.6149116754532,174.40075302124023,12.769423290663545,26.0,91.75,True,1,landslide_event
287.0,,25.3056,93.1265,2012-06-03,310.4130249023437,22.16777229309082,235.5619354248047,4276.0,10.0,13.409568786621094,54.58066105842591,63.68913823366166,72.02406936883926,109.31459432840347,13.791603490002958,25.25,93.25,True,1,landslide_event
,192.0,28.47082037118596,94.08807211251512,2010-06-16,2650.8818359375,40.71471405029297,173.04917907714844,11879.0,10.0,11.384133338928224,51.24979782104492,104.85606527328491,255.97032809257507,455.0345558822155,9.343313216220878,28.5,94.0,True,0,background
,237.0,28.154388945326453,93.55712816402972,2009-08-20,1584.68603515625,21.879098892211918,311.5113220214844,11839.0,10.0,41.37458038330078,61.67828541994095,187.8941586613655,536.3184853196144,867.0858108103275,12.039456751432434,28.25,93.5,True,0,background
145.0,,27.3736,88.7323,2013-09-07,3411.429443359375,26.598913192749023,195.8337860107422,3717.0,30.0,56.43416976928711,149.35291171073914,216.8499619960785,302.4035997390747,561.7652224302292,13.872071661695832,27.25,88.75,True,1,landslide_event
,54.0,28.258170641133677,89.11944673784622,2010-10-08,4576.21923828125,10.513750076293944,86.27967071533203,11750.0,60.0,0.3282899558544159,3.633287340402603,20.10554376244545,27.52800439298153,102.40566454827785,36.774375797454525,28.25,88.75,True,0,background
,30.0,25.12667026446164,92.80089546621372,2016-07-25,792.7832641601562,22.155458450317383,189.84088134765625,3649.0,10.0,5.122844696044922,20.257301330566406,45.80871640145779,130.42677174508572,262.60431383550167,14.596396278372236,25.25,92.75,True,0,background
,318.0,24.45634058734862,94.4044284455506,2011-03-22,207.1768035888672,1.380793213844299,112.44084930419922,4301.0,10.0,0.0,0.0,0.0,0.0,0.0,16.113032672753153,24.5,94.25,True,0,background
347.0,,27.5748,91.8644,2016-07-28,2693.17724609375,7.516595363616943,63.39360427856445,11879.0,30.0,7.138001918792725,30.659409224987037,66.06143397092819,189.45041340589523,362.8281607031822,14.130597225942536,27.5,91.75,True,1,landslide_event
,276.0,27.829189894806905,94.3339740141128,2011-07-22,967.669921875,37.27308654785156,314.15966796875,11775.0,10.0,49.33350372314453,55.33867120742798,270.4090337753296,482.13011479377747,843.5211751461029,12.128096885564299,27.75,94.25,True,0,background
270.0,,23.7705,92.5217,2012-11-11,78.01522064208984,9.64112663269043,297.8417358398437,3665.0,10.0,0.0,0.0,0.0,0.0,0.9057319164276124,3.146024712759685,23.75,92.5,True,1,landslide_event
3.0,,27.6558,88.605,2012-09-19,1947.65869140625,9.8460693359375,248.90582275390625,3717.0,30.0,35.85348892211914,61.01907730102539,144.07147789001465,211.96603256464005,364.8764150738716,14.824414383242344,27.75,88.5,True,1,landslide_event
,29.0,26.78833768292947,93.15235079034592,2010-09-13,79.7369613647461,2.8196563720703125,339.2678527832031,3650.0,30.0,0.0,7.056852340698242,109.2532377243042,154.42362475395203,276.93054765462875,10.607935922403273,26.75,93.25,True,0,background
224.0,,25.3433,92.2897,2010-05-11,1199.6312255859375,6.1593546867370605,113.76013946533205,3646.0,30.0,15.795374870300291,29.95525884628296,61.69495838880539,108.74590323865414,452.8481892198324,11.116149737994585,25.25,92.25,True,1,landslide_event
128.0,,25.8376,94.5234,2013-08-04,799.6514282226562,2.4718377590179443,302.0936584472656,4276.0,40.0,0.3460222482681274,17.11305344104767,30.31349241733551,72.53415858745575,287.72454607486725,10.027341117734752,25.75,94.5,True,1,landslide_event
,204.0,27.2015535219004,89.71571812995772,2011-05-24,3814.060302734375,22.29228782653809,69.72046661376953,3651.0,10.0,3.521937608718872,29.182711839675903,50.10196530818939,128.43772399425507,245.37724074721336,31.004977796978782,27.0,89.5,True,0,background
221.0,,27.8997,93.3497,2010-04-02,870.244873046875,7.713263034820557,211.4642028808593,11864.0,50.0,25.304676055908203,80.80371284484863,147.22974848747253,196.88112235069275,242.54127341508865,14.955303936336188,28.0,93.25,True,1,landslide_event
10.0,,25.8833,91.2,2010-06-09,234.8751678466797,13.758164405822754,136.6505889892578,3814.0,10.0,25.58313751220703,65.18169260025024,199.6275191307068,320.0973685979843,465.673184454441,13.916362659806309,26.0,91.25,True,1,landslide_event
,211.0,28.39132662503289,92.27989344846468,2009-07-01,4439.44140625,11.234978675842283,308.7758483886719,11724.0,30.0,54.0,118.19999980926514,253.29999780654907,343.29999685287476,750.9999926686287,26.940877836576806,28.25,92.5,True,0,background
138.0,,26.1807,94.5497,2013-08-04,1637.970458984375,29.973892211914062,170.74038696289062,4276.0,30.0,0.0,27.65966796875,40.62927174568176,147.65579795837402,338.99631583690643,9.17132414886624,26.25,94.5,True,1,landslide_event
,99.0,26.867101730173363,90.92660182291368,2012-06-25,589.8258056640625,43.89005279541016,184.12933349609372,3651.0,10.0,11.669933319091797,18.182047605514526,69.97604262828827,553.3330672979355,901.341516494751,14.90974648521152,26.75,91.0,True,0,background
,36.0,27.247452669888244,92.08736630397152,2013-08-15,3571.027587890625,15.03206729888916,293.2994079589844,11879.0,10.0,0.0,1.2323766648769379,151.6925309598446,250.1139026582241,389.51929169893265,8.698310360609756,27.25,92.0,True,0,background
288.0,,25.1941,94.4481,2015-08-01,1732.5048828125,16.83842658996582,317.0778503417969,4301.0,10.0,63.38833999633789,92.63987731933594,105.7403608560562,236.11719644069672,360.2887585759163,8.096246716987322,25.25,94.5,True,1,landslide_event
332.0,,25.9611,91.3681,2016-07-07,182.3294677734375,10.071325302124023,35.041587829589844,3648.0,10.0,23.446001052856445,34.48268365859985,63.67916250228882,116.1650482416153,374.7961630821228,12.556215015012311,26.0,91.25,True,1,landslide_event
,159.0,25.36184209940763,89.77436299711897,2016-10-15,20.510032653808597,0.3508709967136383,107.52794647216795,6997.0,40.0,0.0,10.029379844665527,177.05087184906006,191.337107360363,314.57738995552063,15.525970899305875,25.5,89.75,True,0,background
173.0,,23.8447,93.0514,2015-08-26,1093.6075439453125,36.65387725830078,267.8105773925781,4301.0,10.0,23.716760635375977,106.22027778625488,191.0541658997536,272.8513912558556,375.6182999163866,11.723718591180337,23.75,93.0,True,1,landslide_event
50.0,,26.0977,94.7499,2013-06-07,1552.9932861328125,6.022054195404053,259.7967834472656,4276.0,10.0,10.568632125854492,24.728277683258057,35.075182527303696,62.039582937955856,282.5516748130321,10.875968578522295,26.0,94.75,True,1,landslide_event
200.0,,27.7167,88.5577,2012-06-03,2668.882568359375,18.030498504638672,73.16909790039062,3717.0,30.0,5.238631725311279,22.84493827819824,53.26316261291504,81.80548334121704,157.17634665966034,6.848247111506407,27.75,88.5,True,1,landslide_event
,233.0,24.962188727852485,92.65342319804051,2010-06-15,26.261837005615234,15.329258918762209,292.1842956542969,3708.0,60.0,9.404762268066406,17.77733564376831,73.30030679702759,227.12353658676147,356.5644597709179,10.486750122251726,25.0,92.75,True,0,background
334.0,,28.0822,96.5316,2016-05-01,594.242431640625,24.947830200195312,227.651596069336,4351.0,10.0,33.68991470336914,94.4405918121338,190.2925329208374,511.9206218719482,876.3863904476166,9.678664806504209,28.0,96.5,True,1,landslide_event
273.0,,25.5144,90.2167,2011-08-16,309.9352111816406,6.40664529800415,256.3793029785156,3814.0,10.0,48.94815444946289,80.40783405303955,93.4120698273182,217.9378999173641,384.7054210007191,3.68961500397264,25.5,90.25,True,1,landslide_event
,5.0,23.166059579159544,93.66233721707084,2011-06-21,1290.4354248046875,20.956802368164062,228.30616760253903,4301.0,10.0,4.400000095367432,54.00000047683716,134.60000133514404,308.00000393390656,477.6000064611435,42.07577151874237,23.25,93.25,True,0,background
260.0,,25.318,94.0441,2013-08-09,994.5647583007812,0.1200252026319503,262.2038879394531,4276.0,40.0,0.8403140306472778,49.26908791065216,93.2761288881302,149.8676005601883,314.802360534668,8.756138431432497,25.25,94.0,True,1,landslide_event
57.0,,24.7505,93.4221,2010-08-27,793.0284423828125,6.406473159790039,252.3161773681641,4301.0,10.0,1.011186122894287,11.61553092300892,17.6162156611681,57.14483147859573,157.1561106145382,7.77427977336299,24.75,93.5,True,1,landslide_event
,214.0,28.00557058365981,91.44674903605532,2016-07-01,5349.0087890625,25.932422637939453,206.276123046875,3717.0,70.0,38.06478500366211,45.237011194229126,71.13003611564636,135.75612926483154,290.3444343805313,5.334892784624872,28.0,91.5,True,0,background
17.0,,27.0987,93.816,2015-06-09,214.14358520507807,10.277758598327637,8.43869686126709,11775.0,10.0,28.156652450561523,76.97483253479004,137.2204953432083,263.01409661769867,469.2506365478039,12.810251950465648,27.0,93.75,True,1,landslide_event
258.0,,23.7348,92.7187,2015-09-14,1045.321044921875,20.19441604614257,11.448138236999512,7001.0,50.0,0.0,4.182334899902344,12.271318078041077,65.25377285480499,407.5450099855661,3.552461121716684,23.75,92.75,True,1,landslide_event
39.0,,27.8965,96.1779,2010-04-21,210.589599609375,5.63365364074707,315.86431884765625,3637.0,10.0,95.70874786376952,177.4802074432373,213.02667880058289,349.68026304244995,620.0422768592834,13.58379833919834,28.0,96.25,True,1,landslide_event
,38.0,27.677344155306432,95.30830252456052,2010-07-06,115.39289093017578,0.3951613306999206,66.80973815917969,3637.0,60.0,3.3955867290496826,17.843066930770874,29.66975773125887,103.77088544517756,281.77122566848993,9.93477159950597,27.75,95.25,True,0,background
256.0,,25.72,94.6219,2015-08-02,1682.0732421875,49.365989685058594,188.25425720214844,4276.0,10.0,1.3096506595611572,16.928996801376343,21.054461002349854,128.91430187225342,290.63683223724365,12.61516203119425,25.75,94.5,True,1,landslide_event
,123.0,25.29927502448702,90.59274699561011,2011-06-29,140.13702392578125,19.3603572845459,118.40477752685548,3814.0,10.0,1.310154676437378,26.099391222000122,159.78648401796818,244.39774252474308,381.12651589512825,10.72812884540318,25.25,90.5,True,0,background
,300.0,25.886748284570523,92.42123540103007,2020-07-01,665.000244140625,27.33307647705078,346.1883850097656,3814.0,10.0,6.320080280303955,10.1624014377594,162.25864434242249,225.51183235645294,333.55520705878735,14.814153899884428,26.0,92.5,True,0,background
294.0,,26.1665,91.7049,2013-10-06,233.6174774169922,16.18215560913086,180.17938232421875,3650.0,10.0,29.88486099243164,43.298959732055664,47.603585720062256,123.854110121727,175.0934333205223,10.327544074075128,26.25,91.75,True,1,landslide_event
,265.0,26.69121500266796,94.94585086779462,2014-09-22,426.9829711914063,15.998947143554688,115.5353012084961,4276.0,10.0,25.92937660217285,70.58947372436523,91.37228155136108,143.14011651277542,262.1705707758665,8.462346349142473,26.75,95.0,True,0,background
,248.0,26.36922639244976,89.17759560832673,2012-06-25,51.64142227172852,0.307250827550888,189.8984375,3703.0,40.0,119.1610870361328,174.37845134735107,224.71615409851074,868.215784072876,1199.982994377613,15.068256873015978,26.25,89.25,True,0,background
,8.0,24.31180129246014,88.82387139765449,2014-07-14,19.257080078125,4.526947498321533,333.6733703613281,3709.0,10.0,4.27513313293457,9.862087726593018,42.76036587357521,191.79607620835304,302.7580116093159,32.95004812346104,24.25,88.5,True,0,background
40.0,,25.6682,94.1099,2011-06-28,1434.0286865234375,17.302640914916992,67.99267578125,4276.0,10.0,18.798561096191406,97.73524808883668,114.04740661382677,156.06910187005997,288.73304837942123,14.25502564121611,25.75,94.0,True,1,landslide_event
235.0,,26.4205,94.9731,2013-08-30,662.717041015625,16.386865615844727,181.85009765625,4301.0,30.0,4.2091827392578125,17.420373916625977,31.5597475618124,162.23161302506924,371.4166620820761,9.248134576396618,26.5,95.0,True,1,landslide_event
329.0,,26.1699,94.4922,2016-07-11,1172.01806640625,31.737802505493164,318.75311279296875,4276.0,10.0,5.91382360458374,24.32512986660004,83.93421518802643,161.56661361455917,313.11005198955536,8.950643858072473,26.25,94.5,True,1,landslide_event
,125.0,24.948468098884188,94.24564771726918,2011-08-13,1617.9873046875,19.330665588378903,78.48773193359375,4301.0,30.0,44.6630859375,44.6630859375,56.49906677007675,66.33580341935158,166.77863362431526,5.736413210674815,25.0,94.25,True,0,background
,107.0,26.940025671966985,91.57931609688018,2015-08-27,2094.9697265625,31.50166893005371,308.998046875,3651.0,10.0,2.560544490814209,25.29499864578247,74.45626531541348,220.148260101676,260.620938077569,10.325286053371947,27.0,91.5,True,0,background
,73.0,24.25967807954988,94.71461819628634,2010-10-08,119.56959533691406,0.1315324455499649,107.01534271240234,4282.0,40.0,35.57999038696289,92.81214380264282,92.81214380264282,122.8041373938322,192.44507733732462,46.24606418450509,24.25,94.25,True,0,background
,55.0,27.71964290441296,93.24837043093916,2010-10-09,2026.71875,17.023874282836914,314.25048828125,11909.0,10.0,13.523138046264648,14.733835935592651,19.328566312789917,174.48975563049316,434.0925016403198,3.3735370645729685,27.75,93.25,True,0,background
9.0,,25.5215,93.1645,2009-08-20,270.9970092773437,6.731748104095459,119.65299224853516,4276.0,10.0,2.442675828933716,8.788684248924255,46.95514380931854,117.19757667183876,173.19814524054527,8.861844711415964,25.5,93.25,True,1,landslide_event
269.0,,23.7365,92.7146,2010-08-06,1028.4278564453125,39.21456909179688,261.27880859375,7001.0,50.0,40.94890213012695,56.952598094940186,124.14165353775024,294.6467547416687,451.1870174407959,3.8391277218722126,23.75,92.75,True,1,landslide_event
,95.0,27.24959639071477,90.31430559776126,2015-09-05,2307.368408203125,38.695533752441406,294.6297302246094,3651.0,10.0,21.18157768249512,114.06572914123535,322.7811870574951,407.777957201004,1141.545837804675,28.434572287099336,27.0,90.25,True,0,background
,295.0,27.7636486019711,89.17710906776733,2015-08-01,4511.8447265625,9.321901321411133,192.6759185791016,11727.0,30.0,3.045074462890625,17.449511736631393,32.60992231965065,176.76277402043343,440.02603581547737,42.52809118146709,27.75,88.75,True,0,background
,139.0,27.90119127966438,92.00052808964746,2013-09-01,4470.97412109375,35.48833084106445,283.2216491699219,11705.0,30.0,2.184325933456421,11.10754656791687,146.29572176933289,157.64583879709244,361.9620078802109,10.967893846108282,28.0,92.0,True,0,background
228.0,,26.1965,91.763,2010-04-20,96.65662384033205,9.91713809967041,137.4087371826172,3650.0,50.0,28.944425582885746,85.79954528808594,119.32504653930664,127.25461696088314,202.7015015333891,6.095285829731352,26.25,91.75,True,1,landslide_event
79.0,,26.0814,94.803,2010-08-14,947.626220703125,37.372291564941406,32.140419006347656,4276.0,10.0,12.533965110778809,25.197931051254272,45.82864475250244,145.9630540907383,329.8034137189388,10.492147011648164,26.0,94.75,True,1,landslide_event
,306.0,26.116108834812295,88.84191159819878,2015-08-01,50.63019561767578,1.1443397998809814,76.6540756225586,3703.0,10.0,0.0,0.0,0.0,51.709381222724915,218.03028243780136,17.45067754632624,26.25,88.75,True,0,background
,271.0,25.093224172136576,90.09163981296354,2013-07-15,15.83862590789795,1.1417813301086426,74.04576873779297,3707.0,40.0,1.8110045194625852,8.85457968711853,41.84266114234924,127.14689779281616,331.74573335051537,23.476699172719208,25.25,90.25,True,0,background
29.0,,24.9925,93.5,2009-08-20,1213.68408203125,21.690649032592773,65.05585479736328,4301.0,50.0,5.58575963973999,9.435453534126282,95.89020216464996,128.2826610803604,207.5699042826891,0.8349000000002889,25.0,93.5,True,1,landslide_event
,215.0,25.27538041924272,88.77736051111145,2011-07-11,23.78892707824707,0.9681410789489746,178.80838012695312,3707.0,40.0,0.460820734500885,152.82034307718277,194.2624310851097,439.3576315045357,447.576181024313,3.9178278372613704,25.25,88.75,True,0,background
,41.0,26.37730506126107,94.09366578206956,2016-04-22,105.77986907958984,3.7439703941345215,109.94335174560548,3637.0,10.0,62.91832733154297,150.02403259277344,208.6611361503601,241.26602232456207,302.98662546277046,16.503147885353123,26.5,94.0,True,0,background
364.0,,25.14435,93.94715,2017-06-04,1257.6201171875,15.882923126220703,155.53907775878906,4276.0,30.0,16.5528564453125,36.87479782104492,120.78648376464844,146.17793165147305,209.18479044735432,12.889426496568872,25.25,94.0,True,1,landslide_event
215.0,,25.583,91.893,2015-09-23,1445.709716796875,13.912297248840332,239.4311370849609,3646.0,50.0,64.58702850341797,104.67656517028809,158.76280546188354,230.82746994495392,572.7589026689529,14.120623515727091,25.5,92.0,True,1,landslide_event
,117.0,28.83080979761198,93.31944684630908,2013-08-01,4242.08447265625,16.28433609008789,95.35515594482422,11727.0,30.0,0.0,0.0,0.0,0.0,0.0,11.32320023928431,28.75,93.25,True,0,background
321.0,,26.7223,95.0243,2016-04-19,694.5234985351562,16.726797103881836,28.643535614013672,4276.0,50.0,37.478614807128906,84.77340984344482,102.71471762657166,319.82457399368286,362.67039024829865,3.922901648811824,26.75,95.0,True,1,landslide_event
,82.0,26.75073946304971,95.7006390657881,2010-06-28,816.72607421875,30.60249900817871,262.5022277832031,4276.0,10.0,14.227904319763184,58.85437297821045,111.8438458442688,202.59427165985107,449.7193372249603,28.100533886783126,27.0,95.75,True,0,background
252.0,,25.5084,90.2191,2015-06-16,321.0578308105469,24.32272148132324,308.30438232421875,3814.0,10.0,16.179718017578125,41.478515684604645,287.398043692112,533.7328577637672,995.1748757958412,3.2223446207224344,25.5,90.25,True,1,landslide_event
304.0,,25.2269,93.1658,2010-06-15,394.0172424316406,3.3200032711029053,312.7441101074219,4276.0,40.0,18.79496955871582,43.38160037994385,82.17159779369831,176.35651750862598,285.9080247431993,8.787462798543766,25.25,93.25,True,1,landslide_event
,188.0,25.58017371132385,93.74098251118627,2016-07-19,752.471923828125,12.967930793762209,77.6561508178711,4276.0,10.0,0.0,14.310218811035156,91.14404201507568,165.34109604358673,280.882552459836,8.944406136374845,25.5,93.75,True,0,background
105.0,,25.6278,94.1051,2015-08-19,1512.023193359375,7.67141056060791,50.47274398803711,4276.0,60.0,2.4875473976135254,3.4672278612852097,17.141565546393394,85.37979339063168,157.13251267373562,17.17728072780438,25.75,94.0,True,1,landslide_event
28.0,,25.31006064,94.48265093,2010-08-15,1534.9505615234375,29.56004524230957,126.68748474121094,4276.0,30.0,14.80260181427002,36.397499084472656,46.37282237410545,111.34195178747176,345.86844208836555,6.906485812219305,25.25,94.5,True,1,landslide_event
205.0,,27.0875,88.6556,2015-06-30,2188.75927734375,5.467228889465332,60.57899856567383,3662.0,10.0,29.562604904174805,49.27011966705322,86.91372314095497,191.38436925411224,677.4105678796768,13.550907390065642,27.0,88.75,True,1,landslide_event
46.0,,26.8716,94.9921,2010-07-20,278.34490966796875,16.843189239501953,164.58840942382812,3637.0,10.0,16.527761459350586,88.61874580383301,148.33645629882812,283.46459889411926,577.3350915908813,13.55945090840946,26.75,95.0,True,1,landslide_event
67.0,,26.1147,94.3864,2013-07-01,338.0,10.04387378692627,270.0,4276.0,10.0,4.990725517272949,22.503785967826843,55.73860132694245,76.02569288015366,149.1478509157896,17.07497682613679,26.0,94.5,True,1,landslide_event
69.0,,24.9818,93.5142,2015-07-24,1248.3367919921875,20.4340934753418,313.0307922363281,4301.0,10.0,19.65703773498535,41.38637924194336,151.87174129486084,204.004568785429,388.4299704283476,2.472436111456367,25.0,93.5,True,1,landslide_event
,301.0,23.568458703549044,90.60253430406487,2013-09-24,3.0611565113067627,0.4631798863410949,289.2477111816406,3707.0,40.0,0.0,0.0,0.0,0.0,0.0,44.38888707312491,23.75,91.0,True,0,background
90.0,,25.3833,94.1884,2013-08-15,1685.0491943359375,8.240832328796387,146.5194091796875,4276.0,10.0,14.12753677368164,53.13920831680298,72.66202236711979,168.3562185317278,280.38825556635857,14.372122078437448,25.5,94.25,True,1,landslide_event
,224.0,25.79780552114922,90.48790951364586,2010-09-10,216.59759521484372,27.278533935546875,229.7401428222656,3814.0,10.0,156.9263458251953,160.38024753332138,180.10782605409622,216.61209979653358,496.6770333349705,5.44109268430404,25.75,90.5,True,0,background
,98.0,26.59464056864564,94.5043561069736,2015-06-09,293.32550048828125,16.646879196166992,171.388916015625,4276.0,10.0,15.22734260559082,23.52731442451477,67.64374738931656,129.31614726781845,290.39625293016434,10.514042444747615,26.5,94.5,True,0,background
30.0,,28.9205,95.3429,2014-06-26,4057.804443359375,28.4505615234375,247.92762756347656,11727.0,30.0,0.0,2.1459378004074097,25.85199612379074,63.48784154653549,152.36789017915726,12.81690914313935,29.0,95.25,True,1,landslide_event
,226.0,25.83637887188325,91.60238065618547,2010-08-14,469.0908508300781,12.226112365722656,73.02989196777344,3647.0,10.0,39.47585678100586,48.59074401855469,63.43050253391266,94.64769646525383,243.96095037460327,13.990050628260615,25.75,91.5,True,0,background
,70.0,28.226889317629677,91.35994298285551,2012-06-14,5177.11376953125,22.25964736938477,124.91314697265624,11765.0,60.0,100.40821075439452,272.99568939208984,272.99568939208984,591.7525539398193,707.6589115858078,28.78379849464144,28.0,91.5,True,0,background
,305.0,27.942031278778018,93.86800589424246,2015-07-22,1274.984375,18.58241081237793,64.66127014160156,11790.0,10.0,2.9188437461853027,19.948689937591553,20.785069823265076,93.9140876531601,287.7749188840389,13.39000778099172,28.0,93.75,True,0,background
,232.0,25.767084338566992,91.4902006386188,2016-05-18,580.07568359375,15.474212646484377,234.81480407714844,3647.0,10.0,18.443323135375977,41.828036308288574,88.26815700531006,124.3895636126399,175.89866299182177,2.1323815175440344,25.75,91.5,True,0,background
78.0,,23.75406693,92.74128531,2010-09-13,978.6586303710938,30.205677032470703,80.6833267211914,3665.0,50.0,10.891241073608398,40.28853797912598,63.73694133758545,228.87560510635376,402.4348909854889,0.9804705011325304,23.75,92.75,True,1,landslide_event
,64.0,27.77863880192237,93.52725006149176,2012-06-03,1124.3389892578125,42.254432678222656,332.7762145996094,11839.0,10.0,28.5236930847168,40.90591526031494,124.26004791259766,269.8316600769758,395.377273902297,4.1783170504594045,27.75,93.5,True,0,background
129.0,,26.0481,94.4619,2013-08-04,866.9505615234375,28.4879207611084,260.92303466796875,4276.0,10.0,0.0,18.91439390182495,33.29331022500992,89.19215831160545,297.03666266798973,6.567146687435239,26.0,94.5,True,1,landslide_event
,69.0,23.10805519363913,93.22568843092748,2010-06-07,808.884521484375,13.356791496276855,321.1668701171875,4301.0,30.0,7.318839073181152,27.70831871032715,72.13346219062805,249.8127634525299,401.2326154410839,15.940519061127587,23.25,93.25,True,0,background
4.0,,25.7658,93.9413,2013-07-17,799.3491821289062,34.972633361816406,205.96563720703125,4276.0,50.0,3.1867330074310303,7.520715475082397,80.75746488571167,260.34321188926697,342.0514198988676,6.116354106238158,25.75,94.0,True,1,landslide_event
330.0,,25.48,94.1383,2016-07-25,1701.351318359375,15.59140682220459,136.51828002929688,4276.0,50.0,2.643849372863769,10.228721380233765,27.057406425476078,124.5474202632904,292.1579529345036,11.367336006452508,25.5,94.25,True,1,landslide_event
81.0,,24.8669,92.3576,2014-05-09,17.723207473754883,0.5171462893486023,97.62651824951172,3708.0,50.0,53.40251159667969,145.59080123901367,175.52205066382885,238.492841526866,248.62414495646956,16.87160535739208,24.75,92.25,True,1,landslide_event
,96.0,28.96396101889179,94.97719092958144,2015-08-01,901.6116943359376,23.47171974182129,296.99755859375,11790.0,10.0,1.0298036336898804,13.188239574432375,13.51005318760872,87.74487164616585,302.15214985609055,4.599365712880372,29.0,95.0,True,0,background
,39.0,24.962600529406693,89.05745101752785,2013-07-17,17.410123825073242,3.2775967121124268,2.7381081581115723,3705.0,40.0,0.0,14.223764419555664,67.42944769561291,119.75521962344646,242.2472159266472,44.2005978491419,25.25,88.75,True,0,background
,316.0,25.074867911687825,93.7736523668645,2013-05-12,1457.2515869140625,32.074851989746094,39.74892425537109,4301.0,10.0,11.684067726135254,46.014445304870605,120.84759998321533,205.54743379354477,252.1980555355549,8.637200839082727,25.0,93.75,True,0,background
63.0,,27.8776,94.25,2013-06-01,931.5346069335938,38.28877258300781,151.0821533203125,11790.0,10.0,4.187518119812012,27.170024871826172,42.83531868457795,96.83439362049104,269.8711263537407,13.62556799999993,28.0,94.25,True,1,landslide_event
,72.0,27.56769505436204,92.76286886894948,2015-06-30,1926.915283203125,26.70143318176269,188.1388092041016,11790.0,10.0,0.0,9.785882532596588,39.4685497879982,104.89420396089554,306.07993918657303,7.62248734367291,27.5,92.75,True,0,background
,183.0,23.57644427313268,91.1759657349588,2016-07-11,15.56897258758545,5.209686279296875,180.7236175537109,3636.0,10.0,5.374691963195801,11.57151985168457,44.51939272880554,171.61972975730896,236.3978687003255,11.237175457038395,23.5,91.25,True,0,background
190.0,,23.7131,92.7362,2015-06-19,883.6295776367188,8.855734825134277,70.08084106445312,3665.0,10.0,6.217409133911133,91.41976881027222,103.04235965013504,187.69545590877533,279.57317930459976,4.332423038417873,23.75,92.75,True,1,landslide_event
,78.0,25.52697896611519,89.03656355308517,2011-09-06,32.46798324584961,0.4292817711830139,140.27059936523438,3705.0,40.0,0.0,8.233489036560059,8.70541363954544,46.14887198805809,264.8381015956402,28.67240318469295,25.5,88.75,True,0,background
,203.0,26.418933616644495,93.3919191014476,2010-07-29,761.26708984375,12.259746551513672,246.8202667236328,4412.0,10.0,2.223695516586304,12.293017625808716,75.5786372423172,161.81491494178772,347.35237477719784,14.022860014869467,26.5,93.5,True,0,background
159.0,,27.1032,93.6884,2011-07-19,150.3795928955078,1.9931442737579343,32.07267761230469,7001.0,50.0,50.41462707519531,60.492212653160095,175.24139153957367,241.137209713459,433.3632103204727,13.029580173656578,27.0,93.75,True,1,landslide_event
,152.0,22.72295115602533,93.4452097440595,2015-06-24,1597.063720703125,20.88618850708008,214.6125640869141,4301.0,10.0,31.78360939025879,69.68986701965332,169.036670088768,273.17494106292725,299.36867590248585,44.40389644529107,22.75,93.0,True,0,background
246.0,,25.2745,94.0212,2010-10-08,1075.6785888671875,17.817461013793945,153.39553833007812,4276.0,50.0,56.53958511352539,90.1066083908081,95.95358610153198,160.28423690795898,278.0883677005768,3.451728976146817,25.25,94.0,True,1,landslide_event
280.0,,27.7344,88.633,2011-08-25,3494.92578125,27.95033836364746,123.51553344726562,3717.0,10.0,5.8755784034729,27.652955055236816,67.17195880413055,178.60895669460297,395.6886729001999,11.804525931790447,27.75,88.75,True,1,landslide_event
,304.0,26.55665019363767,93.47218560099564,2010-08-14,249.5445709228516,24.577110290527344,150.73089599609375,4412.0,10.0,3.5657780170440674,47.54473328590393,62.01943230628967,110.40215361118317,272.86029052734375,6.870348479246769,26.5,93.5,True,0,background
196.0,,25.1604,93.6795,2012-03-04,1100.0721435546875,22.64996719360352,301.0080871582031,4301.0,10.0,0.0,0.0,0.0,0.0,8.517873764038086,12.20596852181557,25.25,93.75,True,1,landslide_event
,298.0,28.15048366017247,94.8322853146043,2013-08-11,328.8832397460937,2.7937116622924805,335.3144836425781,11775.0,10.0,0.1922063827514648,0.409905582666397,43.87631312012672,59.56549394130706,163.160569190979,13.750134525968035,28.25,94.75,True,0,background
,175.0,27.511941915832743,96.31649543273288,2010-10-09,289.0686950683594,0.6499486565589905,36.69888687133789,3637.0,30.0,15.797372817993164,16.244841396808624,17.690214693546295,45.022254914045334,214.6303816139698,6.748346009649965,27.5,96.25,True,0,background
,289.0,22.46604388100408,92.81374214446006,2011-05-22,233.1454315185547,27.346622467041016,172.13868713378906,4301.0,10.0,0.0,0.0,0.0,0.0,0.0,7.378261702365959,22.5,92.75,True,0,background
86.0,,26.1314,91.7548,2014-09-22,77.03489685058594,7.658712387084961,303.1128234863281,3814.0,40.0,90.21906280517578,112.94345903396606,128.25892797112465,215.2935097515583,289.26680713891983,13.211239101379611,26.25,91.75,True,1,landslide_event
,79.0,27.08903969817071,97.29487841833551,2012-06-03,2132.4736328125,22.830883026123047,341.9681396484375,4282.0,10.0,0.0,0.0,0.0,0.0,0.0,34.3544196530385,27.25,97.0,True,0,background
,105.0,28.66939300061813,93.87264634986498,2011-07-22,3659.720947265625,8.192322731018066,74.20185852050781,11004.0,10.0,85.5999984741211,97.99999713897705,488.3999786376953,821.3999633789062,1380.3999363780022,15.132832723776666,28.75,93.75,True,0,background
,219.0,22.95329747824091,91.26322985405608,2011-07-19,4.726126670837402,0.7277580499649048,209.55914306640625,3707.0,40.0,4.7966814041137695,29.42316246032715,39.47468888759613,72.73395910859108,350.01197255402803,24.12427231551658,23.0,91.5,True,0,background
,168.0,24.63345388888044,92.86687606440168,2014-09-22,21.6162166595459,1.01405668258667,83.92041015625,3701.0,40.0,0.0,28.98593044281006,96.25459957122803,302.4622309207916,468.72852662205696,17.395904480660654,24.75,92.75,True,0,background
158.0,,27.1954,88.6115,2009-09-17,478.9856262207031,13.082609176635742,137.0054473876953,3662.0,10.0,47.973899841308594,68.90163958072662,84.53075763583183,229.94487926363945,494.12554144859314,12.679032013668987,27.25,88.5,True,1,landslide_event
,137.0,22.731717972111944,92.23755172564492,2014-09-22,226.91624450683597,13.250765800476074,191.60353088378903,6997.0,10.0,1.0940377712249756,29.85875964164734,162.66240191459656,373.4185197353363,665.7912752628326,26.194628677133394,22.75,92.5,True,0,background
268.0,,26.7215,95.0283,2010-07-19,727.4697265625,17.821475982666016,8.26441478729248,4276.0,50.0,43.551300048828125,94.09831047058104,165.93157386779785,286.0481045246124,583.5468263626099,4.247554293479214,26.75,95.0,True,1,landslide_event
2.0,,27.8385,88.556,2012-09-19,3810.72802734375,17.237892150878906,202.5615692138672,3717.0,10.0,35.85348892211914,61.01907730102539,144.07147789001465,211.96603256464005,364.8764150738716,11.326531464713163,27.75,88.5,True,1,landslide_event
234.0,,24.416,94.0984,2015-08-01,1394.78759765625,21.55358123779297,299.9535522460937,4301.0,10.0,87.39673614501953,125.80645084381104,144.2682421207428,302.71954679489136,387.9936159849167,13.559838482347304,24.5,94.0,True,1,landslide_event
335.0,,26.1963,91.8074,2016-07-14,170.9136199951172,15.63372039794922,118.5219497680664,3650.0,10.0,5.463315010070801,9.630594402551653,39.199520498514175,82.15285256505013,157.0204013288021,8.27938238549077,26.25,91.75,True,1,landslide_event
,144.0,22.538478567700345,92.48566369108713,2013-05-07,298.2340393066406,36.45602035522461,83.33001708984375,3665.0,10.0,77.59724426269531,146.7102870941162,171.75482940673828,186.91869854927063,216.22997117042542,4.503068884053525,22.5,92.5,True,0,background
,151.0,28.82624773480381,92.75589001702755,2010-07-21,4423.13232421875,34.74678039550781,239.14952087402344,11727.0,30.0,42.60288238525391,96.56318855285645,143.18921494483948,401.6610682159662,613.6009339988232,43.605896933384955,28.5,93.0,True,0,background
,42.0,27.30129380384521,97.15812927436974,2010-07-29,1732.721435546875,41.3967170715332,145.68299865722656,4362.0,10.0,4.5,10.499999821186066,39.900000154972076,268.29999405145645,365.9999902844429,16.733657697919266,27.25,97.0,True,0,background
48.0,,27.3702,88.7334,2010-09-04,3523.580078125,3.187097549438477,286.8574523925781,3717.0,30.0,9.774760246276855,35.791534185409546,58.56629776954651,419.2523229122162,821.6442582607269,13.482823073000516,27.25,88.75,True,1,landslide_event
204.0,,25.7713,93.8067,2011-08-13,237.25320434570312,6.35941743850708,39.83789443969727,4276.0,10.0,40.099891662597656,43.07702344655991,73.5117124915123,103.12028765678406,240.3707685470581,6.135130620475073,25.75,93.75,True,1,landslide_event
,106.0,23.87167886519917,92.49302617034432,2013-06-01,745.1949462890625,11.65878963470459,222.63011169433597,3665.0,10.0,0.869986891746521,14.134003758430481,38.298818707466125,59.901217579841614,427.654578179121,13.524170066465707,23.75,92.5,True,0,background
,118.0,26.44123246819357,94.4471301946357,2011-06-20,522.2227783203125,29.5554141998291,72.61568450927734,4276.0,10.0,8.671316146850586,11.269039869308472,18.03079468011856,103.98220974206924,252.22770285606384,8.380352339050612,26.5,94.5,True,0,background
,326.0,25.965440360921114,90.75187299393409,2015-08-22,53.06816101074219,0.3109254240989685,258.0604858398437,3648.0,40.0,2.8453807830810547,167.96479606628418,324.57912135124207,362.2566944658756,421.28832122683525,3.8406449235438327,26.0,90.75,True,0,background
34.0,,25.5145,90.2023,2015-08-18,316.58819580078125,0.4093584716320038,2.702026844024658,3814.0,10.0,28.85296440124512,66.74810600280762,108.02942180633544,186.8994057774544,275.4514391720295,5.026474736438598,25.5,90.25,True,1,landslide_event
,220.0,22.596480268606037,92.1405530925008,2013-08-04,110.59896087646484,29.352996826171875,270.0334167480469,6997.0,10.0,13.899999618530272,24.859957218170166,49.074028730392456,178.86681842803955,398.34951317310333,37.33694818343237,22.5,92.5,True,0,background
341.0,,27.0136,92.6351,2016-07-01,228.27194213867188,4.294306755065918,155.18844604492188,11775.0,50.0,30.224510192871094,60.00020885467529,79.76985478401184,195.6766355037689,327.6976330280304,11.566032814601336,27.0,92.75,True,1,landslide_event
,88.0,24.994170439018703,89.01102930640562,2014-05-09,18.292707443237305,3.1575632095336914,92.87689208984376,3705.0,10.0,0.0,0.6041461825370789,1.1910638809204102,44.92654514312744,45.280336290597916,38.48479616086839,25.25,88.75,True,0,background
222.0,,23.7281,92.7175,2013-05-11,1080.629638671875,3.915915966033936,165.46482849121094,7001.0,50.0,24.61383628845215,74.89123153686523,158.64895343780518,196.24268579483032,218.83048433065412,4.057433785935599,23.75,92.75,True,1,landslide_event
192.0,,25.1416,92.3807,2015-08-19,154.7435760498047,11.907132148742676,108.38583374023438,3708.0,10.0,16.688932418823242,29.72620248794556,41.19041609764099,130.61284382641315,313.4857256859541,16.95164897303269,25.25,92.5,True,1,landslide_event
,264.0,27.208275394815768,90.06766872257984,2015-07-22,619.4727172851562,47.23527908325195,50.11663818359375,3662.0,10.0,7.639058113098144,37.283318519592285,104.54559803009033,209.60245543718338,534.6100622415543,24.07924449957438,27.0,90.0,True,0,background
,33.0,25.095661382772896,91.39343702748468,2015-08-01,6.284634590148926,1.373475432395935,327.7719116210937,3649.0,90.0,102.14591217041016,116.40032768249512,117.01160636544228,610.887908488512,1240.6934448480606,20.147829135275536,25.25,91.5,True,0,background
,251.0,22.58617104914041,93.45291155127876,2018-05-21,1786.4267578125,30.06441307067871,316.2813720703125,4301.0,30.0,22.474145889282227,38.683244705200195,40.1893624663353,238.23683482408524,251.28865617513657,46.07248752077728,22.5,93.0,True,0,background
139.0,,27.5509,88.6475,2010-07-21,1410.63623046875,49.52345657348633,212.1207275390625,3662.0,10.0,54.78919219970703,100.81463623046876,204.7011785507202,391.54718923568726,710.663156747818,11.693554559509275,27.5,88.75,True,1,landslide_event
131.0,,27.1748,88.6458,2012-06-07,938.9389038085938,15.19566535949707,244.69113159179688,3662.0,10.0,2.1644363403320312,19.3848614692688,65.17903319001198,137.8069117963314,224.80677047371864,13.34957473310815,27.25,88.75,True,1,landslide_event
,97.0,25.6029022630492,88.67241514090426,2010-08-27,33.09661865234375,0.1324274688959121,22.3540153503418,3705.0,40.0,0.6173506379127502,2.534843623638153,77.74408459663391,173.51462051272392,246.77564013004303,13.786577209099253,25.5,88.75,True,0,background
,90.0,25.857394998360125,94.1042220992044,2015-08-20,1213.4886474609375,26.75748062133789,221.6772918701172,4276.0,10.0,7.745830059051514,11.066836953163147,20.286609396338463,87.41001771390438,157.8685341924429,15.800773706192976,25.75,94.0,True,0,background
323.0,,26.09748244,91.8744337,2016-07-19,205.76043701171875,17.583864212036133,334.7571716308594,3814.0,10.0,20.46379470825196,56.13058853149415,72.03215861320496,108.52735590934752,192.120580971241,16.491380562708336,26.0,91.75,True,1,landslide_event
275.0,,26.1964,91.7652,2014-06-28,87.89129638671875,24.25786590576172,33.33564376831055,3650.0,10.0,29.11067581176757,48.350838452577584,122.44517043232918,155.46632416546345,233.8719801455736,6.156549042253245,26.25,91.75,True,1,landslide_event
,25.0,28.714032960954377,97.11599761825848,2011-06-28,3529.253173828125,12.84598159790039,296.9156799316406,11727.0,10.0,0.0,0.0,0.0,0.0,0.0,26.41329443106057,28.5,97.0,True,0,background
,110.0,27.99902808072877,93.18247603266512,2013-02-18,1863.98974609375,19.3557243347168,282.3814697265625,11864.0,10.0,7.49111795425415,8.008956968784332,8.008956968784332,8.008956968784332,9.888906300067902,6.72009295714994,28.0,93.25,True,0,background
315.0,,24.0896,91.4663,2013-05-08,115.96711730957033,8.775213241577148,359.3273620605469,3665.0,10.0,131.0623016357422,216.97248458862305,344.22278022766113,406.40288066864014,461.0527119636536,10.525997906160184,24.0,91.5,True,1,landslide_event
,279.0,26.61422537901469,91.67869046748864,2010-08-14,69.56409454345703,3.1132261753082275,23.69331932067871,3650.0,40.0,0.0,43.37726402282715,49.43872690200806,83.65191546082497,192.487201243639,14.52961146889489,26.5,91.75,True,0,background
,143.0,25.707780574074956,91.0456487132784,2015-09-01,794.1651611328125,5.573641300201416,166.83660888671875,3647.0,10.0,47.12301254272461,217.69716262817383,302.48050582408905,1007.2483932971954,1320.3261077404022,6.526542938532551,25.75,91.0,True,0,background
,93.0,27.796713153211435,92.93554020061904,2010-06-28,1829.8515625,38.1059799194336,214.6988525390625,11839.0,10.0,17.482046127319336,37.82928466796875,72.81703066825867,149.92470318078995,383.43272906541824,8.24798919199856,27.75,93.0,True,0,background
,253.0,28.021916968162078,96.87257206783984,2010-09-16,3818.028564453125,37.39944076538086,357.65545654296875,11004.0,30.0,1.8211350440979004,69.58969449996948,95.96168340742588,261.899143114686,386.14162424206734,12.437248074476926,28.0,96.75,True,0,background
127.0,,26.1662,91.7138,2013-05-11,138.12319946289062,23.48808860778809,89.54366302490234,3650.0,50.0,18.460617065429688,50.2480673789978,63.19849902391434,98.04024106264114,149.67839747667313,10.003697889093802,26.25,91.75,True,1,landslide_event
,187.0,23.49458840316524,91.54153573847564,2013-09-08,82.08659362792969,5.4337568283081055,216.5745086669922,3636.0,10.0,10.020355224609377,25.179394006729126,114.29182577133179,190.01366567611694,322.7214894890785,4.176592086706399,23.5,91.5,True,0,background
,22.0,22.850736335245,93.08774255986722,2013-08-17,682.1798706054688,14.59104824066162,241.2232818603516,4301.0,10.0,10.951200485229492,98.86871147155762,154.56643199920654,263.78295731544495,404.840901479125,14.186761837995196,22.75,93.0,True,0,background
355.0,,25.515916666666666,94.1365277777778,2020-07-01,1698.6575927734375,15.16800594329834,22.56951904296875,4276.0,10.0,4.016603946685791,28.089191436767575,56.48307752609253,144.51053535938263,225.88773614168167,11.46181305607306,25.5,94.25,True,1,landslide_event
,153.0,26.42419560468214,89.17429526633522,2014-06-27,57.10541534423828,9.808257102966309,51.21744537353516,3683.0,10.0,17.314069747924805,117.08506873250006,201.74921467900276,280.07323184609413,892.5100760757923,11.293831164367171,26.5,89.25,True,0,background
286.0,,25.1775,93.0123,2012-06-03,668.3739013671875,19.087387084960938,331.8041076660156,4276.0,10.0,20.120386123657227,70.54337728023529,91.8042547404766,115.0454795062542,188.92101421952248,8.163511581893113,25.25,93.0,True,1,landslide_event
,225.0,24.61645489034798,91.6969605070908,2013-05-11,6.966650009155273,0.464027464389801,262.8232421875,3707.0,40.0,41.95719528198242,124.51279640197754,330.309006690979,521.2627781033516,579.8551910668612,13.962463583496946,24.5,91.75,True,0,background
26.0,,25.5125,93.3613,2011-06-29,308.4480895996094,6.186566352844238,181.83233642578125,4255.0,10.0,4.690903186798096,71.93943452835083,104.75599998235704,171.9670199751854,316.5112116932869,11.194078130551627,25.5,93.25,True,1,landslide_event
101.0,,28.1193,95.1645,2013-02-18,782.773681640625,35.69247817993164,220.4382781982422,11790.0,10.0,11.540975570678713,13.81069588661194,13.81069588661194,13.81069588661194,20.18699741363525,15.785280062496316,28.0,95.25,True,1,landslide_event
156.0,,25.0634,94.3415,2015-07-31,1781.6500244140625,36.002079010009766,275.1668395996094,4301.0,10.0,31.86587905883789,40.77938199043274,57.60056030750275,217.00707352161407,325.11753380298615,11.54086749380466,25.0,94.25,True,1,landslide_event
,68.0,28.87289807816781,93.0260472283132,2010-04-21,3576.85546875,31.00588607788086,348.1512145996094,11909.0,30.0,0.0,0.0,0.0,0.0,0.0,26.129076614757906,28.75,93.25,True,0,background
,174.0,22.237757710328705,93.09383701774324,2010-06-17,1532.53369140625,34.45263671875,57.72176742553711,4301.0,10.0,15.90500545501709,38.46987199783325,179.6098107099533,227.8396423459053,516.33965665102,9.435967526663791,22.25,93.0,True,0,background
237.0,,25.8782,94.1739,2011-07-01,1350.1361083984375,22.48882484436035,38.70321273803711,4276.0,10.0,2.272146701812744,11.22082233428955,87.99057722091675,132.0253351330757,269.8615691065788,15.540786743310417,26.0,94.25,True,1,landslide_event
,45.0,28.3533539717011,96.40512145533464,2010-08-06,3270.7197265625,38.57942581176758,345.0438232421875,11909.0,10.0,0.4621357321739197,50.210308492183685,156.92921060323715,233.8215735256672,542.8436180055141,14.857678409840688,28.25,96.5,True,0,background
356.0,,27.398666666666667,88.62358333333333,2020-05-24,1732.437255859375,41.680152893066406,177.45468139648438,3662.0,10.0,62.83584976196289,88.2045373916626,135.23477029800415,196.23695731163025,271.2232459187508,16.713851781037494,27.5,88.5,True,1,landslide_event
33.0,,25.9703,91.8584,2015-09-06,285.7799377441406,5.6393232345581055,120.71436309814452,3814.0,10.0,5.514796257019043,8.982629418373108,89.4851964712143,156.06373628228903,413.82509852200747,11.311799668078466,26.0,91.75,True,1,landslide_event
322.0,,27.6438,93.871,2016-06-12,1718.238037109375,34.03382110595703,277.4131774902344,11839.0,10.0,20.73471641540528,21.8841679096222,56.584103286266334,67.11356341838837,424.5136216878891,16.899001309202365,27.75,93.75,True,1,landslide_event
284.0,,23.9278,94.0906,2015-08-01,936.3826904296876,14.197311401367188,63.31035614013672,3689.0,10.0,87.59803771972656,126.09715604782104,144.59679210186005,302.9975036382675,388.00014185905457,12.097384419393254,24.0,94.0,True,1,landslide_event
,74.0,25.12592045095792,89.82098179039767,2015-02-14,18.33708953857422,1.4922053813934326,57.316871643066406,3707.0,10.0,0.0,0.0,0.0,0.0,0.5519298017024994,42.119303934614216,25.5,89.75,True,0,background
64.0,,26.1475,91.7356,2012-06-02,50.44081878662109,0.93340265750885,174.85855102539062,7001.0,50.0,5.887123107910156,10.91177773475647,11.08467634022236,43.91005797684193,97.69404776394369,11.500438236002992,26.25,91.75,True,1,landslide_event
149.0,,27.1614,93.7525,2013-09-02,148.66004943847656,12.232135772705078,52.83893585205078,11775.0,50.0,57.06776809692383,83.21805667877197,231.68055629730225,313.83636063337326,623.9461237192154,9.866106981377005,27.25,93.75,True,1,landslide_event
301.0,,25.9466,94.6279,2014-09-08,1389.9193115234375,30.95311164855957,225.73321533203125,4276.0,10.0,0.0,8.008686125278473,26.541107654571533,28.119139298796654,202.0683976262808,13.557740593499693,26.0,94.75,True,1,landslide_event
,112.0,27.653280097329667,92.77775056095244,2014-09-21,1707.69775390625,41.30289459228516,251.609619140625,11839.0,10.0,10.914273262023926,30.719302654266357,33.717626452445984,105.88407897949219,180.20874416828156,11.085360157198803,27.75,92.75,True,0,background
357.0,,27.39305555555556,88.63527777777779,2020-05-24,1574.1639404296875,36.5161361694336,179.4974822998047,3662.0,30.0,48.47993469238281,70.46832656860352,102.52745962142944,176.60268259048462,235.6838743686676,16.516805431151063,27.5,88.75,True,1,landslide_event
276.0,,24.4265,94.1913,2015-08-01,1317.843994140625,8.921306610107422,317.4645080566406,4301.0,10.0,87.5999984741211,126.0999984741211,144.59999704360962,302.99999165534973,387.9999914318323,10.062885490979037,24.5,94.25,True,1,landslide_event
,89.0,24.290813338695543,91.4415120743152,2010-09-04,7.203652858734131,0.3167110979557037,197.1021881103516,3707.0,40.0,0.0,0.0,0.0,0.0,0.0,7.375402270706028,24.25,91.5,True,0,background
,185.0,25.45028113677409,90.94840670259904,2015-07-22,475.7527770996094,32.56305694580078,96.88330078125,3647.0,10.0,48.91153717041016,92.51889991760254,158.81379437446594,420.80377846956253,1371.0958853960037,7.5375654546511095,25.5,91.0,True,0,background
,171.0,25.79238459789306,94.15705053898272,2015-09-23,1200.44921875,15.24721622467041,247.9924468994141,4276.0,10.0,0.0,7.128800570964813,29.285243690013885,62.11196096241474,178.36276227235794,10.377061862590804,25.75,94.25,True,0,background
,217.0,24.60482295177077,93.80621368642488,2015-09-14,768.0828247070312,0.0556547008454799,186.15843200683597,4331.0,90.0,0.0,0.0,0.3243622183799743,54.12654083967209,119.26095372438431,12.910128099392539,24.5,93.75,True,0,background
,216.0,25.480051481005763,90.47256725687905,2014-05-08,724.9029541015625,14.960299491882324,163.16981506347656,3646.0,10.0,32.75308609008789,80.34158670902252,149.5044275522232,166.246867030859,207.8771004974842,3.5149481853936426,25.5,90.5,True,0,background
,250.0,28.83173377951723,97.09315524696297,2012-06-07,4518.71875,41.11103820800781,175.12258911132812,11765.0,100.0,0.0,0.0,0.0,0.0,0.0,37.971322265095125,28.5,97.0,True,0,background
,262.0,26.645624288231872,89.29984157340078,2014-10-05,87.43283081054688,2.55083966255188,134.9552764892578,3683.0,10.0,0.0,0.0,0.3949937522411346,279.13745191693306,455.44768242537975,12.602654489154087,26.75,89.25,True,0,background
21.0,,25.1175,92.8573,2012-06-03,146.62811279296875,6.229365348815918,215.52430725097656,4276.0,10.0,25.88199615478516,94.66548824310304,136.91057640314102,189.79008227586743,344.50545340776443,16.90419564903041,25.0,92.75,True,1,landslide_event
,76.0,22.2633760833225,92.09275772392012,2014-06-26,97.3168716430664,11.84779930114746,210.03501892089844,3665.0,10.0,13.52755355834961,45.830330848693855,117.64470863342285,275.74190044403076,376.9440090060234,40.55136828433766,22.25,92.5,True,0,background
,190.0,26.13590731136334,92.10702072311112,2010-04-02,51.0084342956543,0.2605225741863251,313.6542053222656,3814.0,40.0,0.0,21.7790470123291,49.24043560028076,50.16956024616957,57.00904756039381,16.546784068419882,26.25,92.0,True,0,background
,196.0,23.19803850717032,91.7895296839922,2012-06-13,37.81271743774414,1.7509676218032837,75.49504089355469,3636.0,40.0,0.0,0.0,6.8993916511535645,212.468022108078,248.37585094571114,6.9813664299433515,23.25,91.75,True,0,background
119.0,,25.463,92.2121,2015-06-13,1380.4051513671875,3.523115396499634,178.10552978515625,3646.0,60.0,57.50128555297852,88.12138271331787,162.29165172576904,234.2925565987825,330.7791969925165,5.591984852890637,25.5,92.25,True,1,landslide_event
,16.0,24.237804929988496,94.53845347429454,2013-06-07,607.28466796875,13.861909866333008,304.4750671386719,4301.0,10.0,12.400032043457031,12.601071655750275,17.30195313692093,49.002425134181976,174.11665958166122,28.735551565299648,24.25,94.25,True,0,background
80.0,,24.8961,93.4957,2010-08-19,1017.2667846679688,16.193531036376953,125.95889282226562,4301.0,10.0,9.881393432617188,12.846706688404083,42.85710197687149,55.5944564640522,213.662605792284,11.57410578034744,25.0,93.5,True,1,landslide_event
309.0,,24.6108,92.562,2015-02-19,27.969724655151367,1.2175372838974,34.413597106933594,3708.0,30.0,0.0,0.0,0.0,0.0,0.0,13.799163788982185,24.5,92.5,True,1,landslide_event
176.0,,24.8142,93.5444,2012-06-10,517.7041015625,32.23862075805664,134.4281768798828,4301.0,10.0,12.212467193603516,27.2627477645874,111.47000694274902,235.24887830019,438.1113298535347,8.40886791089114,24.75,93.5,True,1,landslide_event
,266.0,27.191379239829946,93.4465227349828,2014-09-23,1673.9583740234375,28.86422538757324,147.94798278808594,11864.0,10.0,49.67435836791992,101.06675624847412,134.47214269638062,311.54314279556274,418.40366926789284,8.405813926029415,27.25,93.5,True,0,background
,156.0,23.34828780846184,92.29146204496372,2014-06-26,150.01419067382812,18.71203994750977,73.98013305664062,3665.0,10.0,11.658839225769045,29.680598258972168,80.1483473777771,128.97895002365112,175.0185533463955,11.664024588276225,23.25,92.25,True,0,background
302.0,,27.6047,88.6463,2013-09-08,1607.7843017578125,10.135364532470703,145.84268188476562,3662.0,50.0,4.440304279327393,78.04703378677368,127.27492141723631,242.3651146888733,420.2061846256256,15.586584267815777,27.5,88.75,True,1,landslide_event
,269.0,24.46107637026096,92.16197363923368,2018-06-06,17.380931854248047,1.275138020515442,205.0410614013672,3701.0,10.0,37.65353012084961,42.35176992416382,72.92942422628403,164.88392367959023,268.5543313920498,9.766980952660214,24.5,92.25,True,0,background
,113.0,28.58027954461804,92.71744449420068,2010-04-21,4260.63623046875,25.658859252929688,192.0123443603516,11103.0,30.0,23.971019744873047,53.797112464904785,79.12063363939524,226.67883912473917,517.4121319428086,29.495052527657016,28.5,93.0,True,0,background
,208.0,26.442062128333035,89.31367270624708,2018-08-10,52.26758193969727,0.1739358901977539,97.6135482788086,3683.0,40.0,0.0,4.98233699798584,10.657039523124695,145.75205771625042,193.44130198657513,9.027950972563637,26.5,89.25,True,0,background
263.0,,25.6703,94.1095,2011-07-11,1436.1641845703125,24.053451538085938,95.30050659179688,4276.0,50.0,31.042171478271484,31.61304897069931,55.20523315668106,185.56546765565872,254.475634932518,14.075828365004066,25.75,94.0,True,1,landslide_event
,246.0,25.388499965234796,90.96985571360048,2010-09-12,333.96112060546875,13.730010986328123,291.238037109375,3814.0,10.0,15.585590362548828,151.18911361694336,244.75053215026855,412.56084352731705,1537.7214122712612,12.73481735583937,25.5,91.0,True,0,background
,60.0,24.67836696922464,94.94489973592871,2010-10-08,166.25210571289062,12.733492851257324,316.8834533691406,4282.0,10.0,46.78651809692383,86.09568881988525,91.99759948253632,158.46298348903656,260.46196788549423,44.97979271807767,24.75,94.5,True,0,background
,307.0,24.387896852821093,93.48663987202214,2010-05-31,1257.022216796875,34.32538604736328,269.63299560546875,4301.0,10.0,1.852660894393921,43.20288085937501,71.89365541934967,108.30675506591797,214.59398426115513,12.514266596215188,24.5,93.5,True,0,background
324.0,,26.1677,94.2442,2016-06-12,777.65380859375,19.665016174316406,253.51382446289065,4276.0,10.0,8.563486099243164,28.573800444602966,59.40941560268402,96.65779088437556,341.2367717474699,9.179901997385798,26.25,94.25,True,1,landslide_event
259.0,,25.2193,90.5549,2015-08-19,280.06549072265625,4.837197780609131,358.9378662109375,3814.0,10.0,568.7944946289062,1125.3583526611328,1666.8671407699585,1751.7270677089691,2312.5792469978333,6.457283393821041,25.25,90.5,True,1,landslide_event
318.0,,26.2753,94.6654,2010-08-17,1154.0389404296875,28.59084701538086,310.3680114746094,4276.0,10.0,16.19354248046875,80.32765769958496,124.79991388320924,220.3722287416458,424.577222764492,8.900082074318888,26.25,94.75,True,1,landslide_event
,115.0,28.345378728838615,88.78252457927908,2016-05-18,5014.9033203125,13.915162086486816,10.150110244750977,11711.0,30.0,30.32219314575196,142.17870712280273,193.26600408554077,220.2389388680458,413.5445654988289,11.07069108826382,28.25,88.75,True,0,background
,181.0,26.93472700958556,89.18271936998426,2015-06-13,1501.8985595703125,35.41705322265625,258.9967346191406,3662.0,10.0,21.29716682434082,60.63916492462158,522.1958246231079,824.1240496635437,1118.1569625586271,9.86496810436358,27.0,89.25,True,0,background
99.0,,27.4888,93.0153,2011-08-15,573.1685180664062,33.45001983642578,322.15582275390625,11775.0,10.0,28.27663803100586,56.81496810913086,61.48886328935623,148.96984840929508,461.9099376350641,1.9712464310433624,27.5,93.0,True,1,landslide_event
16.0,,24.7625,93.4341,2013-08-17,633.5919799804688,41.36114501953125,132.21055603027344,4301.0,10.0,15.997886657714844,25.70088756084442,134.20570695400238,239.9078948497772,332.21696519851685,6.722131814609302,24.75,93.5,True,1,landslide_event
94.0,,24.7979,92.9974,2015-07-22,24.804288864135746,0.3350642323493957,308.4742126464844,3708.0,40.0,80.44732666015625,133.09552192687988,213.87099742889404,365.6515266597271,472.7592596709728,5.3385371998756295,24.75,93.0,True,1,landslide_event
,278.0,25.47599174095825,90.82247660374765,2009-08-12,384.6809692382813,4.525496959686279,123.4520263671875,3814.0,10.0,17.27470588684082,77.48331451416016,102.4311870932579,186.54811078310013,428.9905724823475,7.688664218501358,25.5,90.75,True,0,background
,209.0,26.908357873249223,89.58370382291434,2012-09-19,1643.135009765625,32.36518478393555,95.36782836914062,3651.0,10.0,25.12475204467773,93.63404655456543,274.3334712982178,325.4929485321045,785.6526766419411,13.14731329643683,27.0,89.5,True,0,background
,202.0,29.393899003317458,94.0058431900365,2012-06-03,4352.2607421875,10.076030731201172,19.935636520385746,11727.0,10.0,0.0,0.0,0.0,0.0,0.0,15.983368942079576,29.25,94.0,True,0,background
,47.0,27.483984997171312,94.33305124521767,2010-10-09,105.18836212158205,4.05989408493042,97.95015716552734,3683.0,10.0,10.715916633605955,18.27998423576355,19.618093848228455,81.54389959573746,236.18163830041885,8.453354304830931,27.5,94.25,True,0,background
343.0,,27.5754,91.9754,2016-08-05,2414.574462890625,23.59556579589844,352.4862976074219,11879.0,30.0,0.2490379959344864,8.316763177514076,15.243799582123756,95.51707257330418,239.7786560207605,8.745181742970926,27.5,92.0,True,1,landslide_event
,136.0,26.624152657553196,90.0393531700126,2015-08-18,87.20455932617188,2.2078194618225098,135.9998016357422,3683.0,10.0,120.56781768798828,190.85782623291016,262.78822565078735,400.19112861156464,455.64710408449173,14.326527407233764,26.5,90.0,True,0,background
291.0,,24.9926,93.4946,2013-05-12,1131.0548095703125,7.089067935943604,275.1346130371094,4301.0,50.0,10.996254920959473,44.76665592193604,117.3556637763977,207.4058734178543,250.33468160778284,0.9843795611941958,25.0,93.5,True,1,landslide_event
230.0,,26.0838,94.564,2013-08-04,1830.87841796875,22.86507034301757,86.37158966064453,4276.0,10.0,0.0,18.91439390182495,33.29331022500992,89.19215831160545,297.03666266798973,11.305566662683718,26.0,94.5,True,1,landslide_event
66.0,,25.4538,93.9827,2015-07-22,1782.916748046875,29.478073120117188,306.7606201171875,4301.0,30.0,11.168607711791992,43.91825199127197,121.6747362613678,186.7667142599821,310.59775230288506,5.4250312874435735,25.5,94.0,True,1,landslide_event
326.0,,25.203,90.5573,2016-07-19,155.5242919921875,25.422700881958008,153.64625549316406,3814.0,10.0,149.00009155273438,399.51245880126953,551.1611804962158,775.0899202823639,1601.8367079496384,7.750682966506372,25.25,90.5,True,1,landslide_event
,191.0,28.906249717938174,93.16696103546684,2010-07-06,5160.18017578125,26.39419174194336,38.67650985717773,11765.0,70.0,0.0,0.0,0.0,0.0,0.0,19.211545642072608,28.75,93.25,True,0,background
206.0,,27.8837,93.0515,2013-08-01,1579.132568359375,39.96002960205078,174.26980590820312,11864.0,10.0,0.2912605106830597,11.207969456911089,68.549874573946,129.65250888466835,423.0963255465031,13.92933902483027,28.0,93.0,True,1,landslide_event
363.0,,26.11244444444445,94.75675,2018-05-21,1045.6080322265625,32.508907318115234,227.523178100586,4276.0,10.0,3.046121835708618,21.277132272720337,40.81350475549698,76.61138798296452,150.6263835579157,12.535427930830684,26.0,94.75,True,1,landslide_event
203.0,,26.9986,95.4993,2012-06-25,650.1611938476562,25.07476043701172,20.209487915039062,4276.0,10.0,3.394020795822144,54.56693363189697,101.21441592276096,193.16306246817112,314.3911446481943,0.170788150923464,27.0,95.5,True,1,landslide_event
,84.0,27.54386220282369,94.51588689713142,2013-05-11,112.05316925048828,0.4478302001953125,90.03004455566406,3683.0,40.0,0.7023342251777649,28.18963646888733,49.95879828929901,131.23457407951355,243.58428964018822,5.118933765550053,27.5,94.5,True,0,background
,255.0,23.722420224991414,88.62542658937382,2010-09-13,13.034746170043944,1.4540202617645264,147.322509765625,3709.0,40.0,7.667401313781738,43.390257835388184,91.96956586837769,109.36541196703911,185.289235368371,12.85100753655045,23.75,88.5,True,0,background
162.0,,26.1619,91.7697,2014-06-27,54.13603210449219,2.3207428455352783,165.17791748046875,7001.0,50.0,18.990015029907227,22.039622336626053,100.34868147969246,128.72593267261982,219.32889790833,10.002401248271168,26.25,91.75,True,1,landslide_event
,32.0,28.75008323893963,93.35340265119974,2014-09-22,5014.31103515625,10.990675926208496,111.29876708984376,11765.0,60.0,0.0,0.0,0.0,0.0,0.0,10.289474783796889,28.75,93.25,True,0,background
102.0,,25.1019,93.3729,2015-08-11,1139.4647216796875,9.877705574035645,184.81100463867188,3665.0,50.0,0.0,66.15701103210449,88.14850071072578,199.7798374593258,411.9137812554836,16.70636296509111,25.0,93.25,True,1,landslide_event
91.0,,26.1666,91.7042,2015-09-23,229.039794921875,18.53145217895508,210.8583221435547,3650.0,50.0,47.29277801513672,58.67525005340576,60.28392016887665,89.6710000038147,187.5925689786673,10.348190360847934,26.25,91.75,True,1,landslide_event
,50.0,27.30061437698192,94.29562151948262,2010-04-20,91.2352523803711,0.4468733966350555,301.947265625,3683.0,40.0,39.52106857299805,77.24250602722168,108.92553758621216,231.780038356781,401.58767998218536,7.223113977035611,27.25,94.25,True,0,background
,58.0,28.00948101889238,96.72607442110666,2013-08-16,2727.81494140625,38.32456970214844,180.1403350830078,11864.0,10.0,8.193873405456543,13.28865122795105,79.41639840602875,213.23206996917725,263.71261286735535,2.6030296448512025,28.0,96.75,True,0,background
113.0,,25.5114,90.215,2015-06-16,304.8196105957031,6.453155994415283,263.4756774902344,3814.0,10.0,16.179718017578125,41.478515684604645,287.398043692112,533.7328577637672,995.1748757958412,3.716243574670448,25.5,90.25,True,1,landslide_event
,294.0,27.266742168712376,90.8216733050845,2016-08-05,2711.717529296875,23.323204040527344,20.605710983276367,3651.0,10.0,2.277458429336548,5.997212886810303,13.42838317155838,324.8464877009392,681.5835053324699,30.455268503912023,27.0,90.75,True,0,background
,206.0,24.732711823567087,88.86388738253703,2012-06-25,10.670086860656738,0.0349622778594493,358.4231872558594,3707.0,90.0,0.7218905091285706,34.67006689310074,65.85049706697464,85.77658194303513,103.32034754753113,44.479256715793376,24.5,88.5,True,0,background
,146.0,26.14138696419497,92.31145855211687,2013-05-11,52.26677322387695,0.2654105722904205,236.3097076416016,3814.0,40.0,14.003097534179688,74.81795120239258,89.47555020451546,121.6294906437397,149.34981882572174,13.51849200715569,26.25,92.25,True,0,background
,21.0,26.13276045601313,89.78149132489443,2010-10-09,30.05308151245117,0.2727581560611725,52.03242492675781,3703.0,40.0,2.9910500049591064,15.63699460029602,15.63699460029602,77.48701620101929,468.7446827888489,13.385565077788854,26.25,89.75,True,0,background
,179.0,28.30902779661217,95.52523023773928,2013-09-02,780.5518188476562,36.65661239624024,265.61431884765625,11790.0,10.0,18.67381858825684,71.2932357788086,176.41763973236084,190.98358339071274,331.3094899058342,7.016629249078654,28.25,95.5,True,0,background
,317.0,22.082308569391195,92.3262724257785,2011-07-07,167.73648071289062,39.12760543823242,111.36415100097656,3665.0,10.0,0.0,0.0,121.29998970031738,242.59998750686646,348.999981880188,25.40327613969964,22.25,92.5,True,0,background
,277.0,24.065599322157908,91.4232645195573,2010-08-19,36.24539566040039,0.4652272164821625,147.54794311523438,3665.0,40.0,11.008291244506836,17.57067632675171,61.43090654909611,140.88974191248417,358.39164616167545,10.551154346650012,24.0,91.5,True,0,background
,227.0,24.393540758634355,88.6282635856563,2015-07-25,18.24329948425293,0.3833625912666321,212.08718872070312,3709.0,10.0,88.25798034667969,138.28425693511963,190.63494861125946,244.15830996632576,520.1930288076401,17.39379377976415,24.5,88.5,True,0,background
115.0,,25.6623,94.1072,2010-10-10,1382.5048828125,14.634651184082031,93.38544464111328,7001.0,10.0,0.0,73.32182312011719,92.84922567009926,138.996536642313,330.60281896591187,14.483119527571349,25.75,94.0,True,1,landslide_event
296.0,,24.954,94.2156,2015-08-01,942.494140625,19.673952102661133,301.0443115234375,4276.0,50.0,83.27330017089844,120.11932420730592,137.65396869182587,291.03835117816925,383.0159598588944,6.164986370767531,25.0,94.25,True,1,landslide_event
7.0,,25.616,94.1167,2013-07-12,1583.0235595703125,16.498443603515625,99.55950164794922,4276.0,10.0,36.75754165649414,76.48665428161621,137.38618755340576,264.3466557264328,307.697790145874,17.38912048990366,25.5,94.0,True,1,landslide_event
,198.0,24.493344991740567,91.39878053216088,2010-08-17,5.278425693511963,0.2692141234874725,247.5760955810547,3707.0,40.0,0.0,0.0,0.0,0.0,0.0,28.82810641290793,24.25,91.5,True,0,background
148.0,,26.0093,94.5238,2010-07-06,1806.620361328125,18.33163070678711,128.7078399658203,4276.0,50.0,19.622175216674805,31.43616509437561,81.99560499191284,158.84711396694183,330.4751490354538,2.5909590419976176,26.0,94.5,True,1,landslide_event
59.0,,26.284,94.5808,2013-08-04,722.4674072265625,32.52063751220703,345.74755859375,4276.0,10.0,0.0,27.65966796875,40.62927174568176,147.65579795837402,338.99631583690643,8.907589655389694,26.25,94.5,True,1,landslide_event
,260.0,24.697497202499584,92.79509618978216,2016-07-10,18.642520904541016,1.4666354656219482,288.2440185546875,3708.0,40.0,40.200313568115234,40.46819408982992,88.65830906480551,255.63158281892538,529.7517968341708,7.355319841439791,24.75,92.75,True,0,background
,221.0,26.809535967524813,89.32546464990752,2011-07-06,150.1710968017578,0.7048566341400146,254.039794921875,3849.0,30.0,197.3999938964844,250.19999408721927,434.9999952316284,661.5999957323074,991.1999970674515,10.0031583689477,26.75,89.25,True,0,background
,321.0,28.69029637025311,95.42396963566335,2022-06-30,2482.45703125,31.459352493286133,285.4111022949219,11909.0,10.0,8.419084548950195,109.36117172241211,173.67337226867676,270.40256547927856,420.8835185319185,10.057739723992718,28.75,95.5,True,0,background
89.0,,25.03561729,94.0144205,2011-06-28,856.09619140625,34.25163650512695,136.2344970703125,4276.0,10.0,22.39739990234375,77.90056276321411,109.1960940361023,176.67859542369845,300.13873195648193,4.218006902351622,25.0,94.0,True,1,landslide_event
118.0,,24.819,94.3551,2015-07-31,1622.6070556640625,30.74102020263672,253.6410980224609,4301.0,10.0,33.39507293701172,42.39028549194336,60.12724840641022,224.67775118350983,327.2679395079613,13.00031089827304,24.75,94.25,True,1,landslide_event
,134.0,25.28703650452856,94.42176566664357,2015-07-24,1070.9158935546875,5.136133670806885,297.9364318847656,4276.0,40.0,18.2579288482666,37.04059410095215,127.52547311782837,198.4453148841858,366.22873401641846,8.803806513631462,25.25,94.5,True,0,background
,243.0,23.031361520988725,93.29366219273189,2015-09-06,1120.0899658203125,39.13233184814453,58.77556610107422,4301.0,10.0,0.0,1.5002634525299072,44.10044479370117,306.7988750189543,407.09482692182064,24.654718488335043,23.25,93.25,True,0,background
317.0,,26.1097,91.7747,2014-09-22,59.39221954345703,1.205387830734253,339.9668884277344,7001.0,10.0,65.75471496582031,108.58921241760254,127.45450854301453,213.45629781484604,305.8683080226183,12.45809564396777,26.0,91.75,True,1,landslide_event
,66.0,26.495900223617557,90.41809362405034,2013-08-04,55.94504928588867,1.0797516107559204,118.57962036132812,3650.0,10.0,0.0,0.0,0.2025090157985687,130.6604023873806,497.18030110001564,8.163097329456084,26.5,90.5,True,0,background
,71.0,27.717841128003187,92.01920293383333,2011-08-16,3461.009765625,29.335657119750977,325.8540954589844,11909.0,10.0,9.077813148498535,27.385390758514404,40.49336814880371,102.30367720127106,236.7658932209015,4.048910931552028,27.75,92.0,True,0,background
,222.0,24.55452039867761,90.91130890995068,2010-07-19,5.891245365142822,0.4223991930484772,3.1153244972229004,3707.0,40.0,0.0,0.0,0.0,0.0,0.0,47.732939684110264,24.25,91.25,True,0,background
126.0,,25.5006,90.0896,2014-10-20,44.13310241699219,0.0819706320762634,90.88290405273438,3707.0,40.0,0.0,0.0,15.356790065765384,16.044281542301178,640.3285107016563,8.94193899026467,25.5,90.0,True,1,landslide_event
22.0,,27.1761,88.5287,2009-08-20,299.4311218261719,5.506807327270508,235.9091186523437,3662.0,50.0,31.10710906982422,160.5953025817871,290.1626255512237,416.139327287674,768.958838403225,8.710876011529407,27.25,88.5,True,1,landslide_event
,254.0,23.603731159584985,93.64755563077082,2016-05-18,1035.8770751953125,32.44350814819336,212.4457244873047,4301.0,10.0,12.098999977111816,18.122816383838654,28.58400246500969,37.13111965358257,103.39343811571598,41.201831969810954,23.5,93.25,True,0,background
207.0,,24.8063,93.9482,2011-07-06,781.77392578125,1.3385379314422607,70.32735443115234,7001.0,50.0,12.139857292175291,35.24129009246826,92.25179243087769,178.18338304758072,285.6766139268875,8.124167259379872,24.75,94.0,True,1,landslide_event
,80.0,26.96527343018531,96.39905474521947,2011-08-05,542.365966796875,36.79787063598633,196.5943603515625,4276.0,10.0,0.0,0.0,0.0,0.0,0.0,47.099990048954865,27.25,96.75,True,0,background
,176.0,26.97715784995264,91.15279673882486,2015-08-26,1604.829345703125,14.775442123413086,154.97055053710938,3651.0,10.0,11.913078308105469,18.43391466140747,113.96243143081665,232.7634630203247,278.56293392181396,9.999369832440749,27.0,91.25,True,0,background
109.0,,26.222,94.9152,2010-08-14,1778.078369140625,29.12509536743164,313.4775695800781,4276.0,10.0,24.14681625366211,49.55095386505127,79.44044828414917,180.9318710565567,392.01923340559006,9.018438380805303,26.25,95.0,True,1,landslide_event
104.0,,26.2363,94.8133,2010-07-06,1558.9539794921875,16.332609176635742,47.38410949707031,4276.0,50.0,25.41084289550781,50.20871686935424,94.7442271709442,180.4247269630432,359.69129943847656,6.498552195726651,26.25,94.75,True,1,landslide_event
107.0,,23.0137,91.7174,2014-08-14,28.031164169311523,6.779423236846924,284.6083068847656,3636.0,50.0,158.2001495361328,270.4916934967041,337.015582382679,373.1951298713684,475.003912627697,21.74910921368798,23.0,91.5,True,1,landslide_event
214.0,,26.1226,91.7162,2012-06-22,72.29875946044922,10.562407493591309,160.86668395996094,3814.0,50.0,10.85966682434082,16.130963563919067,37.73783314228058,76.13955250382423,190.84574636816976,14.058487567640393,26.0,91.75,True,1,landslide_event
295.0,,26.3335,94.5512,2010-06-15,1372.5592041015625,25.05665397644043,187.59539794921875,4276.0,50.0,29.66444969177246,57.24293613433838,82.78889691829681,155.1510088443756,240.0187568962574,10.607001552999373,26.25,94.5,True,1,landslide_event
,245.0,24.861690804304487,91.29804534048206,2012-07-05,3.246015310287476,0.3228281736373901,52.345848083496094,3707.0,40.0,7.003803730010986,9.343612909317017,68.4631884098053,220.83444666862488,529.0337846279144,43.366661958941265,25.25,91.25,True,0,background
242.0,,27.36,93.0385,2015-07-15,412.4277038574219,8.166448593139648,242.8936004638672,11775.0,50.0,118.90943908691406,120.57910695672037,122.67897167801856,185.3784596025944,445.88816037774086,12.833818724399796,27.25,93.0,True,1,landslide_event
,163.0,23.20289673646344,93.37848299270463,2013-06-07,587.5715942382812,17.3342227935791,265.8133544921875,4301.0,30.0,72.76374053955078,94.84889221191406,114.69541358947754,150.93370831012726,341.14183074980974,13.812956309511614,23.25,93.25,True,0,background
,52.0,28.94269398021014,97.07224933544596,2011-05-31,4068.79833984375,23.739479064941406,221.3957977294922,11727.0,10.0,0.0,0.0,0.0,0.0,0.0,49.6621841049925,28.5,97.0,True,0,background
352.0,,24.87,92.35,2016-05-18,18.72933959960937,3.2813942432403564,336.93231201171875,3708.0,10.0,280.2071838378906,370.416561126709,485.084946513176,527.4306996464729,1008.3223870396614,16.674488071221997,24.75,92.25,True,1,landslide_event
,92.0,26.814200368555333,96.638821953691,2014-09-08,434.98052978515625,33.452396392822266,49.655574798583984,4276.0,10.0,62.997703552246094,62.997703552246094,64.99796199798584,198.9904968738556,536.5818306207657,49.62272418607408,27.25,96.75,True,0,background
,65.0,23.245612892365685,90.92989863614244,2015-08-18,3.665857553482056,0.3583042919635772,219.0392303466797,3707.0,40.0,43.72769165039063,70.8219108581543,85.01396608352661,117.9906362593174,528.7789534628391,31.856615180049467,23.25,91.25,True,0,background
,172.0,28.57200424769349,95.23663020203786,2012-06-07,898.3978881835938,35.2557258605957,136.89552307128906,11790.0,10.0,2.200000047683716,73.0000011920929,100.60000014305115,103.40000024437904,303.3999872803688,8.102443895011252,28.5,95.25,True,0,background
267.0,,28.9986,94.8885,2012-07-05,606.9176635742188,25.54982185363769,17.10862922668457,11790.0,10.0,0.0,0.0,0.0,0.0,0.0,11.128305448969307,29.0,95.0,True,1,landslide_event
312.0,,25.63961883,94.11112157,2010-09-12,1493.7166748046875,24.355453491210938,92.02509307861328,4276.0,50.0,0.2190285325050354,6.084251463413239,44.21942573785782,125.4026307463646,352.4340814948082,16.55179032246159,25.75,94.0,True,1,landslide_event
,145.0,28.116932683118,88.71515615064833,2016-06-12,5124.7099609375,3.1172773838043213,357.4846496582031,11730.0,60.0,15.579941749572754,26.948936462402344,89.63057279586792,166.95628476142883,479.2953938692808,13.43466017696467,28.0,88.75,True,0,background
152.0,,27.7565,88.632,2012-06-07,3889.316650390625,18.53253555297852,48.37858581542969,3717.0,10.0,1.444369196891785,23.73372256755829,59.96366202831268,105.37248128652573,183.14807324111464,11.798095342484052,27.75,88.75,True,1,landslide_event
,310.0,25.371575245428403,90.99099952677722,2013-10-13,420.8411560058594,12.34167766571045,124.30184173583984,3814.0,10.0,0.0,0.0,28.29160690307617,428.04593801498413,474.12907284498215,13.524540029726746,25.25,91.0,True,0,background
,194.0,25.059564633484616,91.16725851310048,2012-11-11,2.4493579864501958,0.8077583312988281,30.582029342651367,3649.0,90.0,0.0,0.0,0.0,0.0,3.482457458972931,22.685224134724525,25.25,91.25,True,0,background
23.0,,23.591,92.9296,2010-09-13,789.679931640625,8.309388160705566,274.537841796875,4301.0,10.0,9.57053565979004,53.63579559326172,73.79247260093689,277.674831032753,489.8057225942612,12.327958960510813,23.5,93.0,True,1,landslide_event
198.0,,27.322,88.6087,2010-04-17,1515.9171142578125,41.73021697998047,291.3511962890625,3662.0,10.0,20.994691848754883,27.638539791107178,96.77934432029724,142.370081782341,308.63104800879955,13.48759925995296,27.25,88.5,True,1,landslide_event
108.0,,27.3765,88.7628,2013-06-27,3751.0,9.637657165527344,180.0,3717.0,30.0,6.479767799377441,88.523118019104,113.20369175076485,189.29021868109703,547.6903359293938,13.807235942213731,27.5,88.75,True,1,landslide_event
177.0,,25.0477,92.801,2010-07-25,169.20570373535156,25.28746223449707,91.56967163085938,3701.0,10.0,0.0,47.1279354095459,68.72676426172256,138.62138491868973,331.70755821466446,7.355237544741806,25.0,92.75,True,1,landslide_event
,166.0,28.339778591335875,88.53897061666326,2011-08-25,4544.06787109375,3.857558727264404,192.6879730224609,11423.0,60.0,2.1907129287719727,9.01064658164978,39.78541684150696,130.0175998210907,333.65426325798035,10.693358561051713,28.25,88.5,True,0,background
,53.0,27.03460321674697,96.45789037408504,2009-08-30,1363.5364990234375,19.489845275878903,35.49640274047852,4276.0,10.0,0.0,4.854069650173187,14.910988986492157,91.60562723875046,160.22752451896667,37.63721724716787,27.25,96.75,True,0,background
13.0,,25.0985,94.3619,2013-09-24,1899.943359375,5.894336223602295,318.3699951171875,7001.0,60.0,0.0,0.2694681882858276,0.8158086240291595,101.87871924042702,214.50371038913727,15.6504475531796,25.0,94.25,True,1,landslide_event
279.0,,25.9702,91.8587,2014-10-05,281.32135009765625,12.110350608825684,87.53504943847656,3814.0,10.0,0.0,0.0,1.932726502418518,231.30089604854584,366.979650080204,11.343684839255024,26.0,91.75,True,1,landslide_event
84.0,,25.61560252,94.11603493,2010-08-19,1607.4580078125,32.041446685791016,111.2265167236328,4276.0,30.0,15.093090057373049,26.05495548248291,78.83641457557678,88.71177771687508,341.3924062550068,17.311822348415866,25.5,94.0,True,1,landslide_event
,11.0,27.005080178529603,94.72576830281984,2013-09-01,93.38243103027344,0.7191911935806274,280.79412841796875,3637.0,40.0,6.517909049987793,20.284167289733887,46.6403701454401,114.75661112368107,419.73825328052044,2.47632561778139,27.0,94.75,True,0,background
336.0,,26.3185,94.5247,2016-06-14,1166.3331298828125,3.8316009044647217,345.2371826171875,4276.0,10.0,8.271346092224121,24.56794309616089,52.80796217918396,88.94934460520744,326.9610177576542,8.013926647794866,26.25,94.5,True,1,landslide_event
185.0,,23.9939,94.0573,2015-08-01,979.0990600585938,9.997483253479004,91.10256958007812,4301.0,10.0,87.59803771972656,126.09715604782104,144.59679210186005,302.9975036382675,388.00014185905457,5.758468156063083,24.0,94.0,True,1,landslide_event
,135.0,27.716885112276337,88.92525304970836,2010-09-13,4810.8193359375,14.445725440979004,82.26144409179688,11705.0,60.0,2.770415544509888,10.351436376571655,67.23294284939766,114.50484928488731,408.4878223836422,17.82238454875075,27.75,88.75,True,0,background
,129.0,28.39695948264552,93.59010019607857,2011-07-01,2380.24755859375,46.296348571777344,128.94444274902344,11879.0,10.0,2.0,46.79999923706055,48.59999930858612,303.3999990224838,599.4000032246113,14.532762785080862,28.5,93.5,True,0,background
,325.0,24.64550803195253,92.57257558735076,2011-07-24,19.23475646972656,0.782954752445221,109.75222778320312,3708.0,10.0,0.2870916128158569,15.293627619743347,60.301708579063416,211.00850945711136,453.03850585222244,13.663223081241526,24.75,92.5,True,0,background
170.0,,25.6263,94.1057,2015-08-20,1514.424072265625,15.54921531677246,92.20439910888672,4276.0,50.0,7.745830059051514,11.066836953163149,20.286609396338463,87.41001771390438,157.8685341924429,17.346165304509547,25.75,94.0,True,1,landslide_event
172.0,,27.0869,93.6086,2014-08-17,318.39263916015625,4.415086269378662,331.3742980957031,7001.0,50.0,0.3632566630840301,93.56743642687798,178.41237661242485,270.36415538191795,429.2355873212218,14.527170450454909,27.0,93.5,True,1,landslide_event
93.0,,25.6269,94.1139,2013-07-15,1567.893310546875,14.322092056274414,40.1620979309082,4276.0,50.0,1.2756764888763428,10.445794582366943,107.74848222732544,268.34244510531425,338.12488977611065,17.804159605700775,25.75,94.0,True,1,landslide_event
,229.0,27.202911790698792,95.48576245883932,2010-04-01,180.4623107910156,5.488731384277344,24.263690948486328,3637.0,10.0,12.836102485656738,35.77359104156494,61.31356477737427,62.716791808605194,107.45302972197533,5.4153998999525585,27.25,95.5,True,0,background
,75.0,28.36199019887486,95.8279589420817,2012-09-19,2415.67626953125,39.05245208740234,100.93274688720705,11864.0,10.0,0.0,0.0,0.0,0.0,14.400000408291818,14.652914676865072,28.25,95.75,True,0,background
,150.0,28.035732681226012,95.9903382125568,2012-06-10,288.7623291015625,4.995776176452637,98.00234985351562,3637.0,10.0,17.399999618530273,17.399999618530273,90.39999890327454,120.39999985694885,320.7999945282936,4.0811894556113755,28.0,96.0,True,0,background
49.0,,24.3527,94.3429,2011-07-22,277.8223876953125,26.78093147277832,96.16568756103516,3689.0,10.0,0.0,0.0,0.0,0.0,0.0,14.71921334834093,24.25,94.25,True,1,landslide_event
,239.0,24.292469703332824,94.1057325301974,2010-07-06,1113.0230712890625,32.39402770996094,164.95550537109375,4301.0,10.0,0.0,27.66535758972168,68.66363388299942,115.30655133724213,278.8394458293915,11.529142951912931,24.25,94.0,True,0,background
,63.0,28.498462161609197,93.88130948057729,2010-09-09,3844.254150390625,40.6651725769043,154.6766815185547,11864.0,100.0,114.8178482055664,223.14435958862305,420.6899290084839,471.56098651885986,773.7040781974792,11.811981092918453,28.5,94.0,True,0,background
209.0,,27.7,92.8,2009-08-12,2444.436279296875,14.2368745803833,222.82147216796875,11864.0,10.0,16.534317016601562,25.0557753443718,46.01817554235458,285.57811015844345,611.2121159881353,7.475177688144578,27.75,92.75,True,1,landslide_event
,284.0,27.146221867113628,93.0068953417225,2011-05-31,855.3560791015625,14.269756317138672,313.6541748046875,11839.0,10.0,16.71664047241211,41.3640193939209,60.66887378692627,123.18166464567184,281.23122572898865,11.539789696161877,27.25,93.0,True,0,background
,235.0,24.01536361510497,92.47895665100155,2015-07-15,473.4650268554688,25.31962013244629,234.47976684570312,3665.0,10.0,3.8114166259765625,15.694936275482178,46.34452307224274,69.41391146183014,264.9231461286545,2.700571007696948,24.0,92.5,True,0,background
125.0,,25.4788,94.1399,2010-10-09,1639.7330322265625,16.08685874938965,182.191650390625,4276.0,10.0,41.88436508178711,96.18423080444336,103.19754886627196,153.688889503479,321.852697506547,11.238090811506211,25.5,94.25,True,1,landslide_event
136.0,,26.1295,91.7056,2014-09-22,148.2101287841797,8.46279239654541,84.32936096191406,3650.0,10.0,90.21906280517578,112.94345903396606,128.25892797112465,215.2935097515583,289.26680713891983,14.126928732915818,26.25,91.75,True,1,landslide_event
305.0,,26.7225,95.0281,2010-07-06,705.9417724609375,11.936344146728516,315.3321838378906,4276.0,10.0,33.48929214477539,108.63214111328124,153.73481917381287,292.67084670066833,626.0549881458282,4.151556101263387,26.75,95.0,True,1,landslide_event
,182.0,23.081178616910183,88.78423197623698,2015-08-02,7.805677890777588,1.7459067106246948,192.37193298339844,3709.0,10.0,14.304468154907228,150.91728973388672,185.78133621811867,277.99776354432106,731.4149881899357,9.63319423176039,23.0,88.75,True,0,background
,101.0,27.94933115821564,95.81345965142263,2010-10-09,157.76112365722656,6.950309753417969,257.016357421875,3650.0,10.0,16.147174835205078,16.253498792648315,21.589822560548782,50.88161280751228,265.48003152012825,8.456280976777752,28.0,95.75,True,0,background
,128.0,27.724888454466587,91.30839036919386,2010-09-13,3131.992919921875,19.47346305847168,265.2445373535156,3651.0,10.0,0.0,17.468615531921387,66.17946100234985,159.85801935195923,348.4549342393875,19.269505266841428,27.75,91.5,True,0,background
,40.0,24.796688694673502,92.86155245185064,2013-08-04,19.80394744873047,0.3577986657619476,157.65318298339844,3708.0,40.0,0.0,2.9089448153972626,53.07380911707878,163.037516862154,453.1722373664379,12.250619045048733,24.75,92.75,True,0,background
31.0,,24.8286,93.5935,2011-05-31,719.3284912109375,33.02092742919922,192.40737915039065,4301.0,10.0,85.97065734863281,131.88288116455078,136.64223051071167,404.130382835865,528.1601523756981,12.791548601917356,24.75,93.5,True,1,landslide_event
,13.0,27.34459087820304,92.37839491059044,2018-07-01,2313.17919921875,33.83184051513672,195.0094451904297,11864.0,10.0,21.937089920043945,36.74262571334839,52.57157325744629,102.66058707237244,216.8206247985363,16.020925109912383,27.25,92.5,True,0,background
,238.0,25.52348880659273,92.4627103333211,2012-06-02,1248.3062744140625,24.968429565429688,121.91926574707033,3646.0,30.0,12.709793090820312,45.80541515350342,48.982314586639404,51.96128195524216,68.0946393609047,4.535053123767789,25.5,92.5,True,0,background
,19.0,28.56883990494461,96.41763392391852,2010-06-09,4544.1416015625,42.22124862670898,336.94854736328125,11000.0,100.0,1.9585227966308596,149.92880821228027,421.69309425354004,501.50375701487064,710.3375196605921,11.205588419695513,28.5,96.5,True,0,background
100.0,,23.899,94.1434,2015-08-01,255.3252410888672,20.12415313720703,172.67161560058594,3689.0,10.0,87.59803771972656,126.09715604782104,144.59679210186005,302.9975036382675,388.00014185905457,18.19912740567579,24.0,94.0,True,1,landslide_event
52.0,,27.3341,88.6083,2010-04-17,1437.78466796875,31.77921867370605,256.06817626953125,3662.0,10.0,20.994691848754883,27.638539791107178,96.77934432029724,142.370081782341,308.63104800879955,14.298855909174884,27.25,88.5,True,1,landslide_event
339.0,,27.172,88.5292,2016-10-15,335.4233703613281,38.68427276611328,15.105154037475586,3662.0,10.0,0.0,60.03106117248535,121.64757812023164,147.7482647895813,383.7927111387253,9.158896288880785,27.25,88.5,True,1,landslide_event
,274.0,27.12286714931841,89.88860542860793,2013-10-06,2421.01220703125,11.812448501586914,212.7010498046875,3651.0,10.0,48.49403381347656,108.44456672668457,109.59181261062622,126.2679193019867,283.3705396056175,17.574793032127275,27.0,90.0,True,0,background
,61.0,27.30882920801086,96.30572736451064,2020-05-24,505.0892639160156,16.381793975830078,13.081802368164062,4276.0,10.0,11.543168067932127,42.879401206970215,47.80848741531372,114.66650915145874,199.10674518346786,21.93257048036193,27.5,96.25,True,0,background
313.0,,23.7269,92.7265,2015-08-27,830.5033569335938,41.94097137451172,154.52093505859375,3665.0,10.0,82.97886657714844,134.13830757141113,263.74684876203537,367.5454423427582,480.50332003086805,3.480304992703193,23.75,92.75,True,1,landslide_event
271.0,,26.1498,94.6055,2013-08-04,1707.704833984375,31.64654922485352,210.1183319091797,4276.0,10.0,0.0,27.65966796875,40.62927174568176,147.65579795837402,338.99631583690643,15.338372122350142,26.25,94.5,True,1,landslide_event
,322.0,26.453546548940864,91.86603157307675,2010-05-31,60.97722244262695,1.390323281288147,1.5760518312454224,3650.0,10.0,5.542366027832031,12.585644721984863,41.80274051427841,94.01407641172409,256.2365003824234,12.645218901933623,26.5,91.75,True,0,background
,158.0,23.276848631635094,88.75356847303674,2016-07-14,8.84602165222168,4.010478973388672,88.95967102050781,3709.0,40.0,0.6792441010475159,44.68790346384048,90.53483253717422,252.512429356575,312.83736431598663,3.0012785259208083,23.25,88.75,True,0,background
,312.0,27.236084808631425,91.64103802999904,2015-08-11,3422.793212890625,18.601598739624023,190.51968383789065,3651.0,10.0,0.0,31.96054077148437,60.36362689733505,62.49091571569443,185.0292038321495,28.35995835513226,27.0,91.75,True,0,background
,178.0,26.560994967007648,91.31078097687713,2015-07-22,53.07623291015625,0.2155579626560211,231.89280700683597,3683.0,40.0,0.2865309715270996,15.206477642059324,49.979663372039795,62.528912007808685,125.02040576934814,9.07855087614858,26.5,91.25,True,0,background
6.0,,24.1419,94.1078,2015-08-01,1170.2288818359375,41.15029144287109,223.1303558349609,4301.0,10.0,87.52693939208984,125.99406433105467,144.4805532693863,302.9071170091629,388.00457525253296,16.141365073476614,24.25,94.0,True,1,landslide_event
,240.0,24.87248456627008,88.8013521209739,2015-07-31,13.303274154663086,0.3238983750343323,199.85313415527344,3705.0,40.0,0.0,0.7196407318115234,2.0695120990276337,86.72886171936989,157.72575321793556,42.214630641233136,25.25,88.75,True,0,background
,236.0,27.12261217336748,88.80490015628301,2015-07-22,1399.593994140625,39.5266227722168,124.86288452148438,3662.0,10.0,0.6007226705551147,40.983073234558105,93.17651057243347,327.15717828273773,654.6897282898426,14.665457907937778,27.0,88.75,True,0,background
243.0,,26.1309,91.8383,2013-10-06,103.10369110107422,9.530261993408203,60.516563415527344,3814.0,10.0,29.88486099243164,43.298959732055664,47.603585720062256,123.854110121727,175.0934333205223,15.919508154524172,26.25,91.75,True,1,landslide_event
,149.0,23.228134781937214,93.22579472670536,2014-09-22,749.7581787109375,29.002290725708008,286.5693359375,4301.0,10.0,3.102843761444092,24.111960887908936,154.26117658615112,334.7648901939392,585.4928612709045,3.419364176314496,23.25,93.25,True,0,background
,184.0,24.93776209704132,93.97409901537048,2010-09-13,951.1585083007812,29.486780166625977,242.83853149414065,4276.0,30.0,7.931365013122559,10.035632610321045,24.44988775253296,63.16153144836426,198.28455026447773,7.373530562374183,25.0,94.0,True,0,background
249.0,,27.3392,88.6188,2010-08-27,1888.8125,25.99549102783203,134.21571350097656,3662.0,10.0,70.56049346923828,159.86095809936523,277.7849521636963,476.5526432991028,731.0437397956848,15.464733001247357,27.25,88.5,True,1,landslide_event
,148.0,28.12954164458708,95.87459556420896,2015-07-31,821.6849365234375,32.75297927856445,257.3713684082031,3637.0,10.0,0.0,0.0,21.83549118041992,100.89330816268921,260.1568615436554,18.23456826460956,28.25,95.75,True,0,background
,234.0,28.496814398181737,97.08570045432198,2015-08-11,2774.33984375,31.246461868286133,313.9696350097656,11864.0,10.0,0.0,0.0,0.0,0.0,0.0,8.535274501827017,28.5,97.0,True,0,background
182.0,,24.4072,94.0644,2015-08-01,1188.5931396484375,22.47879409790039,16.856178283691406,4276.0,10.0,87.39673614501953,125.80645084381104,144.2682421207428,302.71954679489136,387.9936159849167,12.166487236496218,24.5,94.0,True,1,landslide_event
254.0,,27.3543,88.6428,2010-05-31,2121.573486328125,21.04854965209961,78.2112808227539,3662.0,10.0,23.793811798095703,59.58388113975525,93.4936797618866,169.77559304237366,251.1324947923422,15.787874698867908,27.25,88.75,True,1,landslide_event
333.0,,25.8702,94.7844,2016-07-28,1145.7412109375,10.672196388244627,221.54708862304688,4276.0,50.0,9.450075149536133,33.5311918258667,63.943573236465454,151.59405586123466,314.5130006670952,13.814031008878828,25.75,94.75,True,1,landslide_event
,133.0,27.579665805787915,88.55725775100497,2010-07-20,2955.310302734375,34.26346969604492,269.6700744628906,3717.0,10.0,29.94341087341309,56.49093246459961,105.32343482971191,253.88379669189453,483.29107999801636,10.519513106023604,27.5,88.5,True,0,background
71.0,,25.6269,94.1139,2013-07-12,1567.893310546875,14.322092056274414,40.1620979309082,4276.0,50.0,39.60411834716797,78.5801649093628,150.40763926506042,285.45583817362785,328.89845399558544,17.804159605700775,25.75,94.0,True,1,landslide_event
150.0,,26.1868,91.6739,2015-09-01,50.55361557006836,3.721177577972412,313.0758972167969,3650.0,10.0,12.457226753234863,48.87014865875244,64.94680534303188,210.9016529768705,332.5516501516104,10.352431445929987,26.25,91.75,True,1,landslide_event
147.0,,25.426,94.6024,2013-10-13,1343.6978759765625,13.105812072753906,352.9725036621094,4301.0,10.0,0.0,0.0,41.53087759017944,73.27351450920105,144.9324053376913,13.125884357638371,25.5,94.5,True,1,landslide_event
,59.0,26.539886682096345,92.57698508594244,2009-08-20,61.67985916137695,1.1955183744430542,349.6234436035156,3650.0,40.0,4.140077590942383,16.87372636795044,95.14433908462524,185.84895826876163,420.52920503914356,8.848064920773115,26.5,92.5,True,0,background
,87.0,27.858435739812258,94.64996999043792,2017-06-04,1564.9522705078125,39.47254180908203,197.12957763671875,11839.0,10.0,47.928958892822266,112.21266078948975,177.9118820130825,306.1220835149288,460.6959702670574,15.619011694690473,27.75,94.75,True,0,background
,165.0,26.5616642310888,89.7219361406026,2009-08-16,63.59329605102539,2.350713014602661,260.4008178710937,3683.0,10.0,68.65037536621094,144.26620197296143,365.2729295492172,480.6898812055588,655.2033166438341,7.392492102100367,26.5,89.75,True,0,background
,17.0,27.080159718363312,89.8244749441735,2013-05-08,1834.3089599609373,32.287559509277344,9.80190658569336,3651.0,10.0,0.0,37.26143836975098,114.28750142455101,181.32186233997345,279.2963433265686,19.6020559609859,27.0,90.0,True,0,background
350.0,,26.1966,91.802,2016-07-20,124.11662292480467,15.977131843566896,9.01478672027588,3650.0,10.0,9.594910621643066,44.8629150390625,86.35835981369019,126.34369459748268,194.26018199324608,7.890914634551104,26.25,91.75,True,1,landslide_event
175.0,,25.5498,92.0757,2012-06-13,1276.3973388671875,19.963342666625977,337.19140625,3646.0,10.0,0.0,12.451897382736206,16.34803542494774,84.66502532362938,116.57366578280926,9.370375339696084,25.5,92.0,True,1,landslide_event
45.0,,25.4191,94.1079,2011-07-07,1392.1922607421875,14.490296363830566,7.227597713470459,4276.0,40.0,2.180759191513061,23.93103814125061,57.369091868400574,184.4406454563141,336.29801070690155,14.037555345797095,25.5,94.0,True,1,landslide_event
,46.0,26.157236014596982,92.38485187291128,2016-07-19,55.62598037719727,0.2488172799348831,213.38998413085935,3814.0,40.0,6.516430377960205,73.0137015581131,91.58575370907784,180.25267297774553,543.4068591669202,15.405051048344905,26.25,92.5,True,0,background
51.0,,28.0791,96.5242,2011-03-22,531.3464965820312,26.206382751464844,171.81964111328125,4351.0,50.0,0.0,0.0,0.0,0.0,0.0,9.130595211620893,28.0,96.5,True,1,landslide_event
,132.0,25.14157007208219,92.6806158187506,2010-06-03,1374.3321533203125,11.48845672607422,138.63868713378906,3649.0,10.0,5.728463172912598,28.448007583618164,35.166232377290726,126.48191931843758,360.12621119618416,13.875461771927394,25.25,92.75,True,0,background
,4.0,26.181460673982706,90.72438194816534,2009-10-05,36.41224670410156,1.8625975847244265,356.2896728515625,3650.0,80.0,0.2135146111249923,5.280288502573967,5.280288502573967,47.31967084109783,130.84185016155243,8.023598914859788,26.25,90.75,True,0,background
311.0,,25.8143,90.5763,2014-09-24,59.0,3.9407763481140137,111.79122924804688,3814.0,10.0,7.914829254150391,370.9403991699219,468.7851257324219,490.12611106038094,584.870940476656,10.450568899423615,25.75,90.5,True,1,landslide_event
,140.0,26.754404980635517,91.0522881429772,2010-11-22,83.94776916503906,2.94718074798584,290.37860107421875,3849.0,10.0,0.0,4.521975815296173,4.8287621438503265,4.8287621438503265,4.966298744082451,5.226052442158696,26.75,91.0,True,0,background
241.0,,28.8254,96.1517,2012-06-02,3579.512939453125,23.55665779113769,91.92863464355467,11727.0,10.0,0.0,0.0,0.0,0.0,0.0,12.910680783835469,28.75,96.25,True,1,landslide_event
,288.0,28.162305512590308,91.4529072827118,2010-04-17,5281.60546875,38.494285583496094,248.50631713867188,11765.0,60.0,0.0,13.039081573486328,61.715034782886505,116.86588603258133,348.87314312160015,18.615396164260176,28.0,91.5,True,0,background
199.0,,28.4298,95.8776,2010-05-31,524.8622436523438,10.550423622131348,307.4333801269531,11790.0,10.0,1.033973217010498,3.306497097015381,25.406718730926517,77.12549543380737,296.62395945191383,14.500857594797584,28.5,96.0,True,1,landslide_event
183.0,,23.7527,92.694,2010-09-16,796.3433227539062,34.4484748840332,53.18932723999024,3665.0,10.0,22.77785301208496,55.6202278137207,97.70793318748474,244.52231168746948,436.8615756034851,5.596632597089686,23.75,92.75,True,1,landslide_event
153.0,,26.5836,93.0038,2011-07-24,67.93389892578125,2.0677976608276367,39.95708084106445,3637.0,40.0,4.675419807434082,25.667008876800537,68.68645131587982,187.92806634306908,300.48267552256584,9.314075260884248,26.5,93.0,True,1,landslide_event
229.0,,26.1028,91.8806,2015-08-22,113.28022003173828,17.60340690612793,123.4119110107422,3814.0,30.0,2.856663942337036,34.00493550300598,135.37348580360413,187.6435758471489,274.6263852119446,16.520886587527958,26.0,92.0,True,1,landslide_event
,109.0,25.19411564780133,91.86765639066464,2015-06-19,460.4589538574219,15.263830184936523,165.73046875,3708.0,10.0,0.140334814786911,52.76563236117364,312.081979483366,1262.5579611957073,1718.2184472084045,13.249634465463972,25.25,91.75,True,0,background
165.0,,27.2743,92.9064,2011-07-16,644.3753051757812,18.432647705078125,270.1038513183594,11775.0,10.0,16.304025650024414,94.55690574645996,143.87315613031387,259.69406682252884,391.0672433376312,9.724676231818446,27.25,93.0,True,1,landslide_event
